SalesOrderID,RevisionNumber,OrderDate,DueDate,ShipDate,Status,OnlineOrderFlag,SalesOrderNumber,PurchaseOrderNumber,AccountNumber,CustomerID,ShipToAddressID,BillToAddressID,ShipMethod,CreditCardApprovalCode,SubTotal,TaxAmt,Freight,TotalDue,Comment,rowguid,ModifiedDate
71775,3,2024-09-16,2024-09-28,2024-09-27,5,False,SO71775,PO11287,10-4020-000326,427,92,77,OVERNIGHT J-FAST,,14046.2274,1123.6982,280.9245,15450.8501,,00000000-0000-0000-0000-000000000000,2026-09-03T11:32:30.452513
71776,1,2024-07-05,2024-07-21,2024-07-19,5,True,SO71776,PO36118,10-4020-000711,97,276,235,OVERNIGHT J-FAST,,14899.9892,1191.9991,297.9998,16389.9881,,00000000-0000-0000-0000-000000000000,2026-09-03T11:32:30.452535
71777,8,2024-07-19,2024-08-14,2024-07-24,5,True,SO71777,PO55934,10-4020-000652,573,116,177,XRQ - TRUCK GROUND-,,963.5614,77.0849,19.2712,1059.9175,,00000000-0000-0000-0000-000000000000,2026-09-03T11:32:30.452552
71778,5,2024-06-08,2024-06-24,2024-06-17,5,False,SO71778,PO58139,10-4020-000640,786,207,131,XRQ - TRUCK GROUND-,,13921.7985,1113.7439,278.436,15313.9784,,00000000-0000-0000-0000-000000000000,2026-09-03T11:32:30.452702
71779,4,2025-03-05,2025-03-14,2025-03-17,5,True,SO71779,PO23497,10-4020-000749,222,144,92,OVERNIGHT J-FAST,,9641.9104,771.3528,192.8382,10606.1014,,00000000-0000-0000-0000-000000000000,2026-09-03T11:32:30.452755
71780,7,2025-03-16,2025-04-02,2025-03-28,5,False,SO71780,PO90725,10-4020-000685,485,108,87,CARGO TRANSPORT 5,,1579.7158,126.3773,31.5943,1737.6874,,00000000-0000-0000-0000-000000000000,2026-09-03T11:32:30.452798
71781,2,2024-09-27,2024-10-23,2024-10-02,5,True,SO71781,PO31603,10-4020-000487,1,166,40,CARGO TRANSPORT 5,,14836.854,1186.9483,296.7371,16320.5394,,00000000-0000-0000-0000-000000000000,2026-09-03T11:32:30.452839
71782,8,2024-08-10,2024-08-30,2024-08-23,5,False,SO71782,PO52872,10-4020-000310,513,390,61,CARGO TRANSPORT 5,,7699.9937,615.9995,153.9999,8469.9931,,00000000-0000-0000-0000-000000000000,2026-09-03T11:32:30.452875
71783,7,2025-03-14,2025-04-12,2025-03-24,5,False,SO71783,PO50863,10-4020-000535,325,272,41,XRQ - TRUCK GROUND-,,5929.0376,474.323,118.5808,6521.9414,,00000000-0000-0000-0000-000000000000,2026-09-03T11:32:30.452890
71784,5,2024-09-18,2024-10-17,2024-09-23,5,False,SO71784,PO83464,10-4020-000453,502,356,404,OVERNIGHT J-FAST,,14332.6338,1146.6107,286.6527,15765.8972,,00000000-0000-0000-0000-000000000000,2026-09-03T11:32:30.452903
71785,7,2025-05-17,2025-06-13,2025-05-25,5,True,SO71785,PO13315,10-4020-000375,478,395,344,OVERNIGHT J-FAST,,1847.585,147.8068,36.9517,2032.3435,,00000000-0000-0000-0000-000000000000,2026-09-03T11:32:30.452917
71786,4,2025-01-04,2025-01-23,2025-01-12,5,True,SO71786,PO11398,10-4020-000201,453,185,270,CARGO TRANSPORT 5,,3246.0104,259.6808,64.9202,3570.6114,,00000000-0000-0000-0000-000000000000,2026-09-03T11:32:30.452930
71787,6,2024-06-03,2024-06-13,2024-06-11,5,False,SO71787,PO75902,10-4020-000014,622,140,18,XRQ - TRUCK GROUND-,,8813.5167,705.0813,176.2703,9694.8683,,00000000-0000-0000-0000-000000000000,2026-09-03T11:32:30.452943
71788,7,2024-10-19,2024-10-27,2024-11-02,5,False,SO71788,PO45936,10-4020-000641,59,293,422,CARGO TRANSPORT 5,,9643.0272,771.4422,192.8605,10607.3299,,00000000-0000-0000-0000-000000000000,2026-09-03T11:32:30.452959
71789,8,2025-01-28,2025-02-19,2025-02-02,5,False,SO71789,PO94875,10-4020-000769,559,414,54,CARGO TRANSPORT 5,,14958.6121,1196.689,299.1722,16454.4733,,00000000-0000-0000-0000-000000000000,2026-09-03T11:32:30.452972
71790,3,2024-12-07,2025-01-05,2024-12-21,5,True,SO71790,PO27255,10-4020-000085,430,428,434,CARGO TRANSPORT 5,,481.1127,38.489,9.6223,529.224,,00000000-0000-0000-0000-000000000000,2026-09-03T11:32:30.452985
71791,1,2024-06-29,2024-07-16,2024-07-03,5,False,SO71791,PO35451,10-4020-000671,629,378,9,OVERNIGHT J-FAST,,6678.5012,534.2801,133.57,7346.3513,,00000000-0000-0000-0000-000000000000,2026-09-03T11:32:30.452998
71792,6,2025-05-11,2025-06-09,2025-05-16,5,False,SO71792,PO77677,10-4020-000015,681,207,214,XRQ - TRUCK GROUND-,,12731.0389,1018.4831,254.6208,14004.1428,,00000000-0000-0000-0000-000000000000,2026-09-03T11:32:30.453012
71793,4,2025-05-09,2025-06-01,2025-05-14,5,False,SO71793,PO21005,10-4020-000177,455,23,142,XRQ - TRUCK GROUND-,,969.1769,77.5342,19.3835,1066.0946,,00000000-0000-0000-0000-000000000000,2026-09-03T11:32:30.453025
71794,7,2024-09-10,2024-09-22,2024-09-23,5,True,SO71794,PO50784,10-4020-000281,575,180,61,OVERNIGHT J-FAST,,10346.3148,827.7052,206.9263,11380.9463,,00000000-0000-0000-0000-000000000000,2026-09-03T11:32:30.453039
71795,2,2025-01-25,2025-02-19,2025-02-04,5,True,SO71795,PO25238,10-4020-000093,187,374,45,CARGO TRANSPORT 5,,8544.1903,683.5352,170.8838,9398.6093,,00000000-0000-0000-0000-000000000000,2026-09-03T11:32:30.453051
71796,1,2024-11-10,2024-11-22,2024-11-13,5,True,SO71796,PO93616,10-4020-000384,472,42,450,XRQ - TRUCK GROUND-,,8887.6705,711.0136,177.7534,9776.4375,,00000000-0000-0000-0000-000000000000,2026-09-03T11:32:30.453063
71797,4,2024-10-05,2024-11-04,2024-10-19,5,True,SO71797,PO50696,10-4020-000055,389,362,147,CARGO TRANSPORT 5,,4651.3457,372.1077,93.0269,5116.4803,,00000000-0000-0000-0000-000000000000,2026-09-03T11:32:30.453075
71798,6,2024-10-21,2024-11-10,2024-10-27,5,True,SO71798,PO45756,10-4020-000205,182,152,133,XRQ - TRUCK GROUND-,,2149.3698,171.9496,42.9874,2364.3068,,00000000-0000-0000-0000-000000000000,2026-09-03T11:32:30.453087
71799,8,2025-01-12,2025-01-30,2025-01-24,5,False,SO71799,PO55725,10-4020-000791,658,268,231,XRQ - TRUCK GROUND-,,4004.9499,320.396,80.099,4405.4449,,00000000-0000-0000-0000-000000000000,2026-09-03T11:32:30.453099
71800,1,2025-05-18,2025-06-12,2025-05-27,5,True,SO71800,PO80510,10-4020-000583,216,360,223,OVERNIGHT J-FAST,,12484.3701,998.7496,249.6874,13732.8071,,00000000-0000-0000-0000-000000000000,2026-09-03T11:32:30.453112
71801,5,2025-04-27,2025-05-10,2025-05-05,5,False,SO71801,PO21895,10-4020-000526,792,108,133,CARGO TRANSPORT 5,,12173.0794,973.8464,243.4616,13390.3874,,00000000-0000-0000-0000-000000000000,2026-09-03T11:32:30.453125
71802,2,2025-01-26,2025-02-18,2025-02-08,5,True,SO71802,PO72286,10-4020-000144,479,301,166,OVERNIGHT J-FAST,,3949.6464,315.9717,78.9929,4344.611,,00000000-0000-0000-0000-000000000000,2026-09-03T11:32:30.453138
71803,1,2025-03-16,2025-04-02,2025-03-30,5,True,SO71803,PO92506,10-4020-000368,9,82,216,OVERNIGHT J-FAST,,5699.7568,455.9805,113.9951,6269.7324,,00000000-0000-0000-0000-000000000000,2026-09-03T11:32:30.453150
71804,2,2024-11-19,2024-12-01,2024-11-27,5,False,SO71804,PO31331,10-4020-000479,560,96,386,CARGO TRANSPORT 5,,5083.244,406.6595,101.6649,5591.5684,,00000000-0000-0000-0000-000000000000,2026-09-03T11:32:30.453164
71805,8,2025-01-11,2025-02-05,2025-01-23,5,False,SO71805,PO62341,10-4020-000485,250,130,371,OVERNIGHT J-FAST,,12147.8589,971.8287,242.9572,13362.6448,,00000000-0000-0000-0000-000000000000,2026-09-03T11:32:30.453176
71806,7,2025-04-04,2025-04-20,2025-04-07,5,True,SO71806,PO76448,10-4020-000111,432,219,397,OVERNIGHT J-FAST,,5101.28,408.1024,102.0256,5611.408,,00000000-0000-0000-0000-000000000000,2026-09-03T11:32:30.453189
71807,1,2025-03-23,2025-04-04,2025-04-03,5,True,SO71807,PO49397,10-4020-000612,715,269,102,XRQ - TRUCK GROUND-,,6041.2144,483.2972,120.8243,6645.3359,,00000000-0000-0000-0000-000000000000,2026-09-03T11:32:30.453202
71808,6,2024-08-11,2024-08-19,2024-08-15,5,False,SO71808,PO28541,10-4020-000821,355,235,203,CARGO TRANSPORT 5,,1991.8679,159.3494,39.8374,2191.0547,,00000000-0000-0000-0000-000000000000,2026-09-03T11:32:30.453214
71809,3,2025-01-22,2025-02-04,2025-01-27,5,False,SO71809,PO50308,10-4020-000083,190,121,440,CARGO TRANSPORT 5,,62.606,5.0085,1.2521,68.8666,,00000000-0000-0000-0000-000000000000,2026-09-03T11:32:30.453227
71810,4,2025-01-10,2025-01-21,2025-01-23,5,False,SO71810,PO10648,10-4020-000489,164,177,52,OVERNIGHT J-FAST,,1397.9951,111.8396,27.9599,1537.7946,,00000000-0000-0000-0000-000000000000,2026-09-03T11:32:30.453238
71811,4,2025-03-09,2025-03-31,2025-03-22,5,False,SO71811,PO70749,10-4020-000724,249,391,50,OVERNIGHT J-FAST,,10317.4573,825.3966,206.3491,11349.203,,00000000-0000-0000-0000-000000000000,2026-09-03T11:32:30.453250
71812,3,2024-08-05,2024-08-24,2024-08-13,5,False,SO71812,PO98440,10-4020-000748,435,306,202,XRQ - TRUCK GROUND-,,4809.4326,384.7546,96.1887,5290.3759,,00000000-0000-0000-0000-000000000000,2026-09-03T11:32:30.453262
71813,1,2024-07-07,2024-07-21,2024-07-19,5,True,SO71813,PO40822,10-4020-000378,371,175,257,CARGO TRANSPORT 5,,5235.6644,418.8532,104.7133,5759.2309,,00000000-0000-0000-0000-000000000000,2026-09-03T11:32:30.453274
71814,7,2025-04-09,2025-04-18,2025-04-22,5,True,SO71814,PO28098,10-4020-000512,193,23,109,OVERNIGHT J-FAST,,9007.5944,720.6076,180.1519,9908.3539,,00000000-0000-0000-0000-000000000000,2026-09-03T11:32:30.453286
71815,7,2025-01-09,2025-02-05,2025-01-14,5,False,SO71815,PO29758,10-4020-000292,319,199,346,OVERNIGHT J-FAST,,1438.1128,115.049,28.7623,1581.9241,,00000000-0000-0000-0000-000000000000,2026-09-03T11:32:30.453297
71816,7,2024-06-18,2024-06-30,2024-06-23,5,False,SO71816,PO99435,10-4020-000530,109,239,413,CARGO TRANSPORT 5,,3952.2415,316.1793,79.0448,4347.4656,,00000000-0000-0000-0000-000000000000,2026-09-03T11:32:30.453309
71817,2,2024-11-25,2024-12-22,2024-12-04,5,True,SO71817,PO31087,10-4020-000327,132,295,260,OVERNIGHT J-FAST,,10306.681,824.5345,206.1336,11337.3491,,00000000-0000-0000-0000-000000000000,2026-09-03T11:32:30.453322
71818,8,2025-05-18,2025-06-14,2025-05-31,5,False,SO71818,PO65372,10-4020-000790,56,156,218,OVERNIGHT J-FAST,,6847.6464,547.8117,136.9529,7532.411,,00000000-0000-0000-0000-000000000000,2026-09-03T11:32:30.453334
71819,8,2025-04-21,2025-05-14,2025-04-29,5,False,SO71819,PO53917,10-4020-000548,374,58,403,CARGO TRANSPORT 5,,1783.5784,142.6863,35.6716,1961.9363,,00000000-0000-0000-0000-000000000000,2026-09-03T11:32:30.453346
71820,7,2025-01-04,2025-02-01,2025-01-08,5,True,SO71820,PO10911,10-4020-000346,725,303,133,CARGO TRANSPORT 5,,7999.0888,639.9271,159.9818,8798.9977,,00000000-0000-0000-0000-000000000000,2026-09-03T11:32:30.453358
71821,8,2025-02-19,2025-03-11,2025-02-22,5,False,SO71821,PO46924,10-4020-000041,125,445,251,OVERNIGHT J-FAST,,12201.8849,976.1508,244.0377,13422.0734,,00000000-0000-0000-0000-000000000000,2026-09-03T11:32:30.453370
71822,6,2024-12-05,2024-12-20,2024-12-14,5,False,SO71822,PO98473,10-4020-000304,786,420,13,XRQ - TRUCK GROUND-,,798.599,63.8879,15.972,878.4589,,00000000-0000-0000-0000-000000000000,2026-09-03T11:32:30.453382
71823,6,2024-10-15,2024-11-04,2024-10-18,5,False,SO71823,PO52550,10-4020-000305,652,19,306,CARGO TRANSPORT 5,,2721.9863,217.7589,54.4397,2994.1849,,00000000-0000-0000-0000-000000000000,2026-09-03T11:32:30.453394
71824,7,2024-11-30,2024-12-14,2024-12-05,5,True,SO71824,PO80121,10-4020-000097,130,373,75,XRQ - TRUCK GROUND-,,10991.9695,879.3576,219.8394,12091.1665,,00000000-0000-0000-0000-000000000000,2026-09-03T11:32:30.453405
71825,5,2025-02-08,2025-02-26,2025-02-18,5,True,SO71825,PO78623,10-4020-000583,470,21,40,OVERNIGHT J-FAST,,6494.9532,519.5963,129.8991,7144.4486,,00000000-0000-0000-0000-000000000000,2026-09-03T11:32:30.453418
71826,2,2024-12-08,2024-12-27,2024-12-19,5,True,SO71826,PO54272,10-4020-000653,768,155,217,OVERNIGHT J-FAST,,622.3963,49.7917,12.4479,684.6359,,00000000-0000-0000-0000-000000000000,2026-09-03T11:32:30.453429
71827,5,2024-06-12,2024-07-12,2024-06-25,5,True,SO71827,PO66811,10-4020-000120,813,99,293,OVERNIGHT J-FAST,,2799.7588,223.9807,55.9952,3079.7347,,00000000-0000-0000-0000-000000000000,2026-09-03T11:32:30.453441
71828,4,2024-11-03,2024-12-02,2024-11-06,5,False,SO71828,PO85148,10-4020-000485,221,390,224,OVERNIGHT J-FAST,,9252.943,740.2354,185.0589,10178.2373,,00000000-0000-0000-0000-000000000000,2026-09-03T11:32:30.453454
71829,5,2025-05-19,2025-06-11,2025-06-01,5,True,SO71829,PO89249,10-4020-000409,186,348,146,OVERNIGHT J-FAST,,11685.7192,934.8575,233.7144,12854.2911,,00000000-0000-0000-0000-000000000000,2026-09-03T11:32:30.453466
71830,1,2024-06-03,2024-06-23,2024-06-16,5,True,SO71830,PO46014,10-4020-000274,474,307,405,XRQ - TRUCK GROUND-,,6137.3827,490.9906,122.7477,6751.121,,00000000-0000-0000-0000-000000000000,2026-09-03T11:32:30.453478
71831,4,2024-11-10,2024-11-17,2024-11-24,5,False,SO71831,PO38974,10-4020-000066,627,148,373,XRQ - TRUCK GROUND-,,1502.3581,120.1886,30.0472,1652.5939,,00000000-0000-0000-0000-000000000000,2026-09-03T11:32:30.453491
71832,7,2025-04-08,2025-05-05,2025-04-20,5,False,SO71832,PO80969,10-4020-000399,488,286,7,OVERNIGHT J-FAST,,12413.2759,993.0621,248.2655,13654.6035,,00000000-0000-0000-0000-000000000000,2026-09-03T11:32:30.453507
71833,8,2024-11-22,2024-12-03,2024-12-02,5,False,SO71833,PO37608,10-4020-000546,715,88,345,OVERNIGHT J-FAST,,4828.66,386.2928,96.5732,5311.526,,00000000-0000-0000-0000-000000000000,2026-09-03T11:32:30.453521
71834,2,2024-10-09,2024-11-05,2024-10-19,5,False,SO71834,PO20891,10-4020-000213,766,272,190,OVERNIGHT J-FAST,,6073.9265,485.9141,121.4785,6681.3191,,00000000-0000-0000-0000-000000000000,2026-09-03T11:32:30.453534
71835,8,2024-10-28,2024-11-25,2024-11-07,5,True,SO71835,PO30434,10-4020-000640,599,86,320,OVERNIGHT J-FAST,,11275.3199,902.0256,225.5064,12402.8519,,00000000-0000-0000-0000-000000000000,2026-09-03T11:32:30.453546
71836,1,2025-03-17,2025-04-02,2025-03-28,5,False,SO71836,PO40765,10-4020-000385,551,68,194,XRQ - TRUCK GROUND-,,6501.3853,520.1108,130.0277,7151.5238,,00000000-0000-0000-0000-000000000000,2026-09-03T11:32:30.453570
71837,4,2024-08-03,2024-08-16,2024-08-07,5,False,SO71837,PO33412,10-4020-000163,786,399,377,OVERNIGHT J-FAST,,1499.8483,119.9879,29.997,1649.8332,,00000000-0000-0000-0000-000000000000,2026-09-03T11:32:30.453583
71838,4,2025-03-09,2025-03-29,2025-03-21,5,False,SO71838,PO51864,10-4020-000789,372,323,55,XRQ - TRUCK GROUND-,,6157.317,492.5854,123.1463,6773.0487,,00000000-0000-0000-0000-000000000000,2026-09-03T11:32:30.453595
71839,6,2025-05-18,2025-06-10,2025-05-29,5,False,SO71839,PO39504,10-4020-000414,507,388,238,OVERNIGHT J-FAST,,14405.579,1152.4463,288.1116,15846.1369,,00000000-0000-0000-0000-000000000000,2026-09-03T11:32:30.453608
71840,3,2025-01-17,2025-02-05,2025-01-24,5,True,SO71840,PO79817,10-4020-000850,343,391,238,XRQ - TRUCK GROUND-,,2396.6687,191.7335,47.9334,2636.3356,,00000000-0000-0000-0000-000000000000,2026-09-03T11:32:30.453622
71841,2,2024-08-28,2024-09-16,2024-09-09,5,False,SO71841,PO64823,10-4020-000421,194,326,15,XRQ - TRUCK GROUND-,,10266.1091,821.2887,205.3222,11292.72,,00000000-0000-0000-0000-000000000000,2026-09-03T11:32:30.454056
71842,2,2024-09-23,2024-10-19,2024-10-05,5,False,SO71842,PO12992,10-4020-000333,625,128,86,XRQ - TRUCK GROUND-,,2121.652,169.7322,42.433,2333.8172,,00000000-0000-0000-0000-000000000000,2026-09-03T11:32:30.454077
71843,2,2025-04-17,2025-05-05,2025-04-20,5,False,SO71843,PO82359,10-4020-000524,198,436,83,OVERNIGHT J-FAST,,7105.1075,568.4086,142.1021,7815.6182,,00000000-0000-0000-0000-000000000000,2026-09-03T11:32:30.454092
71844,4,2024-12-06,2024-12-18,2024-12-16,5,True,SO71844,PO52300,10-4020-000136,301,34,16,CARGO TRANSPORT 5,,10859.7486,868.7799,217.195,11945.7235,,00000000-0000-0000-0000-000000000000,2026-09-03T11:32:30.454106
71845,4,2025-03-23,2025-04-20,2025-04-04,5,False,SO71845,PO41704,10-4020-000816,182,237,257,XRQ - TRUCK GROUND-,,6944.6348,555.5708,138.8927,7639.0983,,00000000-0000-0000-0000-000000000000,2026-09-03T11:32:30.454119
71846,6,2024-07-27,2024-08-08,2024-08-02,5,False,SO71846,PO19154,10-4020-000008,767,17,350,XRQ - TRUCK GROUND-,,12065.1203,965.2096,241.3024,13271.6323,,00000000-0000-0000-0000-000000000000,2026-09-03T11:32:30.454133
71847,8,2024-12-26,2025-01-14,2024-12-30,5,False,SO71847,PO44082,10-4020-000734,551,62,367,XRQ - TRUCK GROUND-,,13012.5876,1041.007,260.2518,14313.8464,,00000000-0000-0000-0000-000000000000,2026-09-03T11:32:30.454147
71848,1,2025-04-28,2025-05-19,2025-05-08,5,True,SO71848,PO48399,10-4020-000832,408,425,422,XRQ - TRUCK GROUND-,,14838.6718,1187.0937,296.7734,16322.5389,,00000000-0000-0000-0000-000000000000,2026-09-03T11:32:30.454160
71849,8,2024-06-21,2024-07-11,2024-06-25,5,True,SO71849,PO29134,10-4020-000269,777,423,297,CARGO TRANSPORT 5,,5482.4304,438.5944,109.6486,6030.6734,,00000000-0000-0000-0000-000000000000,2026-09-03T11:32:30.454173
71850,6,2024-08-26,2024-09-06,2024-09-01,5,False,SO71850,PO37536,10-4020-000271,100,169,329,XRQ - TRUCK GROUND-,,5528.6444,442.2916,110.5729,6081.5089,,00000000-0000-0000-0000-000000000000,2026-09-03T11:32:30.454186
71851,8,2024-07-08,2024-07-22,2024-07-15,5,False,SO71851,PO48704,10-4020-000706,456,170,404,OVERNIGHT J-FAST,,6900.7182,552.0575,138.0144,7590.7901,,00000000-0000-0000-0000-000000000000,2026-09-03T11:32:30.454198
71852,5,2025-05-25,2025-06-20,2025-05-28,5,True,SO71852,PO29401,10-4020-000535,296,14,114,OVERNIGHT J-FAST,,3905.9303,312.4744,78.1186,4296.5233,,00000000-0000-0000-0000-000000000000,2026-09-03T11:32:30.454212
71853,5,2025-03-16,2025-04-01,2025-03-30,5,True,SO71853,PO84401,10-4020-000650,313,244,366,OVERNIGHT J-FAST,,5472.7273,437.8182,109.4545,6020.0,,00000000-0000-0000-0000-000000000000,2026-09-03T11:32:30.454225
71854,3,2025-05-11,2025-05-22,2025-05-23,5,False,SO71854,PO60361,10-4020-000264,653,117,15,CARGO TRANSPORT 5,,4458.4503,356.676,89.169,4904.2953,,00000000-0000-0000-0000-000000000000,2026-09-03T11:32:30.454237
71855,1,2025-03-26,2025-04-10,2025-04-03,5,False,SO71855,PO72517,10-4020-000634,175,177,330,CARGO TRANSPORT 5,,4579.2007,366.3361,91.584,5037.1208,,00000000-0000-0000-0000-000000000000,2026-09-03T11:32:30.454251
71856,6,2025-03-28,2025-04-20,2025-04-05,5,False,SO71856,PO73602,10-4020-000664,174,446,269,OVERNIGHT J-FAST,,12796.5266,1023.7221,255.9305,14076.1792,,00000000-0000-0000-0000-000000000000,2026-09-03T11:32:30.454264
71857,7,2024-08-29,2024-09-05,2024-09-11,5,True,SO71857,PO54874,10-4020-000231,317,106,115,CARGO TRANSPORT 5,,7285.7764,582.8621,145.7155,8014.354,,00000000-0000-0000-0000-000000000000,2026-09-03T11:32:30.454277
71858,2,2024-10-21,2024-11-17,2024-10-27,5,False,SO71858,PO75377,10-4020-000471,584,327,7,XRQ - TRUCK GROUND-,,9149.1865,731.9349,182.9837,10064.1051,,00000000-0000-0000-0000-000000000000,2026-09-03T11:32:30.454290
71859,4,2025-02-24,2025-03-14,2025-03-09,5,True,SO71859,PO62231,10-4020-000642,102,169,260,CARGO TRANSPORT 5,,13477.1134,1078.1691,269.5423,14824.8248,,00000000-0000-0000-0000-000000000000,2026-09-03T11:32:30.454303
71860,2,2024-10-17,2024-10-25,2024-10-27,5,True,SO71860,PO42072,10-4020-000263,817,379,94,XRQ - TRUCK GROUND-,,8321.603,665.7282,166.4321,9153.7633,,00000000-0000-0000-0000-000000000000,2026-09-03T11:32:30.454315
71861,4,2025-04-30,2025-05-29,2025-05-14,5,False,SO71861,PO33256,10-4020-000042,624,137,283,OVERNIGHT J-FAST,,12869.963,1029.597,257.3993,14156.9593,,00000000-0000-0000-0000-000000000000,2026-09-03T11:32:30.454328
71862,2,2024-07-17,2024-07-28,2024-07-28,5,False,SO71862,PO17977,10-4020-000213,234,125,300,XRQ - TRUCK GROUND-,,11159.5012,892.7601,223.19,12275.4513,,00000000-0000-0000-0000-000000000000,2026-09-03T11:32:30.454340
71863,1,2025-01-31,2025-02-17,2025-02-13,5,True,SO71863,PO35745,10-4020-000490,120,227,43,OVERNIGHT J-FAST,,6990.8558,559.2685,139.8171,7689.9414,,00000000-0000-0000-0000-000000000000,2026-09-03T11:32:30.454352
71864,4,2024-09-10,2024-10-06,2024-09-20,5,False,SO71864,PO84623,10-4020-000010,596,221,441,CARGO TRANSPORT 5,,1543.1448,123.4516,30.8629,1697.4593,,00000000-0000-0000-0000-000000000000,2026-09-03T11:32:30.454364
71865,4,2025-01-13,2025-02-07,2025-01-26,5,False,SO71865,PO10064,10-4020-000258,773,209,308,OVERNIGHT J-FAST,,11672.0682,933.7655,233.4414,12839.2751,,00000000-0000-0000-0000-000000000000,2026-09-03T11:32:30.454376
71866,6,2025-02-08,2025-03-03,2025-02-18,5,False,SO71866,PO94578,10-4020-000307,271,445,273,CARGO TRANSPORT 5,,9485.3665,758.8293,189.7073,10433.9031,,00000000-0000-0000-0000-000000000000,2026-09-03T11:32:30.454388
71867,5,2024-11-22,2024-12-19,2024-12-02,5,True,SO71867,PO33878,10-4020-000500,7,164,261,OVERNIGHT J-FAST,,4165.5608,333.2449,83.3112,4582.1169,,00000000-0000-0000-0000-000000000000,2026-09-03T11:32:30.454401
71868,2,2025-02-09,2025-03-01,2025-02-22,5,False,SO71868,PO22395,10-4020-000454,351,327,352,XRQ - TRUCK GROUND-,,2488.8066,199.1045,49.7761,2737.6872,,00000000-0000-0000-0000-000000000000,2026-09-03T11:32:30.454414
71869,2,2024-09-02,2024-09-16,2024-09-08,5,False,SO71869,PO75769,10-4020-000313,328,393,272,OVERNIGHT J-FAST,,2944.2528,235.5402,58.8851,3238.6781,,00000000-0000-0000-0000-000000000000,2026-09-03T11:32:30.454426
71870,4,2024-07-23,2024-08-17,2024-08-05,5,True,SO71870,PO52436,10-4020-000161,197,393,203,CARGO TRANSPORT 5,,10286.9575,822.9566,205.7392,11315.6533,,00000000-0000-0000-0000-000000000000,2026-09-03T11:32:30.454439
71871,3,2024-08-20,2024-09-06,2024-08-31,5,False,SO71871,PO95654,10-4020-000610,808,214,400,XRQ - TRUCK GROUND-,,9171.3423,733.7074,183.4268,10088.4765,,00000000-0000-0000-0000-000000000000,2026-09-03T11:32:30.454451
71872,5,2024-10-16,2024-11-07,2024-10-23,5,False,SO71872,PO29003,10-4020-000314,342,373,182,XRQ - TRUCK GROUND-,,3469.4178,277.5534,69.3884,3816.3596,,00000000-0000-0000-0000-000000000000,2026-09-03T11:32:30.454463
71873,7,2024-11-09,2024-12-04,2024-11-18,5,False,SO71873,PO10743,10-4020-000781,414,29,210,OVERNIGHT J-FAST,,6773.1327,541.8506,135.4627,7450.446,,00000000-0000-0000-0000-000000000000,2026-09-03T11:32:30.454826
71874,8,2025-04-27,2025-05-12,2025-04-30,5,True,SO71874,PO37342,10-4020-000678,734,132,151,OVERNIGHT J-FAST,,12090.2928,967.2234,241.8059,13299.3221,,00000000-0000-0000-0000-000000000000,2026-09-03T11:32:30.454937
71875,7,2024-06-13,2024-06-30,2024-06-24,5,True,SO71875,PO38177,10-4020-000633,516,226,439,OVERNIGHT J-FAST,,4861.5946,388.9276,97.2319,5347.7541,,00000000-0000-0000-0000-000000000000,2026-09-03T11:32:30.454952
71876,3,2024-07-25,2024-08-11,2024-08-08,5,False,SO71876,PO87717,10-4020-000482,48,400,338,OVERNIGHT J-FAST,,1162.6824,93.0146,23.2536,1278.9506,,00000000-0000-0000-0000-000000000000,2026-09-03T11:32:30.454966
71877,8,2025-05-19,2025-06-02,2025-05-26,5,False,SO71877,PO17774,10-4020-000104,58,328,176,OVERNIGHT J-FAST,,14397.989,1151.8391,287.9598,15837.7879,,00000000-0000-0000-0000-000000000000,2026-09-03T11:32:30.454979
71878,5,2025-03-03,2025-03-13,2025-03-13,5,True,SO71878,PO19697,10-4020-000333,794,376,212,CARGO TRANSPORT 5,,5573.26,445.8608,111.4652,6130.586,,00000000-0000-0000-0000-000000000000,2026-09-03T11:32:30.455145
71879,4,2024-08-17,2024-09-10,2024-08-21,5,False,SO71879,PO42142,10-4020-000336,587,280,391,XRQ - TRUCK GROUND-,,8867.6343,709.4107,177.3527,9754.3977,,00000000-0000-0000-0000-000000000000,2026-09-03T11:32:30.455159
71880,5,2024-10-12,2024-11-10,2024-10-15,5,True,SO71880,PO18913,10-4020-000805,717,365,379,OVERNIGHT J-FAST,,8372.2828,669.7826,167.4457,9209.5111,,00000000-0000-0000-0000-000000000000,2026-09-03T11:32:30.455171
71881,8,2024-12-02,2025-01-01,2024-12-08,5,True,SO71881,PO52109,10-4020-000480,234,236,186,OVERNIGHT J-FAST,,13581.2973,1086.5038,271.6259,14939.427,,00000000-0000-0000-0000-000000000000,2026-09-03T11:32:30.455184
71882,5,2024-09-10,2024-09-25,2024-09-22,5,True,SO71882,PO28385,10-4020-000123,658,211,219,OVERNIGHT J-FAST,,10181.1486,814.4919,203.623,11199.2635,,00000000-0000-0000-0000-000000000000,2026-09-03T11:32:30.455195
71883,1,2025-02-05,2025-02-28,2025-02-13,5,True,SO71883,PO84149,10-4020-000448,33,259,448,OVERNIGHT J-FAST,,11981.5501,958.524,239.631,13179.7051,,00000000-0000-0000-0000-000000000000,2026-09-03T11:32:30.455208
71884,6,2025-03-03,2025-03-30,2025-03-07,5,True,SO71884,PO84095,10-4020-000095,572,400,58,XRQ - TRUCK GROUND-,,7405.5416,592.4433,148.1108,8146.0957,,00000000-0000-0000-0000-000000000000,2026-09-03T11:32:30.455222
71885,2,2024-08-21,2024-09-15,2024-08-31,5,True,SO71885,PO19579,10-4020-000786,701,221,419,OVERNIGHT J-FAST,,11988.9351,959.1148,239.7787,13187.8286,,00000000-0000-0000-0000-000000000000,2026-09-03T11:32:30.455235
71886,3,2025-01-25,2025-02-21,2025-02-02,5,True,SO71886,PO33812,10-4020-000664,590,174,233,XRQ - TRUCK GROUND-,,6796.7644,543.7412,135.9353,7476.4409,,00000000-0000-0000-0000-000000000000,2026-09-03T11:32:30.455246
71887,7,2025-05-21,2025-05-28,2025-05-30,5,False,SO71887,PO10832,10-4020-000639,849,200,10,CARGO TRANSPORT 5,,11104.9062,888.3925,222.0981,12215.3968,,00000000-0000-0000-0000-000000000000,2026-09-03T11:32:30.455259
71888,3,2024-09-24,2024-10-09,2024-09-30,5,False,SO71888,PO79778,10-4020-000469,670,341,103,XRQ - TRUCK GROUND-,,4869.6454,389.5716,97.3929,5356.6099,,00000000-0000-0000-0000-000000000000,2026-09-03T11:32:30.455271
71889,3,2024-11-29,2024-12-12,2024-12-04,5,True,SO71889,PO50433,10-4020-000186,104,14,274,XRQ - TRUCK GROUND-,,13403.9909,1072.3193,268.0798,14744.39,,00000000-0000-0000-0000-000000000000,2026-09-03T11:32:30.455315
71890,6,2024-06-21,2024-06-30,2024-06-29,5,False,SO71890,PO40160,10-4020-000674,214,104,156,CARGO TRANSPORT 5,,11702.9751,936.238,234.0595,12873.2726,,00000000-0000-0000-0000-000000000000,2026-09-03T11:32:30.455332
71891,4,2025-01-04,2025-01-17,2025-01-12,5,True,SO71891,PO27997,10-4020-000451,127,428,193,CARGO TRANSPORT 5,,14865.5042,1189.2403,297.3101,16352.0546,,00000000-0000-0000-0000-000000000000,2026-09-03T11:32:30.455345
71892,4,2025-01-14,2025-02-02,2025-01-17,5,False,SO71892,PO67481,10-4020-000409,204,106,395,OVERNIGHT J-FAST,,13019.6152,1041.5692,260.3923,14321.5767,,00000000-0000-0000-0000-000000000000,2026-09-03T11:32:30.455357
71893,2,2025-03-30,2025-04-11,2025-04-10,5,True,SO71893,PO31349,10-4020-000775,215,62,251,XRQ - TRUCK GROUND-,,12226.7663,978.1413,244.5353,13449.4429,,00000000-0000-0000-0000-000000000000,2026-09-03T11:32:30.455370
71894,6,2025-04-06,2025-04-26,2025-04-12,5,True,SO71894,PO21900,10-4020-000819,520,185,245,OVERNIGHT J-FAST,,5407.9358,432.6349,108.1587,5948.7294,,00000000-0000-0000-0000-000000000000,2026-09-03T11:32:30.455382
71895,8,2025-02-16,2025-02-23,2025-02-19,5,False,SO71895,PO65052,10-4020-000410,103,182,185,OVERNIGHT J-FAST,,1724.2858,137.9429,34.4857,1896.7144,,00000000-0000-0000-0000-000000000000,2026-09-03T11:32:30.455395
71896,5,2024-07-04,2024-07-18,2024-07-18,5,True,SO71896,PO95253,10-4020-000660,830,200,449,OVERNIGHT J-FAST,,6540.5258,523.2421,130.8105,7194.5784,,00000000-0000-0000-0000-000000000000,2026-09-03T11:32:30.455407
71897,5,2024-06-09,2024-07-09,2024-06-22,5,False,SO71897,PO15946,10-4020-000145,255,91,290,CARGO TRANSPORT 5,,14272.0717,1141.7657,285.4414,15699.2788,,00000000-0000-0000-0000-000000000000,2026-09-03T11:32:30.455419
71898,3,2024-08-05,2024-09-03,2024-08-15,5,True,SO71898,PO18019,10-4020-000611,822,108,444,XRQ - TRUCK GROUND-,,7803.3992,624.2719,156.068,8583.7391,,00000000-0000-0000-0000-000000000000,2026-09-03T11:32:30.455431
71899,7,2025-05-05,2025-05-17,2025-05-14,5,True,SO71899,PO32890,10-4020-000532,156,380,415,XRQ - TRUCK GROUND-,,4431.6145,354.5292,88.6323,4874.776,,00000000-0000-0000-0000-000000000000,2026-09-03T11:32:30.455443
71900,2,2024-09-01,2024-09-13,2024-09-04,5,False,SO71900,PO36748,10-4020-000314,414,321,192,OVERNIGHT J-FAST,,5507.7668,440.6213,110.1553,6058.5434,,00000000-0000-0000-0000-000000000000,2026-09-03T11:32:30.455455
71901,1,2025-04-15,2025-05-02,2025-04-18,5,False,SO71901,PO14485,10-4020-000753,148,209,24,XRQ - TRUCK GROUND-,,4850.0374,388.003,97.0007,5335.0411,,00000000-0000-0000-0000-000000000000,2026-09-03T11:32:30.455468
71902,3,2024-12-11,2024-12-23,2024-12-15,5,True,SO71902,PO55700,10-4020-000229,95,215,34,CARGO TRANSPORT 5,,11449.4093,915.9527,228.9882,12594.3502,,00000000-0000-0000-0000-000000000000,2026-09-03T11:32:30.455480
71903,7,2025-01-30,2025-02-23,2025-02-09,5,True,SO71903,PO89071,10-4020-000829,653,1,160,OVERNIGHT J-FAST,,6993.2781,559.4622,139.8656,7692.6059,,00000000-0000-0000-0000-000000000000,2026-09-03T11:32:30.455492
71904,5,2025-01-27,2025-02-07,2025-02-04,5,False,SO71904,PO90427,10-4020-000685,734,50,245,OVERNIGHT J-FAST,,13498.2574,1079.8606,269.9651,14848.0831,,00000000-0000-0000-0000-000000000000,2026-09-03T11:32:30.455505
71905,4,2025-03-20,2025-04-12,2025-03-25,5,True,SO71905,PO39563,10-4020-000676,85,381,49,XRQ - TRUCK GROUND-,,2984.4921,238.7594,59.6898,3282.9413,,00000000-0000-0000-0000-000000000000,2026-09-03T11:32:30.455517
71906,2,2024-12-24,2025-01-07,2024-12-30,5,False,SO71906,PO34199,10-4020-000748,676,155,169,XRQ - TRUCK GROUND-,,4270.3817,341.6305,85.4076,4697.4198,,00000000-0000-0000-0000-000000000000,2026-09-03T11:32:30.455529
71907,5,2025-01-23,2025-02-03,2025-01-31,5,False,SO71907,PO59121,10-4020-000678,149,297,378,CARGO TRANSPORT 5,,10041.9276,803.3542,200.8386,11046.1204,,00000000-0000-0000-0000-000000000000,2026-09-03T11:32:30.455541
71908,4,2024-12-15,2024-12-27,2024-12-18,5,True,SO71908,PO93182,10-4020-000035,814,122,83,OVERNIGHT J-FAST,,9496.6094,759.7288,189.9322,10446.2704,,00000000-0000-0000-0000-000000000000,2026-09-03T11:32:30.455553
71909,8,2024-11-13,2024-12-05,2024-11-21,5,True,SO71909,PO92406,10-4020-000837,592,208,232,CARGO TRANSPORT 5,,225.102,18.0082,4.502,247.6122,,00000000-0000-0000-0000-000000000000,2026-09-03T11:32:30.455565
71910,8,2025-01-19,2025-01-29,2025-02-02,5,False,SO71910,PO95912,10-4020-000787,527,173,173,CARGO TRANSPORT 5,,9338.6228,747.0898,186.7725,10272.4851,,00000000-0000-0000-0000-000000000000,2026-09-03T11:32:30.455576
71911,8,2024-10-09,2024-11-02,2024-10-19,5,True,SO71911,PO97557,10-4020-000351,782,266,135,CARGO TRANSPORT 5,,5147.6958,411.8157,102.9539,5662.4654,,00000000-0000-0000-0000-000000000000,2026-09-03T11:32:30.455589
71912,1,2024-12-05,2024-12-29,2024-12-10,5,True,SO71912,PO39769,10-4020-000469,850,57,62,XRQ - TRUCK GROUND-,,6426.3921,514.1114,128.5278,7069.0313,,00000000-0000-0000-0000-000000000000,2026-09-03T11:32:30.455600
71913,6,2025-05-31,2025-06-16,2025-06-10,5,False,SO71913,PO82521,10-4020-000085,517,94,204,XRQ - TRUCK GROUND-,,4470.9158,357.6733,89.4183,4918.0074,,00000000-0000-0000-0000-000000000000,2026-09-03T11:32:30.455613
71914,4,2024-09-08,2024-09-15,2024-09-14,5,False,SO71914,PO78888,10-4020-000616,799,78,289,XRQ - TRUCK GROUND-,,2168.541,173.4833,43.3708,2385.3951,,00000000-0000-0000-0000-000000000000,2026-09-03T11:32:30.455630
71915,6,2025-02-24,2025-03-20,2025-03-02,5,True,SO71915,PO59082,10-4020-000163,103,349,85,XRQ - TRUCK GROUND-,,752.5786,60.2063,15.0516,827.8365,,00000000-0000-0000-0000-000000000000,2026-09-03T11:32:30.455642
71916,4,2025-04-21,2025-05-20,2025-04-26,5,False,SO71916,PO36502,10-4020-000286,51,206,152,OVERNIGHT J-FAST,,12891.1652,1031.2932,257.8233,14180.2817,,00000000-0000-0000-0000-000000000000,2026-09-03T11:32:30.455657
71917,8,2025-02-23,2025-03-16,2025-03-03,5,True,SO71917,PO49320,10-4020-000001,77,129,363,XRQ - TRUCK GROUND-,,14581.5325,1166.5226,291.6307,16039.6858,,00000000-0000-0000-0000-000000000000,2026-09-03T11:32:30.455669
71918,2,2025-05-09,2025-05-17,2025-05-18,5,True,SO71918,PO28847,10-4020-000493,843,83,392,CARGO TRANSPORT 5,,4708.5,376.68,94.17,5179.35,,00000000-0000-0000-0000-000000000000,2026-09-03T11:32:30.455682
71919,7,2024-12-18,2025-01-06,2024-12-30,5,True,SO71919,PO42580,10-4020-000359,73,116,142,CARGO TRANSPORT 5,,11805.3771,944.4302,236.1075,12985.9148,,00000000-0000-0000-0000-000000000000,2026-09-03T11:32:30.455694
71920,3,2024-12-23,2025-01-05,2025-01-02,5,True,SO71920,PO98111,10-4020-000283,779,168,6,XRQ - TRUCK GROUND-,,1895.8978,151.6718,37.918,2085.4876,,00000000-0000-0000-0000-000000000000,2026-09-03T11:32:30.455707
71921,2,2024-07-31,2024-08-27,2024-08-12,5,False,SO71921,PO40432,10-4020-000677,449,153,421,CARGO TRANSPORT 5,,7833.2732,626.6619,156.6655,8616.6006,,00000000-0000-0000-0000-000000000000,2026-09-03T11:32:30.455719
71922,8,2025-03-05,2025-03-16,2025-03-09,5,False,SO71922,PO45665,10-4020-000042,391,430,131,CARGO TRANSPORT 5,,11156.5304,892.5224,223.1306,12272.1834,,00000000-0000-0000-0000-000000000000,2026-09-03T11:32:30.455731
71923,3,2025-04-17,2025-05-16,2025-05-01,5,False,SO71923,PO48155,10-4020-000231,536,53,46,XRQ - TRUCK GROUND-,,7024.559,561.9647,140.4912,7727.0149,,00000000-0000-0000-0000-000000000000,2026-09-03T11:32:30.455744
71924,6,2025-04-05,2025-04-19,2025-04-18,5,False,SO71924,PO66685,10-4020-000432,59,327,54,OVERNIGHT J-FAST,,14398.0298,1151.8424,287.9606,15837.8328,,00000000-0000-0000-0000-000000000000,2026-09-03T11:32:30.455757
71925,6,2024-10-20,2024-11-09,2024-11-02,5,False,SO71925,PO56748,10-4020-000086,14,52,366,OVERNIGHT J-FAST,,13575.7338,1086.0587,271.5147,14933.3072,,00000000-0000-0000-0000-000000000000,2026-09-03T11:32:30.455769
71926,4,2024-10-03,2024-10-28,2024-10-12,5,False,SO71926,PO23626,10-4020-000800,847,363,250,XRQ - TRUCK GROUND-,,8807.4726,704.5978,176.1495,9688.2199,,00000000-0000-0000-0000-000000000000,2026-09-03T11:32:30.455782
71927,7,2025-04-07,2025-05-03,2025-04-18,5,False,SO71927,PO15518,10-4020-000617,111,303,430,XRQ - TRUCK GROUND-,,12569.3098,1005.5448,251.3862,13826.2408,,00000000-0000-0000-0000-000000000000,2026-09-03T11:32:30.455795
71928,2,2024-07-21,2024-08-04,2024-07-29,5,False,SO71928,PO61608,10-4020-000736,763,21,178,XRQ - TRUCK GROUND-,,8655.6016,692.4481,173.112,9521.1617,,00000000-0000-0000-0000-000000000000,2026-09-03T11:32:30.455807
71929,1,2025-01-12,2025-01-31,2025-01-25,5,False,SO71929,PO97696,10-4020-000027,222,291,93,CARGO TRANSPORT 5,,12790.8838,1023.2707,255.8177,14069.9722,,00000000-0000-0000-0000-000000000000,2026-09-03T11:32:30.455819
71930,2,2025-04-19,2025-05-05,2025-04-28,5,True,SO71930,PO69850,10-4020-000260,368,420,350,OVERNIGHT J-FAST,,14191.9489,1135.3559,283.839,15611.1438,,00000000-0000-0000-0000-000000000000,2026-09-03T11:32:30.455831
71931,4,2024-11-28,2024-12-13,2024-12-08,5,True,SO71931,PO52534,10-4020-000470,716,326,135,CARGO TRANSPORT 5,,14605.0145,1168.4012,292.1003,16065.516,,00000000-0000-0000-0000-000000000000,2026-09-03T11:32:30.455844
71932,6,2024-09-16,2024-10-16,2024-09-25,5,False,SO71932,PO32551,10-4020-000512,92,171,181,XRQ - TRUCK GROUND-,,8399.2426,671.9394,167.9849,9239.1669,,00000000-0000-0000-0000-000000000000,2026-09-03T11:32:30.455856
71933,4,2025-03-03,2025-03-20,2025-03-10,5,True,SO71933,PO21853,10-4020-000655,416,161,319,OVERNIGHT J-FAST,,11110.8969,888.8718,222.2179,12221.9866,,00000000-0000-0000-0000-000000000000,2026-09-03T11:32:30.455868
71934,7,2025-04-24,2025-05-07,2025-05-01,5,False,SO71934,PO55953,10-4020-000346,826,225,186,CARGO TRANSPORT 5,,2833.5726,226.6858,56.6715,3116.9299,,00000000-0000-0000-0000-000000000000,2026-09-03T11:32:30.455880
71935,2,2024-08-26,2024-09-08,2024-09-07,5,False,SO71935,PO76338,10-4020-000718,658,287,152,XRQ - TRUCK GROUND-,,4875.2587,390.0207,97.5052,5362.7846,,00000000-0000-0000-0000-000000000000,2026-09-03T11:32:30.455892
71936,2,2025-03-03,2025-03-16,2025-03-07,5,True,SO71936,PO88377,10-4020-000680,415,437,135,CARGO TRANSPORT 5,,2709.7261,216.7781,54.1945,2980.6987,,00000000-0000-0000-0000-000000000000,2026-09-03T11:32:30.455904
71937,7,2024-11-22,2024-12-03,2024-12-01,5,True,SO71937,PO48523,10-4020-000629,584,43,166,CARGO TRANSPORT 5,,8015.7749,641.262,160.3155,8817.3524,,00000000-0000-0000-0000-000000000000,2026-09-03T11:32:30.455916
71938,4,2025-01-13,2025-02-06,2025-01-18,5,False,SO71938,PO13454,10-4020-000507,230,427,356,CARGO TRANSPORT 5,,12400.7038,992.0563,248.0141,13640.7742,,00000000-0000-0000-0000-000000000000,2026-09-03T11:32:30.455929
71939,8,2024-10-04,2024-10-31,2024-10-10,5,True,SO71939,PO11627,10-4020-000304,250,11,440,XRQ - TRUCK GROUND-,,13133.2825,1050.6626,262.6656,14446.6107,,00000000-0000-0000-0000-000000000000,2026-09-03T11:32:30.455941
71940,7,2025-02-03,2025-02-27,2025-02-14,5,True,SO71940,PO64044,10-4020-000191,532,298,205,XRQ - TRUCK GROUND-,,12577.0643,1006.1651,251.5413,13834.7707,,00000000-0000-0000-0000-000000000000,2026-09-03T11:32:30.455953
71941,7,2025-03-22,2025-04-21,2025-03-29,5,False,SO71941,PO44544,10-4020-000442,380,187,121,OVERNIGHT J-FAST,,13334.6319,1066.7706,266.6926,14668.0951,,00000000-0000-0000-0000-000000000000,2026-09-03T11:32:30.455965
71942,3,2025-03-04,2025-03-21,2025-03-18,5,True,SO71942,PO80552,10-4020-000593,132,50,402,XRQ - TRUCK GROUND-,,5388.2589,431.0607,107.7652,5927.0848,,00000000-0000-0000-0000-000000000000,2026-09-03T11:32:30.455977
71943,6,2025-05-29,2025-06-08,2025-06-10,5,True,SO71943,PO55657,10-4020-000735,719,331,284,CARGO TRANSPORT 5,,7162.2788,572.9823,143.2456,7878.5067,,00000000-0000-0000-0000-000000000000,2026-09-03T11:32:30.455989
71944,1,2025-01-25,2025-02-15,2025-02-06,5,False,SO71944,PO75160,10-4020-000606,447,34,88,CARGO TRANSPORT 5,,4073.5449,325.8836,81.4709,4480.8994,,00000000-0000-0000-0000-000000000000,2026-09-03T11:32:30.456001
71945,1,2025-03-14,2025-04-01,2025-03-24,5,True,SO71945,PO18359,10-4020-000699,363,34,369,OVERNIGHT J-FAST,,6754.6007,540.3681,135.092,7430.0608,,00000000-0000-0000-0000-000000000000,2026-09-03T11:32:30.456014
71946,1,2025-03-19,2025-04-17,2025-03-31,5,False,SO71946,PO66469,10-4020-000722,783,69,203,CARGO TRANSPORT 5,,3817.5805,305.4064,76.3516,4199.3385,,00000000-0000-0000-0000-000000000000,2026-09-03T11:32:30.456026
71947,5,2025-05-05,2025-05-22,2025-05-11,5,False,SO71947,PO28904,10-4020-000785,553,349,301,OVERNIGHT J-FAST,,6809.0703,544.7256,136.1814,7489.9773,,00000000-0000-0000-0000-000000000000,2026-09-03T11:32:30.456039
71948,1,2024-06-04,2024-07-03,2024-06-12,5,True,SO71948,PO19307,10-4020-000629,66,272,212,XRQ - TRUCK GROUND-,,14564.7834,1165.1827,291.2957,16021.2618,,00000000-0000-0000-0000-000000000000,2026-09-03T11:32:30.456053
71949,4,2024-08-22,2024-09-17,2024-08-27,5,True,SO71949,PO13864,10-4020-000665,507,374,62,OVERNIGHT J-FAST,,11001.7172,880.1374,220.0343,12101.8889,,00000000-0000-0000-0000-000000000000,2026-09-03T11:32:30.456065
71950,7,2024-07-16,2024-08-10,2024-07-30,5,False,SO71950,PO63421,10-4020-000391,714,243,71,OVERNIGHT J-FAST,,1457.7134,116.6171,29.1543,1603.4848,,00000000-0000-0000-0000-000000000000,2026-09-03T11:32:30.456077
71951,6,2024-09-02,2024-09-14,2024-09-16,5,False,SO71951,PO43031,10-4020-000512,93,95,134,OVERNIGHT J-FAST,,1483.1563,118.6525,29.6631,1631.4719,,00000000-0000-0000-0000-000000000000,2026-09-03T11:32:30.456089
71952,2,2024-09-11,2024-09-28,2024-09-21,5,True,SO71952,PO78664,10-4020-000264,21,311,32,XRQ - TRUCK GROUND-,,3438.2711,275.0617,68.7654,3782.0982,,00000000-0000-0000-0000-000000000000,2026-09-03T11:32:30.456101
71953,2,2024-07-01,2024-07-13,2024-07-04,5,True,SO71953,PO10610,10-4020-000335,394,157,15,XRQ - TRUCK GROUND-,,10256.5158,820.5213,205.1303,11282.1674,,00000000-0000-0000-0000-000000000000,2026-09-03T11:32:30.456113
71954,2,2025-03-16,2025-03-28,2025-03-22,5,False,SO71954,PO33827,10-4020-000549,224,177,50,XRQ - TRUCK GROUND-,,5653.7985,452.3039,113.076,6219.1784,,00000000-0000-0000-0000-000000000000,2026-09-03T11:32:30.456125
71955,3,2024-08-19,2024-09-09,2024-09-02,5,True,SO71955,PO76496,10-4020-000153,834,420,228,CARGO TRANSPORT 5,,9015.7887,721.2631,180.3158,9917.3676,,00000000-0000-0000-0000-000000000000,2026-09-03T11:32:30.456137
71956,2,2025-04-15,2025-05-01,2025-04-22,5,True,SO71956,PO55751,10-4020-000700,185,303,266,CARGO TRANSPORT 5,,629.6755,50.374,12.5935,692.643,,00000000-0000-0000-0000-000000000000,2026-09-03T11:32:30.456149
71957,3,2024-07-22,2024-08-17,2024-07-30,5,False,SO71957,PO96309,10-4020-000562,399,402,230,CARGO TRANSPORT 5,,7489.8832,599.1907,149.7977,8238.8716,,00000000-0000-0000-0000-000000000000,2026-09-03T11:32:30.456161
71958,6,2025-05-09,2025-05-23,2025-05-17,5,True,SO71958,PO41385,10-4020-000838,503,97,407,OVERNIGHT J-FAST,,8339.2046,667.1364,166.7841,9173.1251,,00000000-0000-0000-0000-000000000000,2026-09-03T11:32:30.456173
71959,8,2024-06-22,2024-07-20,2024-07-06,5,True,SO71959,PO78136,10-4020-000094,680,336,165,XRQ - TRUCK GROUND-,,5406.905,432.5524,108.1381,5947.5955,,00000000-0000-0000-0000-000000000000,2026-09-03T11:32:30.456185
71960,7,2025-03-16,2025-04-09,2025-03-29,5,True,SO71960,PO47035,10-4020-000329,139,230,391,CARGO TRANSPORT 5,,8647.5475,691.8038,172.951,9512.3023,,00000000-0000-0000-0000-000000000000,2026-09-03T11:32:30.456198
71961,7,2024-10-28,2024-11-16,2024-11-06,5,False,SO71961,PO20798,10-4020-000503,25,252,54,OVERNIGHT J-FAST,,14166.4968,1133.3197,283.3299,15583.1464,,00000000-0000-0000-0000-000000000000,2026-09-03T11:32:30.456210
71962,7,2025-03-15,2025-03-31,2025-03-25,5,False,SO71962,PO99660,10-4020-000716,57,271,426,CARGO TRANSPORT 5,,7287.3621,582.989,145.7472,8016.0983,,00000000-0000-0000-0000-000000000000,2026-09-03T11:32:30.456222
71963,5,2024-09-05,2024-09-30,2024-09-19,5,True,SO71963,PO94008,10-4020-000322,757,25,274,CARGO TRANSPORT 5,,14204.3588,1136.3487,284.0872,15624.7947,,00000000-0000-0000-0000-000000000000,2026-09-03T11:32:30.456234
71964,7,2024-06-25,2024-07-08,2024-07-03,5,True,SO71964,PO99674,10-4020-000445,757,261,269,CARGO TRANSPORT 5,,14503.1846,1160.2548,290.0637,15953.5031,,00000000-0000-0000-0000-000000000000,2026-09-03T11:32:30.456247
71965,1,2025-02-16,2025-03-01,2025-02-20,5,False,SO71965,PO34340,10-4020-000227,730,164,38,XRQ - TRUCK GROUND-,,5593.8177,447.5054,111.8764,6153.1995,,00000000-0000-0000-0000-000000000000,2026-09-03T11:32:30.456259
71966,1,2024-09-13,2024-09-21,2024-09-22,5,True,SO71966,PO25247,10-4020-000298,5,124,338,OVERNIGHT J-FAST,,7454.3644,596.3492,149.0873,8199.8009,,00000000-0000-0000-0000-000000000000,2026-09-03T11:32:30.456271
71967,4,2024-08-30,2024-09-17,2024-09-08,5,True,SO71967,PO30437,10-4020-000146,614,127,319,XRQ - TRUCK GROUND-,,14806.9281,1184.5542,296.1386,16287.6209,,00000000-0000-0000-0000-000000000000,2026-09-03T11:32:30.456284
71968,7,2024-10-11,2024-11-08,2024-10-23,5,False,SO71968,PO36853,10-4020-000670,755,140,210,XRQ - TRUCK GROUND-,,13235.0746,1058.806,264.7015,14558.5821,,00000000-0000-0000-0000-000000000000,2026-09-03T11:32:30.456296
71969,7,2024-06-06,2024-06-25,2024-06-13,5,True,SO71969,PO73991,10-4020-000260,615,6,321,XRQ - TRUCK GROUND-,,6267.5162,501.4013,125.3503,6894.2678,,00000000-0000-0000-0000-000000000000,2026-09-03T11:32:30.456308
71970,8,2024-12-20,2024-12-31,2025-01-02,5,True,SO71970,PO19243,10-4020-000653,118,60,82,OVERNIGHT J-FAST,,674.9003,53.992,13.498,742.3903,,00000000-0000-0000-0000-000000000000,2026-09-03T11:32:30.456319
71971,6,2024-07-05,2024-07-17,2024-07-19,5,False,SO71971,PO99247,10-4020-000733,712,204,146,XRQ - TRUCK GROUND-,,2791.2105,223.2968,55.8242,3070.3315,,00000000-0000-0000-0000-000000000000,2026-09-03T11:32:30.456331
71972,5,2024-10-25,2024-11-04,2024-10-29,5,False,SO71972,PO36493,10-4020-000089,569,434,255,CARGO TRANSPORT 5,,4306.3371,344.507,86.1267,4736.9708,,00000000-0000-0000-0000-000000000000,2026-09-03T11:32:30.456343
71973,1,2024-08-05,2024-08-27,2024-08-15,5,True,SO71973,PO24602,10-4020-000235,39,427,199,CARGO TRANSPORT 5,,7797.4721,623.7978,155.9494,8577.2193,,00000000-0000-0000-0000-000000000000,2026-09-03T11:32:30.456355
71974,2,2024-07-13,2024-07-27,2024-07-22,5,False,SO71974,PO67423,10-4020-000757,147,227,306,CARGO TRANSPORT 5,,11449.9941,915.9995,228.9999,12594.9935,,00000000-0000-0000-0000-000000000000,2026-09-03T11:32:30.456366
71975,4,2025-05-06,2025-05-19,2025-05-20,5,False,SO71975,PO15735,10-4020-000583,15,79,175,OVERNIGHT J-FAST,,14007.5531,1120.6042,280.1511,15408.3084,,00000000-0000-0000-0000-000000000000,2026-09-03T11:32:30.456379
71976,4,2024-08-29,2024-09-25,2024-09-01,5,False,SO71976,PO59811,10-4020-000157,299,259,33,CARGO TRANSPORT 5,,5284.2524,422.7402,105.685,5812.6776,,00000000-0000-0000-0000-000000000000,2026-09-03T11:32:30.456392
71977,6,2024-09-03,2024-10-01,2024-09-17,5,False,SO71977,PO13317,10-4020-000452,72,432,126,XRQ - TRUCK GROUND-,,9426.8437,754.1475,188.5369,10369.5281,,00000000-0000-0000-0000-000000000000,2026-09-03T11:32:30.456404
71978,3,2025-02-26,2025-03-09,2025-03-09,5,False,SO71978,PO17433,10-4020-000115,702,34,210,XRQ - TRUCK GROUND-,,4352.7077,348.2166,87.0542,4787.9785,,00000000-0000-0000-0000-000000000000,2026-09-03T11:32:30.456416
71979,3,2025-03-01,2025-03-31,2025-03-09,5,False,SO71979,PO15037,10-4020-000147,107,351,120,CARGO TRANSPORT 5,,311.0541,24.8843,6.2211,342.1595,,00000000-0000-0000-0000-000000000000,2026-09-03T11:32:30.456428
71980,1,2024-12-13,2025-01-01,2024-12-25,5,True,SO71980,PO39428,10-4020-000781,644,19,289,XRQ - TRUCK GROUND-,,101.1432,8.0915,2.0229,111.2576,,00000000-0000-0000-0000-000000000000,2026-09-03T11:32:30.456440
71981,8,2024-07-08,2024-08-02,2024-07-21,5,False,SO71981,PO47023,10-4020-000703,631,199,231,XRQ - TRUCK GROUND-,,345.9107,27.6729,6.9182,380.5018,,00000000-0000-0000-0000-000000000000,2026-09-03T11:32:30.456453
71982,5,2024-09-30,2024-10-18,2024-10-13,5,False,SO71982,PO72800,10-4020-000157,466,275,185,CARGO TRANSPORT 5,,10259.0735,820.7259,205.1815,11284.9809,,00000000-0000-0000-0000-000000000000,2026-09-03T11:32:30.456465
71983,3,2024-08-13,2024-09-01,2024-08-20,5,True,SO71983,PO58244,10-4020-000758,22,222,413,OVERNIGHT J-FAST,,4338.6095,347.0888,86.7722,4772.4705,,00000000-0000-0000-0000-000000000000,2026-09-03T11:32:30.456477
71984,7,2024-08-13,2024-09-11,2024-08-24,5,True,SO71984,PO62721,10-4020-000129,642,181,107,OVERNIGHT J-FAST,,686.1956,54.8956,13.7239,754.8151,,00000000-0000-0000-0000-000000000000,2026-09-03T11:32:30.456489
71985,8,2025-01-02,2025-02-01,2025-01-12,5,False,SO71985,PO60913,10-4020-000475,373,173,167,XRQ - TRUCK GROUND-,,13260.1458,1060.8117,265.2029,14586.1604,,00000000-0000-0000-0000-000000000000,2026-09-03T11:32:30.456501
71986,4,2024-12-22,2025-01-05,2024-12-28,5,True,SO71986,PO84499,10-4020-000200,747,338,402,XRQ - TRUCK GROUND-,,2040.0644,163.2052,40.8013,2244.0709,,00000000-0000-0000-0000-000000000000,2026-09-03T11:32:30.456513
71987,7,2024-12-04,2024-12-22,2024-12-17,5,False,SO71987,PO37985,10-4020-000403,145,241,56,XRQ - TRUCK GROUND-,,13510.2972,1080.8238,270.2059,14861.3269,,00000000-0000-0000-0000-000000000000,2026-09-03T11:32:30.456524
71988,7,2025-04-30,2025-05-08,2025-05-06,5,True,SO71988,PO54260,10-4020-000565,161,338,197,XRQ - TRUCK GROUND-,,6812.1812,544.9745,136.2436,7493.3993,,00000000-0000-0000-0000-000000000000,2026-09-03T11:32:30.456536
71989,8,2025-01-08,2025-01-15,2025-01-22,5,True,SO71989,PO60589,10-4020-000582,684,89,140,XRQ - TRUCK GROUND-,,2745.7127,219.657,54.9143,3020.284,,00000000-0000-0000-0000-000000000000,2026-09-03T11:32:30.456548
71990,3,2025-05-15,2025-06-11,2025-05-24,5,True,SO71990,PO29750,10-4020-000422,325,240,126,XRQ - TRUCK GROUND-,,8472.2919,677.7834,169.4458,9319.5211,,00000000-0000-0000-0000-000000000000,2026-09-03T11:32:30.456560
71991,8,2024-08-06,2024-08-23,2024-08-18,5,True,SO71991,PO98629,10-4020-000100,806,34,44,CARGO TRANSPORT 5,,11451.173,916.0938,229.0235,12596.2903,,00000000-0000-0000-0000-000000000000,2026-09-03T11:32:30.456571
71992,1,2024-06-05,2024-06-22,2024-06-09,5,False,SO71992,PO56752,10-4020-000208,762,78,110,OVERNIGHT J-FAST,,13806.5682,1104.5255,276.1314,15187.2251,,00000000-0000-0000-0000-000000000000,2026-09-03T11:32:30.456583
71993,6,2024-07-04,2024-07-29,2024-07-14,5,False,SO71993,PO54383,10-4020-000721,180,149,156,CARGO TRANSPORT 5,,5475.9539,438.0763,109.5191,6023.5493,,00000000-0000-0000-0000-000000000000,2026-09-03T11:32:30.456595
71994,3,2025-03-15,2025-03-27,2025-03-24,5,True,SO71994,PO79770,10-4020-000634,420,82,288,XRQ - TRUCK GROUND-,,2439.1955,195.1356,48.7839,2683.115,,00000000-0000-0000-0000-000000000000,2026-09-03T11:32:30.456608
71995,5,2025-04-18,2025-05-17,2025-04-24,5,True,SO71995,PO97014,10-4020-000151,456,50,387,CARGO TRANSPORT 5,,7070.0368,565.6029,141.4007,7777.0404,,00000000-0000-0000-0000-000000000000,2026-09-03T11:32:30.456620
71996,8,2024-08-09,2024-08-28,2024-08-19,5,True,SO71996,PO12615,10-4020-000601,705,419,186,OVERNIGHT J-FAST,,13209.4654,1056.7572,264.1893,14530.4119,,00000000-0000-0000-0000-000000000000,2026-09-03T11:32:30.456632
71997,8,2025-03-27,2025-04-03,2025-04-06,5,False,SO71997,PO54535,10-4020-000088,379,36,91,CARGO TRANSPORT 5,,8600.0582,688.0047,172.0012,9460.0641,,00000000-0000-0000-0000-000000000000,2026-09-03T11:32:30.456644
71998,7,2025-04-16,2025-04-27,2025-04-20,5,True,SO71998,PO93128,10-4020-000329,300,365,406,CARGO TRANSPORT 5,,4536.5629,362.925,90.7313,4990.2192,,00000000-0000-0000-0000-000000000000,2026-09-03T11:32:30.456657
71999,8,2024-11-29,2024-12-06,2024-12-11,5,False,SO71999,PO32159,10-4020-000374,259,99,263,OVERNIGHT J-FAST,,9062.0477,724.9638,181.241,9968.2525,,00000000-0000-0000-0000-000000000000,2026-09-03T11:32:30.456670
72000,1,2025-02-22,2025-03-16,2025-03-02,5,True,SO72000,PO16817,10-4020-000665,245,359,157,OVERNIGHT J-FAST,,13568.9841,1085.5187,271.3797,14925.8825,,00000000-0000-0000-0000-000000000000,2026-09-03T11:32:30.456682
72001,6,2025-01-16,2025-01-24,2025-01-23,5,False,SO72001,PO96430,10-4020-000083,341,283,17,CARGO TRANSPORT 5,,14942.5013,1195.4001,298.85,16436.7514,,00000000-0000-0000-0000-000000000000,2026-09-03T11:32:30.456694
72002,1,2025-04-16,2025-05-02,2025-04-25,5,True,SO72002,PO71619,10-4020-000390,398,19,356,XRQ - TRUCK GROUND-,,209.6343,16.7707,4.1927,230.5977,,00000000-0000-0000-0000-000000000000,2026-09-03T11:32:30.456705
72003,6,2024-10-17,2024-11-04,2024-10-28,5,False,SO72003,PO63371,10-4020-000725,351,68,178,XRQ - TRUCK GROUND-,,10467.9986,837.4399,209.36,11514.7985,,00000000-0000-0000-0000-000000000000,2026-09-03T11:32:30.456717
72004,8,2024-10-12,2024-10-28,2024-10-19,5,True,SO72004,PO68965,10-4020-000688,87,413,342,OVERNIGHT J-FAST,,8308.1206,664.6496,166.1624,9138.9326,,00000000-0000-0000-0000-000000000000,2026-09-03T11:32:30.456729
72005,1,2025-02-16,2025-02-27,2025-02-20,5,True,SO72005,PO19753,10-4020-000182,383,34,79,XRQ - TRUCK GROUND-,,13442.4962,1075.3997,268.8499,14786.7458,,00000000-0000-0000-0000-000000000000,2026-09-03T11:32:30.456741
72006,2,2024-09-30,2024-10-07,2024-10-14,5,True,SO72006,PO54713,10-4020-000633,73,80,299,XRQ - TRUCK GROUND-,,11694.2063,935.5365,233.8841,12863.6269,,00000000-0000-0000-0000-000000000000,2026-09-03T11:32:30.456753
72007,6,2025-01-22,2025-02-19,2025-01-26,5,True,SO72007,PO17361,10-4020-000722,143,103,382,CARGO TRANSPORT 5,,9483.4936,758.6795,189.6699,10431.843,,00000000-0000-0000-0000-000000000000,2026-09-03T11:32:30.456766
72008,2,2024-09-04,2024-09-11,2024-09-13,5,True,SO72008,PO37553,10-4020-000052,735,41,199,OVERNIGHT J-FAST,,1420.973,113.6778,28.4195,1563.0703,,00000000-0000-0000-0000-000000000000,2026-09-03T11:32:30.456779
72009,8,2025-04-17,2025-04-30,2025-05-01,5,False,SO72009,PO89358,10-4020-000724,191,241,148,XRQ - TRUCK GROUND-,,7963.5355,637.0828,159.2707,8759.889,,00000000-0000-0000-0000-000000000000,2026-09-03T11:32:30.456791
72010,1,2025-05-13,2025-06-03,2025-05-18,5,True,SO72010,PO20427,10-4020-000181,203,135,74,XRQ - TRUCK GROUND-,,8897.5902,711.8072,177.9518,9787.3492,,00000000-0000-0000-0000-000000000000,2026-09-03T11:32:30.456802
72011,2,2025-03-22,2025-04-20,2025-03-26,5,True,SO72011,PO34516,10-4020-000330,775,117,84,OVERNIGHT J-FAST,,14592.2196,1167.3776,291.8444,16051.4416,,00000000-0000-0000-0000-000000000000,2026-09-03T11:32:30.456814
72012,5,2025-04-22,2025-05-18,2025-05-01,5,False,SO72012,PO38607,10-4020-000437,257,423,177,XRQ - TRUCK GROUND-,,12548.804,1003.9043,250.9761,13803.6844,,00000000-0000-0000-0000-000000000000,2026-09-03T11:32:30.456826
72013,5,2024-10-02,2024-10-18,2024-10-07,5,True,SO72013,PO18076,10-4020-000065,506,177,376,CARGO TRANSPORT 5,,7981.7351,638.5388,159.6347,8779.9086,,00000000-0000-0000-0000-000000000000,2026-09-03T11:32:30.456838
72014,7,2025-04-14,2025-04-23,2025-04-27,5,False,SO72014,PO11572,10-4020-000763,691,46,164,XRQ - TRUCK GROUND-,,11346.9694,907.7576,226.9394,12481.6664,,00000000-0000-0000-0000-000000000000,2026-09-03T11:32:30.456849
72015,2,2024-12-03,2024-12-28,2024-12-10,5,False,SO72015,PO69085,10-4020-000367,761,416,246,OVERNIGHT J-FAST,,10486.2359,838.8989,209.7247,11534.8595,,00000000-0000-0000-0000-000000000000,2026-09-03T11:32:30.456861
72016,8,2025-02-11,2025-02-28,2025-02-22,5,True,SO72016,PO39899,10-4020-000602,175,22,354,OVERNIGHT J-FAST,,4538.6953,363.0956,90.7739,4992.5648,,00000000-0000-0000-0000-000000000000,2026-09-03T11:32:30.456873
72017,8,2024-12-27,2025-01-13,2025-01-05,5,False,SO72017,PO70868,10-4020-000464,157,73,378,OVERNIGHT J-FAST,,7000.925,560.074,140.0185,7701.0175,,00000000-0000-0000-0000-000000000000,2026-09-03T11:32:30.456886
72018,3,2025-01-01,2025-01-18,2025-01-10,5,True,SO72018,PO62352,10-4020-000375,15,223,406,XRQ - TRUCK GROUND-,,14247.0299,1139.7624,284.9406,15671.7329,,00000000-0000-0000-0000-000000000000,2026-09-03T11:32:30.456897
72019,3,2024-08-28,2024-09-10,2024-09-01,5,True,SO72019,PO61287,10-4020-000484,154,139,173,CARGO TRANSPORT 5,,2308.0278,184.6422,46.1606,2538.8306,,00000000-0000-0000-0000-000000000000,2026-09-03T11:32:30.456909
72020,3,2024-06-12,2024-06-28,2024-06-23,5,False,SO72020,PO39850,10-4020-000195,499,311,371,OVERNIGHT J-FAST,,7484.9704,598.7976,149.6994,8233.4674,,00000000-0000-0000-0000-000000000000,2026-09-03T11:32:30.456921
72021,3,2025-01-08,2025-01-30,2025-01-21,5,True,SO72021,PO56316,10-4020-000109,69,166,362,OVERNIGHT J-FAST,,6554.8582,524.3887,131.0972,7210.3441,,00000000-0000-0000-0000-000000000000,2026-09-03T11:32:30.456932
72022,4,2025-04-08,2025-05-01,2025-04-18,5,True,SO72022,PO64571,10-4020-000503,14,158,324,CARGO TRANSPORT 5,,4375.3617,350.0289,87.5072,4812.8978,,00000000-0000-0000-0000-000000000000,2026-09-03T11:32:30.456944
72023,7,2024-11-21,2024-12-17,2024-11-25,5,True,SO72023,PO79420,10-4020-000289,350,372,192,XRQ - TRUCK GROUND-,,9475.3626,758.029,189.5073,10422.8989,,00000000-0000-0000-0000-000000000000,2026-09-03T11:32:30.456957
72024,8,2024-08-05,2024-08-14,2024-08-08,5,False,SO72024,PO58497,10-4020-000428,253,108,168,XRQ - TRUCK GROUND-,,5575.0347,446.0028,111.5007,6132.5382,,00000000-0000-0000-0000-000000000000,2026-09-03T11:32:30.456969
72025,6,2024-09-28,2024-10-25,2024-10-08,5,False,SO72025,PO82744,10-4020-000349,592,407,170,XRQ - TRUCK GROUND-,,13656.6845,1092.5348,273.1337,15022.353,,00000000-0000-0000-0000-000000000000,2026-09-03T11:32:30.456981
72026,6,2024-09-08,2024-10-05,2024-09-20,5,True,SO72026,PO87704,10-4020-000625,243,417,420,CARGO TRANSPORT 5,,13532.7444,1082.6196,270.6549,14886.0189,,00000000-0000-0000-0000-000000000000,2026-09-03T11:32:30.456993
72027,1,2025-02-06,2025-02-23,2025-02-17,5,True,SO72027,PO60350,10-4020-000769,152,320,165,CARGO TRANSPORT 5,,8471.3054,677.7044,169.4261,9318.4359,,00000000-0000-0000-0000-000000000000,2026-09-03T11:32:30.457005
72028,5,2025-02-26,2025-03-07,2025-03-08,5,False,SO72028,PO35320,10-4020-000811,789,142,365,CARGO TRANSPORT 5,,7389.5601,591.1648,147.7912,8128.5161,,00000000-0000-0000-0000-000000000000,2026-09-03T11:32:30.457017
72029,1,2024-12-04,2024-12-26,2024-12-10,5,True,SO72029,PO92977,10-4020-000004,336,183,423,XRQ - TRUCK GROUND-,,12724.2031,1017.9362,254.4841,13996.6234,,00000000-0000-0000-0000-000000000000,2026-09-03T11:32:30.457029
72030,5,2025-02-03,2025-02-20,2025-02-13,5,False,SO72030,PO89268,10-4020-000550,205,422,416,XRQ - TRUCK GROUND-,,8450.0746,676.006,169.0015,9295.0821,,00000000-0000-0000-0000-000000000000,2026-09-03T11:32:30.457117
72031,2,2024-09-05,2024-09-21,2024-09-19,5,True,SO72031,PO35551,10-4020-000537,819,259,145,CARGO TRANSPORT 5,,14367.9992,1149.4399,287.36,15804.7991,,00000000-0000-0000-0000-000000000000,2026-09-03T11:32:30.457164
72032,1,2024-12-10,2024-12-26,2024-12-17,5,True,SO72032,PO28882,10-4020-000304,26,15,334,XRQ - TRUCK GROUND-,,6373.7203,509.8976,127.4744,7011.0923,,00000000-0000-0000-0000-000000000000,2026-09-03T11:32:30.457201
72033,8,2025-01-02,2025-01-13,2025-01-12,5,False,SO72033,PO82779,10-4020-000161,609,228,389,OVERNIGHT J-FAST,,1226.7096,98.1368,24.5342,1349.3806,,00000000-0000-0000-0000-000000000000,2026-09-03T11:32:30.457219
72034,8,2024-07-26,2024-08-10,2024-08-01,5,False,SO72034,PO47324,10-4020-000167,601,66,166,CARGO TRANSPORT 5,,14056.6995,1124.536,281.134,15462.3695,,00000000-0000-0000-0000-000000000000,2026-09-03T11:32:30.457232
72035,6,2024-08-03,2024-08-27,2024-08-13,5,False,SO72035,PO28579,10-4020-000323,738,193,282,CARGO TRANSPORT 5,,833.7311,66.6985,16.6746,917.1042,,00000000-0000-0000-0000-000000000000,2026-09-03T11:32:30.457244
72036,6,2025-04-18,2025-05-07,2025-04-23,5,False,SO72036,PO90357,10-4020-000779,36,330,145,OVERNIGHT J-FAST,,6542.1813,523.3745,130.8436,7196.3994,,00000000-0000-0000-0000-000000000000,2026-09-03T11:32:30.457256
72037,1,2025-03-17,2025-04-09,2025-03-20,5,True,SO72037,PO75100,10-4020-000066,70,72,78,CARGO TRANSPORT 5,,11359.5461,908.7637,227.1909,12495.5007,,00000000-0000-0000-0000-000000000000,2026-09-03T11:32:30.457268
72038,4,2025-02-23,2025-03-04,2025-03-03,5,False,SO72038,PO54323,10-4020-000084,423,176,385,CARGO TRANSPORT 5,,2492.5569,199.4046,49.8511,2741.8126,,00000000-0000-0000-0000-000000000000,2026-09-03T11:32:30.457281
72039,1,2025-02-08,2025-03-03,2025-02-17,5,False,SO72039,PO30314,10-4020-000562,843,46,417,CARGO TRANSPORT 5,,6038.3702,483.0696,120.7674,6642.2072,,00000000-0000-0000-0000-000000000000,2026-09-03T11:32:30.457295
72040,5,2025-01-16,2025-01-30,2025-01-22,5,True,SO72040,PO94509,10-4020-000700,572,13,27,XRQ - TRUCK GROUND-,,2427.9538,194.2363,48.5591,2670.7492,,00000000-0000-0000-0000-000000000000,2026-09-03T11:32:30.457307
72041,1,2025-05-24,2025-06-01,2025-05-30,5,True,SO72041,PO30005,10-4020-000141,513,164,166,OVERNIGHT J-FAST,,3421.522,273.7218,68.4304,3763.6742,,00000000-0000-0000-0000-000000000000,2026-09-03T11:32:30.457319
72042,1,2025-04-21,2025-05-14,2025-04-28,5,False,SO72042,PO13081,10-4020-000686,732,357,213,XRQ - TRUCK GROUND-,,10070.4319,805.6346,201.4086,11077.4751,,00000000-0000-0000-0000-000000000000,2026-09-03T11:32:30.457331
72043,1,2024-07-05,2024-07-18,2024-07-11,5,False,SO72043,PO10937,10-4020-000358,719,42,298,OVERNIGHT J-FAST,,649.9438,51.9955,12.9989,714.9382,,00000000-0000-0000-0000-000000000000,2026-09-03T11:32:30.457343
72044,3,2025-02-16,2025-03-07,2025-02-22,5,True,SO72044,PO80284,10-4020-000008,643,382,319,OVERNIGHT J-FAST,,13483.7556,1078.7004,269.6751,14832.1311,,00000000-0000-0000-0000-000000000000,2026-09-03T11:32:30.457358
72045,7,2024-10-15,2024-10-27,2024-10-21,5,False,SO72045,PO53841,10-4020-000201,335,134,202,CARGO TRANSPORT 5,,8366.1277,669.2902,167.3226,9202.7405,,00000000-0000-0000-0000-000000000000,2026-09-03T11:32:30.457370
72046,1,2025-04-30,2025-05-21,2025-05-12,5,False,SO72046,PO36816,10-4020-000190,116,22,199,CARGO TRANSPORT 5,,4316.4569,345.3166,86.3291,4748.1026,,00000000-0000-0000-0000-000000000000,2026-09-03T11:32:30.457382
72047,5,2024-09-14,2024-10-13,2024-09-27,5,True,SO72047,PO87759,10-4020-000838,311,185,238,CARGO TRANSPORT 5,,3042.1324,243.3706,60.8426,3346.3456,,00000000-0000-0000-0000-000000000000,2026-09-03T11:32:30.457395
72048,5,2025-04-28,2025-05-11,2025-05-09,5,True,SO72048,PO50619,10-4020-000013,222,425,93,OVERNIGHT J-FAST,,9410.4586,752.8367,188.2092,10351.5045,,00000000-0000-0000-0000-000000000000,2026-09-03T11:32:30.457406
72049,7,2024-09-14,2024-10-14,2024-09-22,5,False,SO72049,PO61216,10-4020-000617,772,85,252,OVERNIGHT J-FAST,,7518.9111,601.5129,150.3782,8270.8022,,00000000-0000-0000-0000-000000000000,2026-09-03T11:32:30.457418
72050,4,2025-03-15,2025-03-24,2025-03-27,5,True,SO72050,PO10035,10-4020-000032,635,26,439,CARGO TRANSPORT 5,,8971.2686,717.7015,179.4254,9868.3955,,00000000-0000-0000-0000-000000000000,2026-09-03T11:32:30.457431
72051,5,2024-10-19,2024-11-09,2024-10-28,5,True,SO72051,PO22744,10-4020-000055,377,111,331,CARGO TRANSPORT 5,,13955.8834,1116.4707,279.1177,15351.4718,,00000000-0000-0000-0000-000000000000,2026-09-03T11:32:30.457443
72052,6,2025-01-03,2025-01-12,2025-01-10,5,False,SO72052,PO95672,10-4020-000023,305,395,18,CARGO TRANSPORT 5,,11140.605,891.2484,222.8121,12254.6655,,00000000-0000-0000-0000-000000000000,2026-09-03T11:32:30.457455
72053,8,2024-11-02,2024-11-15,2024-11-06,5,True,SO72053,PO72456,10-4020-000179,15,58,45,XRQ - TRUCK GROUND-,,2170.4793,173.6383,43.4096,2387.5272,,00000000-0000-0000-0000-000000000000,2026-09-03T11:32:30.457467
72054,5,2024-09-29,2024-10-14,2024-10-02,5,False,SO72054,PO18294,10-4020-000749,709,79,111,CARGO TRANSPORT 5,,6855.9064,548.4725,137.1181,7541.497,,00000000-0000-0000-0000-000000000000,2026-09-03T11:32:30.457480
72055,1,2024-12-21,2024-12-29,2024-12-31,5,False,SO72055,PO71040,10-4020-000423,180,7,296,CARGO TRANSPORT 5,,10186.388,814.911,203.7278,11205.0268,,00000000-0000-0000-0000-000000000000,2026-09-03T11:32:30.457493
72056,5,2025-05-03,2025-06-01,2025-05-10,5,False,SO72056,PO36568,10-4020-000822,274,13,344,OVERNIGHT J-FAST,,992.0032,79.3603,19.8401,1091.2036,,00000000-0000-0000-0000-000000000000,2026-09-03T11:32:30.457505
72057,8,2024-09-05,2024-09-12,2024-09-18,5,True,SO72057,PO83821,10-4020-000446,573,360,251,CARGO TRANSPORT 5,,3560.5366,284.8429,71.2107,3916.5902,,00000000-0000-0000-0000-000000000000,2026-09-03T11:32:30.457517
72058,2,2024-06-25,2024-07-21,2024-07-03,5,False,SO72058,PO71928,10-4020-000558,168,192,338,OVERNIGHT J-FAST,,4333.4308,346.6745,86.6686,4766.7739,,00000000-0000-0000-0000-000000000000,2026-09-03T11:32:30.457529
72059,6,2025-03-10,2025-04-09,2025-03-23,5,False,SO72059,PO63346,10-4020-000179,595,206,191,OVERNIGHT J-FAST,,8134.4669,650.7574,162.6893,8947.9136,,00000000-0000-0000-0000-000000000000,2026-09-03T11:32:30.457544
72060,3,2024-11-25,2024-12-23,2024-12-05,5,False,SO72060,PO57229,10-4020-000443,89,309,130,CARGO TRANSPORT 5,,11521.3337,921.7067,230.4267,12673.4671,,00000000-0000-0000-0000-000000000000,2026-09-03T11:32:30.457557
72061,8,2024-11-18,2024-12-09,2024-11-29,5,True,SO72061,PO15604,10-4020-000352,519,441,321,CARGO TRANSPORT 5,,13874.5502,1109.964,277.491,15262.0052,,00000000-0000-0000-0000-000000000000,2026-09-03T11:32:30.457569
72062,3,2025-04-03,2025-04-28,2025-04-08,5,True,SO72062,PO61950,10-4020-000084,844,215,58,XRQ - TRUCK GROUND-,,5157.6657,412.6133,103.1533,5673.4323,,00000000-0000-0000-0000-000000000000,2026-09-03T11:32:30.457582
72063,2,2025-03-06,2025-03-31,2025-03-09,5,False,SO72063,PO82148,10-4020-000681,169,379,117,XRQ - TRUCK GROUND-,,677.5774,54.2062,13.5515,745.3351,,00000000-0000-0000-0000-000000000000,2026-09-03T11:32:30.457594
72064,8,2025-05-30,2025-06-09,2025-06-07,5,False,SO72064,PO81886,10-4020-000405,536,337,420,OVERNIGHT J-FAST,,11826.4774,946.1182,236.5295,13009.1251,,00000000-0000-0000-0000-000000000000,2026-09-03T11:32:30.457606
72065,7,2024-09-21,2024-10-20,2024-09-25,5,True,SO72065,PO93947,10-4020-000660,465,80,428,XRQ - TRUCK GROUND-,,8676.4405,694.1152,173.5288,9544.0845,,00000000-0000-0000-0000-000000000000,2026-09-03T11:32:30.457618
72066,2,2024-09-05,2024-09-27,2024-09-10,5,True,SO72066,PO50180,10-4020-000248,774,208,156,CARGO TRANSPORT 5,,10757.2182,860.5775,215.1444,11832.9401,,00000000-0000-0000-0000-000000000000,2026-09-03T11:32:30.457631
72067,4,2025-03-05,2025-03-12,2025-03-08,5,True,SO72067,PO48769,10-4020-000124,213,96,424,XRQ - TRUCK GROUND-,,9591.8168,767.3453,191.8363,10550.9984,,00000000-0000-0000-0000-000000000000,2026-09-03T11:32:30.457643
72068,8,2024-07-07,2024-07-17,2024-07-16,5,False,SO72068,PO96715,10-4020-000413,11,358,306,OVERNIGHT J-FAST,,1051.9766,84.1581,21.0395,1157.1742,,00000000-0000-0000-0000-000000000000,2026-09-03T11:32:30.457654
72069,4,2024-11-23,2024-12-09,2024-12-02,5,False,SO72069,PO93259,10-4020-000630,608,22,348,OVERNIGHT J-FAST,,5846.8223,467.7458,116.9364,6431.5045,,00000000-0000-0000-0000-000000000000,2026-09-03T11:32:30.457667
72070,6,2024-06-17,2024-06-24,2024-06-24,5,False,SO72070,PO60299,10-4020-000771,552,395,51,OVERNIGHT J-FAST,,7524.923,601.9938,150.4985,8277.4153,,00000000-0000-0000-0000-000000000000,2026-09-03T11:32:30.457679
72071,6,2025-05-19,2025-06-16,2025-05-29,5,True,SO72071,PO59803,10-4020-000040,500,389,45,OVERNIGHT J-FAST,,8827.5145,706.2012,176.5503,9710.266,,00000000-0000-0000-0000-000000000000,2026-09-03T11:32:30.457691
72072,2,2024-10-08,2024-10-22,2024-10-22,5,True,SO72072,PO69596,10-4020-000389,768,173,124,XRQ - TRUCK GROUND-,,8178.8376,654.307,163.5768,8996.7214,,00000000-0000-0000-0000-000000000000,2026-09-03T11:32:30.457703
72073,5,2025-01-27,2025-02-20,2025-02-10,5,False,SO72073,PO38384,10-4020-000629,421,49,6,XRQ - TRUCK GROUND-,,563.4151,45.0732,11.2683,619.7566,,00000000-0000-0000-0000-000000000000,2026-09-03T11:32:30.457715
72074,1,2024-08-05,2024-08-28,2024-08-15,5,True,SO72074,PO75807,10-4020-000186,475,141,357,XRQ - TRUCK GROUND-,,8921.7645,713.7412,178.4353,9813.941,,00000000-0000-0000-0000-000000000000,2026-09-03T11:32:30.457727
72075,1,2024-12-16,2024-12-31,2024-12-28,5,True,SO72075,PO77729,10-4020-000503,179,232,151,CARGO TRANSPORT 5,,12029.5498,962.364,240.591,13232.5048,,00000000-0000-0000-0000-000000000000,2026-09-03T11:32:30.457740
72076,6,2024-06-21,2024-07-11,2024-06-25,5,True,SO72076,PO20069,10-4020-000204,494,249,128,CARGO TRANSPORT 5,,4389.7855,351.1828,87.7957,4828.764,,00000000-0000-0000-0000-000000000000,2026-09-03T11:32:30.457752
72077,3,2024-12-16,2025-01-04,2024-12-19,5,False,SO72077,PO33943,10-4020-000229,349,444,350,XRQ - TRUCK GROUND-,,11647.3147,931.7852,232.9463,12812.0462,,00000000-0000-0000-0000-000000000000,2026-09-03T11:32:30.457764
72078,8,2025-02-08,2025-03-09,2025-02-12,5,True,SO72078,PO31552,10-4020-000143,136,380,310,XRQ - TRUCK GROUND-,,3469.5512,277.5641,69.391,3816.5063,,00000000-0000-0000-0000-000000000000,2026-09-03T11:32:30.457786
72079,6,2024-06-13,2024-07-12,2024-06-22,5,True,SO72079,PO78835,10-4020-000711,378,326,279,CARGO TRANSPORT 5,,6599.5546,527.9644,131.9911,7259.5101,,00000000-0000-0000-0000-000000000000,2026-09-03T11:32:30.457804
72080,5,2025-01-01,2025-01-21,2025-01-12,5,False,SO72080,PO18773,10-4020-000067,90,135,450,XRQ - TRUCK GROUND-,,7131.1871,570.495,142.6237,7844.3058,,00000000-0000-0000-0000-000000000000,2026-09-03T11:32:30.457816
72081,4,2024-12-01,2024-12-12,2024-12-05,5,True,SO72081,PO31233,10-4020-000089,585,96,341,CARGO TRANSPORT 5,,7145.6515,571.6521,142.913,7860.2166,,00000000-0000-0000-0000-000000000000,2026-09-03T11:32:30.457828
72082,6,2025-01-15,2025-02-08,2025-01-22,5,False,SO72082,PO18758,10-4020-000809,673,95,299,OVERNIGHT J-FAST,,9914.9364,793.1949,198.2987,10906.43,,00000000-0000-0000-0000-000000000000,2026-09-03T11:32:30.457840
72083,4,2024-07-30,2024-08-12,2024-08-04,5,False,SO72083,PO27460,10-4020-000765,719,201,6,OVERNIGHT J-FAST,,8417.0154,673.3612,168.3403,9258.7169,,00000000-0000-0000-0000-000000000000,2026-09-03T11:32:30.457851
72084,1,2024-07-01,2024-07-11,2024-07-12,5,False,SO72084,PO86752,10-4020-000544,10,156,416,CARGO TRANSPORT 5,,7677.4306,614.1944,153.5486,8445.1736,,00000000-0000-0000-0000-000000000000,2026-09-03T11:32:30.457864
72085,8,2024-11-11,2024-11-24,2024-11-17,5,False,SO72085,PO72688,10-4020-000491,220,51,89,OVERNIGHT J-FAST,,13814.9383,1105.1951,276.2988,15196.4322,,00000000-0000-0000-0000-000000000000,2026-09-03T11:32:30.457876
72086,2,2025-03-11,2025-03-22,2025-03-24,5,True,SO72086,PO76829,10-4020-000149,779,35,245,XRQ - TRUCK GROUND-,,9519.2786,761.5423,190.3856,10471.2065,,00000000-0000-0000-0000-000000000000,2026-09-03T11:32:30.457888
72087,4,2024-07-08,2024-08-04,2024-07-17,5,False,SO72087,PO39536,10-4020-000848,269,209,31,OVERNIGHT J-FAST,,8514.0533,681.1243,170.2811,9365.4587,,00000000-0000-0000-0000-000000000000,2026-09-03T11:32:30.457900
72088,7,2024-06-22,2024-06-29,2024-06-28,5,False,SO72088,PO61219,10-4020-000461,621,429,444,CARGO TRANSPORT 5,,13066.4975,1045.3198,261.3299,14373.1472,,00000000-0000-0000-0000-000000000000,2026-09-03T11:32:30.457914
72089,7,2024-08-05,2024-09-01,2024-08-18,5,True,SO72089,PO41632,10-4020-000614,534,148,255,CARGO TRANSPORT 5,,7216.5187,577.3215,144.3304,7938.1706,,00000000-0000-0000-0000-000000000000,2026-09-03T11:32:30.457926
72090,7,2025-01-08,2025-01-17,2025-01-19,5,True,SO72090,PO29079,10-4020-000792,657,21,190,OVERNIGHT J-FAST,,9017.3357,721.3869,180.3467,9919.0693,,00000000-0000-0000-0000-000000000000,2026-09-03T11:32:30.457938
72091,6,2024-12-19,2025-01-04,2024-12-30,5,False,SO72091,PO50388,10-4020-000482,524,250,198,XRQ - TRUCK GROUND-,,4248.4605,339.8768,84.9692,4673.3065,,00000000-0000-0000-0000-000000000000,2026-09-03T11:32:30.457950
72092,3,2025-03-29,2025-04-20,2025-04-06,5,True,SO72092,PO74182,10-4020-000351,546,265,316,XRQ - TRUCK GROUND-,,10443.9809,835.5185,208.8796,11488.379,,00000000-0000-0000-0000-000000000000,2026-09-03T11:32:30.457962
72093,5,2024-07-03,2024-07-18,2024-07-10,5,True,SO72093,PO51032,10-4020-000332,246,290,98,OVERNIGHT J-FAST,,3811.3144,304.9052,76.2263,4192.4459,,00000000-0000-0000-0000-000000000000,2026-09-03T11:32:30.457974
72094,6,2024-11-04,2024-11-27,2024-11-17,5,False,SO72094,PO46506,10-4020-000271,613,218,343,XRQ - TRUCK GROUND-,,2918.1058,233.4485,58.3621,3209.9164,,00000000-0000-0000-0000-000000000000,2026-09-03T11:32:30.457986
72095,3,2024-09-05,2024-10-04,2024-09-12,5,True,SO72095,PO99912,10-4020-000371,730,278,284,OVERNIGHT J-FAST,,11536.2951,922.9036,230.7259,12689.9246,,00000000-0000-0000-0000-000000000000,2026-09-03T11:32:30.457998
72096,3,2024-09-13,2024-09-23,2024-09-27,5,False,SO72096,PO93701,10-4020-000253,211,307,405,XRQ - TRUCK GROUND-,,11980.5581,958.4446,239.6112,13178.6139,,00000000-0000-0000-0000-000000000000,2026-09-03T11:32:30.458010
72097,8,2024-11-20,2024-12-08,2024-11-26,5,False,SO72097,PO73483,10-4020-000735,278,291,236,XRQ - TRUCK GROUND-,,2787.0136,222.9611,55.7403,3065.715,,00000000-0000-0000-0000-000000000000,2026-09-03T11:32:30.458022
72098,2,2024-11-22,2024-12-07,2024-11-26,5,False,SO72098,PO82179,10-4020-000403,4,35,97,OVERNIGHT J-FAST,,2237.7818,179.0225,44.7556,2461.5599,,00000000-0000-0000-0000-000000000000,2026-09-03T11:32:30.458035
72099,5,2025-02-09,2025-03-04,2025-02-21,5,False,SO72099,PO36108,10-4020-000273,53,219,322,OVERNIGHT J-FAST,,6848.6705,547.8936,136.9734,7533.5375,,00000000-0000-0000-0000-000000000000,2026-09-03T11:32:30.458047
72100,7,2025-04-01,2025-04-20,2025-04-09,5,True,SO72100,PO28314,10-4020-000186,126,186,390,CARGO TRANSPORT 5,,1665.7837,133.2627,33.3157,1832.3621,,00000000-0000-0000-0000-000000000000,2026-09-03T11:32:30.458059
72101,5,2024-06-22,2024-07-02,2024-07-03,5,False,SO72101,PO26701,10-4020-000803,99,381,352,OVERNIGHT J-FAST,,12715.2619,1017.221,254.3052,13986.7881,,00000000-0000-0000-0000-000000000000,2026-09-03T11:32:30.458071
72102,1,2024-09-13,2024-09-20,2024-09-17,5,False,SO72102,PO91836,10-4020-000737,284,146,221,CARGO TRANSPORT 5,,647.0639,51.7651,12.9413,711.7703,,00000000-0000-0000-0000-000000000000,2026-09-03T11:32:30.458083
72103,5,2024-09-27,2024-10-21,2024-10-05,5,True,SO72103,PO29884,10-4020-000024,567,300,163,CARGO TRANSPORT 5,,3345.5422,267.6434,66.9108,3680.0964,,00000000-0000-0000-0000-000000000000,2026-09-03T11:32:30.458095
72104,7,2024-08-27,2024-09-09,2024-09-07,5,True,SO72104,PO31023,10-4020-000094,585,380,315,OVERNIGHT J-FAST,,12095.3691,967.6295,241.9074,13304.906,,00000000-0000-0000-0000-000000000000,2026-09-03T11:32:30.458107
72105,4,2025-02-04,2025-02-24,2025-02-10,5,True,SO72105,PO70228,10-4020-000625,170,89,113,OVERNIGHT J-FAST,,1912.221,152.9777,38.2444,2103.4431,,00000000-0000-0000-0000-000000000000,2026-09-03T11:32:30.458119
72106,5,2024-07-25,2024-08-14,2024-08-06,5,False,SO72106,PO68479,10-4020-000219,238,52,434,CARGO TRANSPORT 5,,97.367,7.7894,1.9473,107.1037,,00000000-0000-0000-0000-000000000000,2026-09-03T11:32:30.458130
72107,8,2024-12-27,2025-01-07,2025-01-10,5,False,SO72107,PO90616,10-4020-000769,390,12,278,OVERNIGHT J-FAST,,10700.7539,856.0603,214.0151,11770.8293,,00000000-0000-0000-0000-000000000000,2026-09-03T11:32:30.458142
72108,8,2024-09-14,2024-10-04,2024-09-25,5,False,SO72108,PO52215,10-4020-000022,512,260,316,OVERNIGHT J-FAST,,13233.0042,1058.6403,264.6601,14556.3046,,00000000-0000-0000-0000-000000000000,2026-09-03T11:32:30.458154
72109,6,2025-01-13,2025-01-24,2025-01-27,5,True,SO72109,PO88768,10-4020-000716,700,194,87,OVERNIGHT J-FAST,,9117.9813,729.4385,182.3596,10029.7794,,00000000-0000-0000-0000-000000000000,2026-09-03T11:32:30.458165
72110,6,2024-09-15,2024-10-04,2024-09-22,5,True,SO72110,PO48099,10-4020-000237,389,308,450,OVERNIGHT J-FAST,,3308.029,264.6423,66.1606,3638.8319,,00000000-0000-0000-0000-000000000000,2026-09-03T11:32:30.458177
72111,4,2024-06-13,2024-07-10,2024-06-27,5,True,SO72111,PO69276,10-4020-000731,820,12,200,XRQ - TRUCK GROUND-,,10313.058,825.0446,206.2612,11344.3638,,00000000-0000-0000-0000-000000000000,2026-09-03T11:32:30.458188
72112,1,2024-11-24,2024-12-16,2024-12-03,5,False,SO72112,PO65592,10-4020-000092,448,131,179,CARGO TRANSPORT 5,,5424.8326,433.9866,108.4967,5967.3159,,00000000-0000-0000-0000-000000000000,2026-09-03T11:32:30.458200
72113,5,2024-10-16,2024-11-07,2024-10-21,5,True,SO72113,PO38722,10-4020-000600,661,265,307,XRQ - TRUCK GROUND-,,5530.5916,442.4473,110.6118,6083.6507,,00000000-0000-0000-0000-000000000000,2026-09-03T11:32:30.458212
72114,7,2024-09-09,2024-09-27,2024-09-12,5,True,SO72114,PO21792,10-4020-000725,163,48,316,XRQ - TRUCK GROUND-,,12696.2431,1015.6994,253.9249,13965.8674,,00000000-0000-0000-0000-000000000000,2026-09-03T11:32:30.458224
72115,2,2025-03-11,2025-04-03,2025-03-18,5,False,SO72115,PO29533,10-4020-000301,146,440,224,OVERNIGHT J-FAST,,798.4728,63.8778,15.9695,878.3201,,00000000-0000-0000-0000-000000000000,2026-09-03T11:32:30.458235
72116,5,2024-09-04,2024-09-16,2024-09-15,5,True,SO72116,PO40384,10-4020-000095,636,27,294,XRQ - TRUCK GROUND-,,3474.8756,277.99,69.4975,3822.3631,,00000000-0000-0000-0000-000000000000,2026-09-03T11:32:30.458247
72117,8,2024-08-30,2024-09-19,2024-09-04,5,True,SO72117,PO12252,10-4020-000828,201,309,365,CARGO TRANSPORT 5,,4359.2327,348.7386,87.1847,4795.156,,00000000-0000-0000-0000-000000000000,2026-09-03T11:32:30.458259
72118,5,2024-07-05,2024-07-17,2024-07-16,5,True,SO72118,PO70625,10-4020-000567,780,189,371,CARGO TRANSPORT 5,,11603.9029,928.3122,232.0781,12764.2932,,00000000-0000-0000-0000-000000000000,2026-09-03T11:32:30.458270
72119,3,2024-08-18,2024-09-01,2024-08-21,5,False,SO72119,PO32517,10-4020-000785,279,263,417,CARGO TRANSPORT 5,,8028.1773,642.2542,160.5635,8830.995,,00000000-0000-0000-0000-000000000000,2026-09-03T11:32:30.458282
72120,1,2025-02-12,2025-03-03,2025-02-17,5,True,SO72120,PO16336,10-4020-000481,160,434,68,CARGO TRANSPORT 5,,7592.4207,607.3937,151.8484,8351.6628,,00000000-0000-0000-0000-000000000000,2026-09-03T11:32:30.458293
72121,5,2025-04-08,2025-04-29,2025-04-14,5,False,SO72121,PO32956,10-4020-000728,113,366,128,CARGO TRANSPORT 5,,12522.4848,1001.7988,250.4497,13774.7333,,00000000-0000-0000-0000-000000000000,2026-09-03T11:32:30.458305
72122,1,2025-04-24,2025-05-03,2025-05-03,5,True,SO72122,PO10075,10-4020-000295,472,271,410,OVERNIGHT J-FAST,,9109.8608,728.7889,182.1972,10020.8469,,00000000-0000-0000-0000-000000000000,2026-09-03T11:32:30.458317
72123,7,2025-05-13,2025-06-05,2025-05-23,5,False,SO72123,PO89366,10-4020-000592,736,429,384,OVERNIGHT J-FAST,,11326.1652,906.0932,226.5233,12458.7817,,00000000-0000-0000-0000-000000000000,2026-09-03T11:32:30.458329
72124,7,2024-10-07,2024-10-19,2024-10-18,5,False,SO72124,PO26546,10-4020-000825,38,106,38,XRQ - TRUCK GROUND-,,7875.8827,630.0706,157.5177,8663.471,,00000000-0000-0000-0000-000000000000,2026-09-03T11:32:30.458341
72125,2,2024-12-06,2025-01-01,2024-12-15,5,False,SO72125,PO59275,10-4020-000307,383,13,162,OVERNIGHT J-FAST,,12637.0929,1010.9674,252.7419,13900.8022,,00000000-0000-0000-0000-000000000000,2026-09-03T11:32:30.458353
72126,4,2024-09-10,2024-09-30,2024-09-23,5,True,SO72126,PO68974,10-4020-000605,810,389,384,CARGO TRANSPORT 5,,11267.1551,901.3724,225.3431,12393.8706,,00000000-0000-0000-0000-000000000000,2026-09-03T11:32:30.458366
72127,7,2025-04-29,2025-05-13,2025-05-04,5,True,SO72127,PO39762,10-4020-000450,259,250,205,OVERNIGHT J-FAST,,11916.7199,953.3376,238.3344,13108.3919,,00000000-0000-0000-0000-000000000000,2026-09-03T11:32:30.458378
72128,4,2025-05-31,2025-06-21,2025-06-05,5,False,SO72128,PO16730,10-4020-000252,150,328,52,OVERNIGHT J-FAST,,7004.8103,560.3848,140.0962,7705.2913,,00000000-0000-0000-0000-000000000000,2026-09-03T11:32:30.458390
72129,8,2024-12-09,2024-12-28,2024-12-22,5,False,SO72129,PO20239,10-4020-000613,302,182,421,XRQ - TRUCK GROUND-,,844.1342,67.5307,16.8827,928.5476,,00000000-0000-0000-0000-000000000000,2026-09-03T11:32:30.458402
72130,8,2025-03-10,2025-03-19,2025-03-18,5,False,SO72130,PO35359,10-4020-000318,519,85,6,CARGO TRANSPORT 5,,7182.7661,574.6213,143.6553,7901.0427,,00000000-0000-0000-0000-000000000000,2026-09-03T11:32:30.458414
72131,5,2024-08-14,2024-08-22,2024-08-17,5,True,SO72131,PO92663,10-4020-000534,381,13,230,OVERNIGHT J-FAST,,11177.8488,894.2279,223.557,12295.6337,,00000000-0000-0000-0000-000000000000,2026-09-03T11:32:30.458426
72132,8,2024-11-19,2024-12-07,2024-12-01,5,False,SO72132,PO47345,10-4020-000377,53,411,265,XRQ - TRUCK GROUND-,,11987.7421,959.0194,239.7548,13186.5163,,00000000-0000-0000-0000-000000000000,2026-09-03T11:32:30.458438
72133,8,2024-08-03,2024-08-23,2024-08-14,5,True,SO72133,PO97335,10-4020-000799,562,374,384,XRQ - TRUCK GROUND-,,13258.8189,1060.7055,265.1764,14584.7008,,00000000-0000-0000-0000-000000000000,2026-09-03T11:32:30.458450
72134,3,2025-02-15,2025-03-06,2025-02-23,5,False,SO72134,PO93257,10-4020-000274,148,73,391,CARGO TRANSPORT 5,,1055.9733,84.4779,21.1195,1161.5707,,00000000-0000-0000-0000-000000000000,2026-09-03T11:32:30.458462
72135,5,2024-07-18,2024-08-06,2024-07-24,5,True,SO72135,PO15768,10-4020-000311,13,69,100,OVERNIGHT J-FAST,,9272.2716,741.7817,185.4454,10199.4987,,00000000-0000-0000-0000-000000000000,2026-09-03T11:32:30.458473
72136,3,2025-03-19,2025-04-08,2025-03-30,5,False,SO72136,PO37605,10-4020-000001,68,84,440,CARGO TRANSPORT 5,,2945.2806,235.6224,58.9056,3239.8086,,00000000-0000-0000-0000-000000000000,2026-09-03T11:32:30.458486
72137,2,2024-10-14,2024-10-28,2024-10-24,5,True,SO72137,PO98160,10-4020-000506,117,41,343,OVERNIGHT J-FAST,,10922.2071,873.7766,218.4441,12014.4278,,00000000-0000-0000-0000-000000000000,2026-09-03T11:32:30.458497
72138,6,2024-11-23,2024-12-15,2024-11-30,5,False,SO72138,PO92775,10-4020-000681,335,270,80,XRQ - TRUCK GROUND-,,9271.1354,741.6908,185.4227,10198.2489,,00000000-0000-0000-0000-000000000000,2026-09-03T11:32:30.458509
72139,5,2025-05-16,2025-06-11,2025-05-22,5,True,SO72139,PO12913,10-4020-000445,495,140,169,XRQ - TRUCK GROUND-,,12538.6119,1003.089,250.7722,13792.4731,,00000000-0000-0000-0000-000000000000,2026-09-03T11:32:30.458521
72140,7,2024-11-01,2024-11-09,2024-11-13,5,False,SO72140,PO43769,10-4020-000110,844,76,285,CARGO TRANSPORT 5,,7508.1719,600.6538,150.1634,8258.9891,,00000000-0000-0000-0000-000000000000,2026-09-03T11:32:30.458533
72141,4,2024-09-21,2024-10-12,2024-09-26,5,True,SO72141,PO81068,10-4020-000518,372,212,381,OVERNIGHT J-FAST,,13217.155,1057.3724,264.3431,14538.8705,,00000000-0000-0000-0000-000000000000,2026-09-03T11:32:30.458545
72142,5,2025-01-01,2025-01-10,2025-01-07,5,True,SO72142,PO91665,10-4020-000493,679,34,397,OVERNIGHT J-FAST,,8520.2644,681.6212,170.4053,9372.2909,,00000000-0000-0000-0000-000000000000,2026-09-03T11:32:30.458557
72143,7,2024-06-30,2024-07-11,2024-07-09,5,False,SO72143,PO14010,10-4020-000342,380,61,158,CARGO TRANSPORT 5,,6562.5702,525.0056,131.2514,7218.8272,,00000000-0000-0000-0000-000000000000,2026-09-03T11:32:30.458568
72144,8,2025-02-05,2025-02-24,2025-02-17,5,True,SO72144,PO63125,10-4020-000441,241,147,125,XRQ - TRUCK GROUND-,,13192.6324,1055.4106,263.8526,14511.8956,,00000000-0000-0000-0000-000000000000,2026-09-03T11:32:30.458580
72145,6,2024-08-24,2024-09-18,2024-09-02,5,True,SO72145,PO23193,10-4020-000085,85,408,378,CARGO TRANSPORT 5,,5074.8637,405.9891,101.4973,5582.3501,,00000000-0000-0000-0000-000000000000,2026-09-03T11:32:30.458592
72146,8,2024-08-16,2024-08-25,2024-08-30,5,True,SO72146,PO16731,10-4020-000003,483,91,17,CARGO TRANSPORT 5,,8128.5383,650.2831,162.5708,8941.3922,,00000000-0000-0000-0000-000000000000,2026-09-03T11:32:30.458604
72147,6,2024-10-28,2024-11-25,2024-11-10,5,False,SO72147,PO97301,10-4020-000586,90,21,85,OVERNIGHT J-FAST,,14756.3309,1180.5065,295.1266,16231.964,,00000000-0000-0000-0000-000000000000,2026-09-03T11:32:30.458616
72148,2,2024-11-17,2024-11-25,2024-11-29,5,True,SO72148,PO35198,10-4020-000809,175,201,422,OVERNIGHT J-FAST,,1544.5711,123.5657,30.8914,1699.0282,,00000000-0000-0000-0000-000000000000,2026-09-03T11:32:30.458628
72149,5,2024-07-26,2024-08-21,2024-08-06,5,True,SO72149,PO90312,10-4020-000292,142,34,237,XRQ - TRUCK GROUND-,,4046.5879,323.727,80.9318,4451.2467,,00000000-0000-0000-0000-000000000000,2026-09-03T11:32:30.458640
72150,2,2024-10-12,2024-11-03,2024-10-24,5,True,SO72150,PO47184,10-4020-000033,403,437,174,XRQ - TRUCK GROUND-,,2403.0409,192.2433,48.0608,2643.345,,00000000-0000-0000-0000-000000000000,2026-09-03T11:32:30.458652
72151,8,2024-08-23,2024-09-10,2024-09-03,5,False,SO72151,PO48489,10-4020-000670,723,418,206,OVERNIGHT J-FAST,,10438.8861,835.1109,208.7777,11482.7747,,00000000-0000-0000-0000-000000000000,2026-09-03T11:32:30.458664
72152,5,2024-09-29,2024-10-27,2024-10-07,5,True,SO72152,PO41546,10-4020-000473,153,361,80,CARGO TRANSPORT 5,,11924.1497,953.932,238.483,13116.5647,,00000000-0000-0000-0000-000000000000,2026-09-03T11:32:30.458676
72153,2,2024-07-11,2024-07-22,2024-07-15,5,False,SO72153,PO26529,10-4020-000153,741,38,145,OVERNIGHT J-FAST,,928.2839,74.2627,18.5657,1021.1123,,00000000-0000-0000-0000-000000000000,2026-09-03T11:32:30.458688
72154,4,2025-05-19,2025-06-17,2025-05-29,5,False,SO72154,PO63723,10-4020-000126,660,343,344,XRQ - TRUCK GROUND-,,4833.2583,386.6607,96.6652,5316.5842,,00000000-0000-0000-0000-000000000000,2026-09-03T11:32:30.458700
72155,4,2025-03-28,2025-04-19,2025-04-10,5,True,SO72155,PO57737,10-4020-000161,401,99,177,CARGO TRANSPORT 5,,4573.0627,365.845,91.4613,5030.369,,00000000-0000-0000-0000-000000000000,2026-09-03T11:32:30.458711
72156,5,2024-06-26,2024-07-15,2024-07-01,5,False,SO72156,PO70752,10-4020-000675,408,402,364,OVERNIGHT J-FAST,,519.1237,41.5299,10.3825,571.0361,,00000000-0000-0000-0000-000000000000,2026-09-03T11:32:30.458723
72157,6,2025-01-17,2025-02-16,2025-01-31,5,False,SO72157,PO96298,10-4020-000323,770,291,445,XRQ - TRUCK GROUND-,,2036.9036,162.9523,40.7381,2240.594,,00000000-0000-0000-0000-000000000000,2026-09-03T11:32:30.458735
72158,3,2024-09-03,2024-09-18,2024-09-12,5,True,SO72158,PO73818,10-4020-000343,152,22,72,CARGO TRANSPORT 5,,161.2086,12.8967,3.2242,177.3295,,00000000-0000-0000-0000-000000000000,2026-09-03T11:32:30.458747
72159,5,2025-02-18,2025-03-03,2025-03-04,5,True,SO72159,PO64771,10-4020-000040,790,5,324,OVERNIGHT J-FAST,,9078.6314,726.2905,181.5726,9986.4945,,00000000-0000-0000-0000-000000000000,2026-09-03T11:32:30.458759
72160,6,2025-05-31,2025-06-17,2025-06-03,5,True,SO72160,PO73281,10-4020-000791,845,257,104,CARGO TRANSPORT 5,,5177.2968,414.1837,103.5459,5695.0264,,00000000-0000-0000-0000-000000000000,2026-09-03T11:32:30.458771
72161,5,2024-08-15,2024-09-07,2024-08-24,5,True,SO72161,PO67008,10-4020-000789,749,410,21,OVERNIGHT J-FAST,,5021.1429,401.6914,100.4229,5523.2572,,00000000-0000-0000-0000-000000000000,2026-09-03T11:32:30.458783
72162,8,2025-03-30,2025-04-07,2025-04-06,5,False,SO72162,PO12348,10-4020-000418,604,322,406,CARGO TRANSPORT 5,,8229.4916,658.3593,164.5898,9052.4407,,00000000-0000-0000-0000-000000000000,2026-09-03T11:32:30.458795
72163,7,2025-01-29,2025-02-19,2025-02-10,5,True,SO72163,PO51311,10-4020-000606,229,231,136,OVERNIGHT J-FAST,,12451.8139,996.1451,249.0363,13696.9953,,00000000-0000-0000-0000-000000000000,2026-09-03T11:32:30.458807
72164,4,2025-04-30,2025-05-28,2025-05-12,5,False,SO72164,PO61748,10-4020-000272,5,272,118,CARGO TRANSPORT 5,,12789.8626,1023.189,255.7973,14068.8489,,00000000-0000-0000-0000-000000000000,2026-09-03T11:32:30.458819
72165,8,2024-09-22,2024-10-06,2024-10-01,5,True,SO72165,PO66362,10-4020-000049,78,411,412,OVERNIGHT J-FAST,,14282.5284,1142.6023,285.6506,15710.7813,,00000000-0000-0000-0000-000000000000,2026-09-03T11:32:30.458830
72166,7,2025-03-02,2025-03-09,2025-03-13,5,False,SO72166,PO88675,10-4020-000680,53,255,298,CARGO TRANSPORT 5,,12225.6489,978.0519,244.513,13448.2138,,00000000-0000-0000-0000-000000000000,2026-09-03T11:32:30.458842
72167,5,2025-03-01,2025-03-11,2025-03-07,5,False,SO72167,PO83499,10-4020-000744,337,91,280,XRQ - TRUCK GROUND-,,9936.2644,794.9012,198.7253,10929.8909,,00000000-0000-0000-0000-000000000000,2026-09-03T11:32:30.458854
72168,7,2024-09-11,2024-09-20,2024-09-19,5,True,SO72168,PO72896,10-4020-000022,102,67,384,XRQ - TRUCK GROUND-,,262.4597,20.9968,5.2492,288.7057,,00000000-0000-0000-0000-000000000000,2026-09-03T11:32:30.458866
72169,5,2024-10-11,2024-11-08,2024-10-18,5,False,SO72169,PO31215,10-4020-000437,209,374,84,OVERNIGHT J-FAST,,2576.8883,206.1511,51.5378,2834.5772,,00000000-0000-0000-0000-000000000000,2026-09-03T11:32:30.458878
72170,5,2024-07-20,2024-08-05,2024-07-31,5,True,SO72170,PO19991,10-4020-000160,125,437,2,CARGO TRANSPORT 5,,11488.1359,919.0509,229.7627,12636.9495,,00000000-0000-0000-0000-000000000000,2026-09-03T11:32:30.458890
72171,5,2024-07-04,2024-07-16,2024-07-08,5,False,SO72171,PO54240,10-4020-000125,513,393,428,XRQ - TRUCK GROUND-,,11691.0398,935.2832,233.8208,12860.1438,,00000000-0000-0000-0000-000000000000,2026-09-03T11:32:30.458902
72172,8,2025-01-25,2025-02-22,2025-02-06,5,False,SO72172,PO20914,10-4020-000365,808,48,181,CARGO TRANSPORT 5,,7686.155,614.8924,153.7231,8454.7705,,00000000-0000-0000-0000-000000000000,2026-09-03T11:32:30.458914
72173,5,2024-12-16,2025-01-15,2024-12-19,5,True,SO72173,PO18314,10-4020-000167,150,176,83,XRQ - TRUCK GROUND-,,12108.6984,968.6959,242.174,13319.5683,,00000000-0000-0000-0000-000000000000,2026-09-03T11:32:30.458926
72174,8,2025-05-20,2025-06-16,2025-05-28,5,True,SO72174,PO54588,10-4020-000399,812,388,222,CARGO TRANSPORT 5,,8045.3979,643.6318,160.908,8849.9377,,00000000-0000-0000-0000-000000000000,2026-09-03T11:32:30.458937
72175,7,2025-02-18,2025-03-03,2025-02-23,5,True,SO72175,PO91405,10-4020-000653,496,397,301,XRQ - TRUCK GROUND-,,11649.1395,931.9312,232.9828,12814.0535,,00000000-0000-0000-0000-000000000000,2026-09-03T11:32:30.458949
72176,4,2025-05-24,2025-06-21,2025-06-03,5,False,SO72176,PO60760,10-4020-000330,658,189,102,CARGO TRANSPORT 5,,1050.1635,84.0131,21.0033,1155.1799,,00000000-0000-0000-0000-000000000000,2026-09-03T11:32:30.458961
72177,1,2024-06-19,2024-07-14,2024-06-27,5,True,SO72177,PO97107,10-4020-000382,665,174,213,XRQ - TRUCK GROUND-,,6820.9958,545.6797,136.4199,7503.0954,,00000000-0000-0000-0000-000000000000,2026-09-03T11:32:30.458973
72178,8,2024-06-04,2024-06-13,2024-06-09,5,True,SO72178,PO87941,10-4020-000534,575,393,60,XRQ - TRUCK GROUND-,,14545.2768,1163.6221,290.9055,15999.8044,,00000000-0000-0000-0000-000000000000,2026-09-03T11:32:30.458985
72179,6,2024-08-09,2024-08-19,2024-08-21,5,True,SO72179,PO93634,10-4020-000325,252,160,275,OVERNIGHT J-FAST,,7127.7757,570.2221,142.5555,7840.5533,,00000000-0000-0000-0000-000000000000,2026-09-03T11:32:30.458997
72180,2,2024-10-29,2024-11-06,2024-11-05,5,True,SO72180,PO43853,10-4020-000836,389,79,144,OVERNIGHT J-FAST,,632.1349,50.5708,12.6427,695.3484,,00000000-0000-0000-0000-000000000000,2026-09-03T11:32:30.459009
72181,6,2024-12-28,2025-01-06,2025-01-07,5,False,SO72181,PO49298,10-4020-000417,24,14,146,OVERNIGHT J-FAST,,14720.5884,1177.6471,294.4118,16192.6473,,00000000-0000-0000-0000-000000000000,2026-09-03T11:32:30.459021
72182,3,2024-09-03,2024-09-26,2024-09-15,5,True,SO72182,PO57517,10-4020-000117,98,136,394,OVERNIGHT J-FAST,,10691.4146,855.3132,213.8283,11760.5561,,00000000-0000-0000-0000-000000000000,2026-09-03T11:32:30.459033
72183,3,2024-11-10,2024-12-05,2024-11-16,5,True,SO72183,PO40345,10-4020-000051,284,160,431,XRQ - TRUCK GROUND-,,13331.7054,1066.5364,266.6341,14664.8759,,00000000-0000-0000-0000-000000000000,2026-09-03T11:32:30.459045
72184,2,2025-03-05,2025-04-03,2025-03-16,5,False,SO72184,PO82399,10-4020-000674,305,52,207,CARGO TRANSPORT 5,,13698.9495,1095.916,273.979,15068.8445,,00000000-0000-0000-0000-000000000000,2026-09-03T11:32:30.459057
72185,7,2024-11-07,2024-11-16,2024-11-20,5,False,SO72185,PO45264,10-4020-000759,54,71,36,CARGO TRANSPORT 5,,13786.6328,1102.9306,275.7327,15165.2961,,00000000-0000-0000-0000-000000000000,2026-09-03T11:32:30.459068
72186,8,2025-03-29,2025-04-06,2025-04-08,5,False,SO72186,PO63213,10-4020-000555,110,136,82,XRQ - TRUCK GROUND-,,109.9413,8.7953,2.1988,120.9354,,00000000-0000-0000-0000-000000000000,2026-09-03T11:32:30.459080
72187,4,2025-03-15,2025-03-24,2025-03-23,5,True,SO72187,PO34265,10-4020-000665,583,359,444,CARGO TRANSPORT 5,,13430.6166,1074.4493,268.6123,14773.6782,,00000000-0000-0000-0000-000000000000,2026-09-03T11:32:30.459092
72188,8,2025-04-19,2025-05-02,2025-05-03,5,True,SO72188,PO32199,10-4020-000756,842,443,350,XRQ - TRUCK GROUND-,,12193.1108,975.4489,243.8622,13412.4219,,00000000-0000-0000-0000-000000000000,2026-09-03T11:32:30.459104
72189,1,2024-10-01,2024-10-29,2024-10-12,5,False,SO72189,PO85588,10-4020-000814,748,398,432,CARGO TRANSPORT 5,,14845.2204,1187.6176,296.9044,16329.7424,,00000000-0000-0000-0000-000000000000,2026-09-03T11:32:30.459116
72190,1,2025-02-08,2025-02-28,2025-02-14,5,False,SO72190,PO35227,10-4020-000845,541,150,177,CARGO TRANSPORT 5,,8236.0784,658.8863,164.7216,9059.6863,,00000000-0000-0000-0000-000000000000,2026-09-03T11:32:30.459128
72191,7,2024-12-25,2025-01-19,2025-01-01,5,False,SO72191,PO42640,10-4020-000632,128,362,216,OVERNIGHT J-FAST,,14607.1363,1168.5709,292.1427,16067.8499,,00000000-0000-0000-0000-000000000000,2026-09-03T11:32:30.459140
72192,1,2025-04-28,2025-05-08,2025-05-07,5,True,SO72192,PO43152,10-4020-000708,132,296,95,XRQ - TRUCK GROUND-,,9098.576,727.8861,181.9715,10008.4336,,00000000-0000-0000-0000-000000000000,2026-09-03T11:32:30.459152
72193,4,2025-03-25,2025-04-05,2025-04-08,5,True,SO72193,PO40258,10-4020-000256,763,24,375,CARGO TRANSPORT 5,,1843.6597,147.4928,36.8732,2028.0257,,00000000-0000-0000-0000-000000000000,2026-09-03T11:32:30.459164
72194,4,2025-05-17,2025-06-01,2025-05-21,5,True,SO72194,PO95439,10-4020-000216,735,57,425,XRQ - TRUCK GROUND-,,5951.0456,476.0836,119.0209,6546.1501,,00000000-0000-0000-0000-000000000000,2026-09-03T11:32:30.459176
72195,6,2024-06-08,2024-06-21,2024-06-18,5,True,SO72195,PO29265,10-4020-000742,664,403,64,OVERNIGHT J-FAST,,6229.6697,498.3736,124.5934,6852.6367,,00000000-0000-0000-0000-000000000000,2026-09-03T11:32:30.459188
72196,7,2024-11-14,2024-12-12,2024-11-25,5,False,SO72196,PO68118,10-4020-000680,207,440,326,CARGO TRANSPORT 5,,14659.8876,1172.791,293.1978,16125.8764,,00000000-0000-0000-0000-000000000000,2026-09-03T11:32:30.459199
72197,4,2024-09-14,2024-10-12,2024-09-27,5,True,SO72197,PO74213,10-4020-000501,281,224,26,OVERNIGHT J-FAST,,5868.7049,469.4964,117.3741,6455.5754,,00000000-0000-0000-0000-000000000000,2026-09-03T11:32:30.459212
72198,3,2024-06-02,2024-06-10,2024-06-05,5,False,SO72198,PO78718,10-4020-000297,209,212,57,OVERNIGHT J-FAST,,6527.7362,522.2189,130.5547,7180.5098,,00000000-0000-0000-0000-000000000000,2026-09-03T11:32:30.459224
72199,3,2024-08-12,2024-09-01,2024-08-15,5,False,SO72199,PO79414,10-4020-000067,601,233,179,OVERNIGHT J-FAST,,4287.5203,343.0016,85.7504,4716.2723,,00000000-0000-0000-0000-000000000000,2026-09-03T11:32:30.459236
72200,4,2025-04-26,2025-05-25,2025-05-03,5,False,SO72200,PO61196,10-4020-000277,165,246,113,OVERNIGHT J-FAST,,3403.5203,272.2816,68.0704,3743.8723,,00000000-0000-0000-0000-000000000000,2026-09-03T11:32:30.459248
72201,4,2024-08-08,2024-09-04,2024-08-18,5,False,SO72201,PO38688,10-4020-000565,522,329,75,CARGO TRANSPORT 5,,306.3293,24.5063,6.1266,336.9622,,00000000-0000-0000-0000-000000000000,2026-09-03T11:32:30.459261
72202,5,2024-10-16,2024-11-14,2024-10-20,5,False,SO72202,PO96283,10-4020-000529,819,159,383,OVERNIGHT J-FAST,,10832.5779,866.6062,216.6516,11915.8357,,00000000-0000-0000-0000-000000000000,2026-09-03T11:32:30.459273
72203,2,2024-06-11,2024-06-25,2024-06-18,5,False,SO72203,PO42020,10-4020-000776,685,285,439,XRQ - TRUCK GROUND-,,991.3682,79.3095,19.8274,1090.5051,,00000000-0000-0000-0000-000000000000,2026-09-03T11:32:30.459287
72204,3,2025-03-22,2025-04-18,2025-04-01,5,True,SO72204,PO29542,10-4020-000021,336,394,354,XRQ - TRUCK GROUND-,,11994.9701,959.5976,239.8994,13194.4671,,00000000-0000-0000-0000-000000000000,2026-09-03T11:32:30.459300
72205,1,2025-01-01,2025-01-23,2025-01-07,5,True,SO72205,PO24216,10-4020-000751,314,370,392,OVERNIGHT J-FAST,,8540.8684,683.2695,170.8174,9394.9553,,00000000-0000-0000-0000-000000000000,2026-09-03T11:32:30.459312
72206,5,2024-10-07,2024-11-01,2024-10-13,5,False,SO72206,PO97796,10-4020-000617,579,289,183,CARGO TRANSPORT 5,,10455.6027,836.4482,209.1121,11501.163,,00000000-0000-0000-0000-000000000000,2026-09-03T11:32:30.459324
72207,4,2024-12-12,2024-12-26,2024-12-20,5,True,SO72207,PO54059,10-4020-000366,483,389,124,XRQ - TRUCK GROUND-,,7104.2244,568.338,142.0845,7814.6469,,00000000-0000-0000-0000-000000000000,2026-09-03T11:32:30.459335
72208,7,2024-11-18,2024-12-12,2024-11-21,5,True,SO72208,PO23525,10-4020-000579,141,119,211,CARGO TRANSPORT 5,,7422.6007,593.8081,148.452,8164.8608,,00000000-0000-0000-0000-000000000000,2026-09-03T11:32:30.459347
72209,2,2024-09-13,2024-09-23,2024-09-26,5,False,SO72209,PO27789,10-4020-000227,756,110,112,OVERNIGHT J-FAST,,7032.889,562.6311,140.6578,7736.1779,,00000000-0000-0000-0000-000000000000,2026-09-03T11:32:30.459359
72210,1,2024-07-20,2024-08-14,2024-07-29,5,True,SO72210,PO46754,10-4020-000659,603,231,108,CARGO TRANSPORT 5,,597.4072,47.7926,11.9481,657.1479,,00000000-0000-0000-0000-000000000000,2026-09-03T11:32:30.459371
72211,2,2024-11-22,2024-12-01,2024-11-29,5,True,SO72211,PO15789,10-4020-000488,706,142,278,CARGO TRANSPORT 5,,13857.3291,1108.5863,277.1466,15243.062,,00000000-0000-0000-0000-000000000000,2026-09-03T11:32:30.459384
72212,1,2025-05-03,2025-05-25,2025-05-09,5,False,SO72212,PO53351,10-4020-000103,91,258,299,CARGO TRANSPORT 5,,11372.0297,909.7624,227.4406,12509.2327,,00000000-0000-0000-0000-000000000000,2026-09-03T11:32:30.459396
72213,7,2025-03-22,2025-04-20,2025-03-30,5,False,SO72213,PO69291,10-4020-000570,713,85,14,XRQ - TRUCK GROUND-,,4201.1659,336.0933,84.0233,4621.2825,,00000000-0000-0000-0000-000000000000,2026-09-03T11:32:30.459407
72214,1,2024-07-20,2024-08-17,2024-07-27,5,True,SO72214,PO32553,10-4020-000843,161,120,378,CARGO TRANSPORT 5,,14711.5383,1176.9231,294.2308,16182.6922,,00000000-0000-0000-0000-000000000000,2026-09-03T11:32:30.459419
72215,4,2024-08-31,2024-09-13,2024-09-05,5,False,SO72215,PO70405,10-4020-000063,678,231,116,XRQ - TRUCK GROUND-,,2978.048,238.2438,59.561,3275.8528,,00000000-0000-0000-0000-000000000000,2026-09-03T11:32:30.459432
72216,4,2024-08-08,2024-08-26,2024-08-21,5,False,SO72216,PO66599,10-4020-000158,705,33,427,CARGO TRANSPORT 5,,520.789,41.6631,10.4158,572.8679,,00000000-0000-0000-0000-000000000000,2026-09-03T11:32:30.459444
72217,3,2025-01-29,2025-02-16,2025-02-01,5,True,SO72217,PO99710,10-4020-000431,112,44,392,CARGO TRANSPORT 5,,5702.3878,456.191,114.0478,6272.6266,,00000000-0000-0000-0000-000000000000,2026-09-03T11:32:30.459456
72218,7,2024-09-17,2024-09-27,2024-09-26,5,True,SO72218,PO31782,10-4020-000273,731,267,366,XRQ - TRUCK GROUND-,,1144.5348,91.5628,22.8907,1258.9883,,00000000-0000-0000-0000-000000000000,2026-09-03T11:32:30.459468
72219,6,2025-05-13,2025-06-03,2025-05-18,5,True,SO72219,PO68859,10-4020-000436,177,313,429,OVERNIGHT J-FAST,,7986.4438,638.9155,159.7289,8785.0882,,00000000-0000-0000-0000-000000000000,2026-09-03T11:32:30.459480
72220,4,2024-10-21,2024-11-20,2024-10-24,5,True,SO72220,PO63191,10-4020-000303,385,396,275,OVERNIGHT J-FAST,,4770.1665,381.6133,95.4033,5247.1831,,00000000-0000-0000-0000-000000000000,2026-09-03T11:32:30.459492
72221,2,2024-07-17,2024-08-15,2024-07-22,5,True,SO72221,PO40112,10-4020-000755,718,274,439,CARGO TRANSPORT 5,,13127.1349,1050.1708,262.5427,14439.8484,,00000000-0000-0000-0000-000000000000,2026-09-03T11:32:30.459505
72222,3,2025-03-14,2025-03-22,2025-03-25,5,True,SO72222,PO80651,10-4020-000238,819,65,124,CARGO TRANSPORT 5,,7215.8591,577.2687,144.3172,7937.445,,00000000-0000-0000-0000-000000000000,2026-09-03T11:32:30.459517
72223,2,2025-02-16,2025-03-02,2025-02-27,5,True,SO72223,PO54448,10-4020-000538,551,48,133,OVERNIGHT J-FAST,,12881.6322,1030.5306,257.6326,14169.7954,,00000000-0000-0000-0000-000000000000,2026-09-03T11:32:30.459529
72224,3,2024-11-18,2024-11-26,2024-11-27,5,False,SO72224,PO36909,10-4020-000144,823,405,113,XRQ - TRUCK GROUND-,,8256.1661,660.4933,165.1233,9081.7827,,00000000-0000-0000-0000-000000000000,2026-09-03T11:32:30.459541
72225,3,2025-04-22,2025-05-18,2025-05-02,5,True,SO72225,PO65328,10-4020-000739,650,280,42,XRQ - TRUCK GROUND-,,1386.2772,110.9022,27.7255,1524.9049,,00000000-0000-0000-0000-000000000000,2026-09-03T11:32:30.459553
72226,5,2024-11-12,2024-11-29,2024-11-15,5,True,SO72226,PO11511,10-4020-000799,28,397,341,XRQ - TRUCK GROUND-,,6940.4431,555.2354,138.8089,7634.4874,,00000000-0000-0000-0000-000000000000,2026-09-03T11:32:30.459565
72227,1,2024-06-13,2024-06-22,2024-06-21,5,True,SO72227,PO93498,10-4020-000600,84,43,353,CARGO TRANSPORT 5,,12950.1425,1036.0114,259.0029,14245.1568,,00000000-0000-0000-0000-000000000000,2026-09-03T11:32:30.459577
72228,2,2025-02-02,2025-02-23,2025-02-13,5,False,SO72228,PO17503,10-4020-000807,646,384,310,CARGO TRANSPORT 5,,14298.6754,1143.894,285.9735,15728.5429,,00000000-0000-0000-0000-000000000000,2026-09-03T11:32:30.459589
72229,6,2024-08-16,2024-09-04,2024-08-29,5,True,SO72229,PO76062,10-4020-000662,297,386,150,OVERNIGHT J-FAST,,14826.6234,1186.1299,296.5325,16309.2858,,00000000-0000-0000-0000-000000000000,2026-09-03T11:32:30.459600
72230,3,2024-08-21,2024-09-16,2024-09-03,5,False,SO72230,PO47641,10-4020-000503,535,394,40,CARGO TRANSPORT 5,,1321.3546,105.7084,26.4271,1453.4901,,00000000-0000-0000-0000-000000000000,2026-09-03T11:32:30.459612
72231,5,2024-08-29,2024-09-21,2024-09-10,5,True,SO72231,PO51171,10-4020-000389,481,21,260,OVERNIGHT J-FAST,,12374.1375,989.931,247.4828,13611.5513,,00000000-0000-0000-0000-000000000000,2026-09-03T11:32:30.459624
72232,1,2025-01-26,2025-02-02,2025-02-08,5,False,SO72232,PO42192,10-4020-000387,354,326,175,CARGO TRANSPORT 5,,442.4577,35.3966,8.8492,486.7035,,00000000-0000-0000-0000-000000000000,2026-09-03T11:32:30.459636
72233,5,2024-12-03,2024-12-26,2024-12-08,5,False,SO72233,PO59508,10-4020-000577,126,121,212,CARGO TRANSPORT 5,,10872.2934,869.7835,217.4459,11959.5228,,00000000-0000-0000-0000-000000000000,2026-09-03T11:32:30.459648
72234,6,2024-10-16,2024-11-03,2024-10-29,5,True,SO72234,PO57999,10-4020-000318,842,88,402,XRQ - TRUCK GROUND-,,7699.6544,615.9724,153.9931,8469.6199,,00000000-0000-0000-0000-000000000000,2026-09-03T11:32:30.459660
72235,1,2024-12-10,2025-01-06,2024-12-20,5,True,SO72235,PO63311,10-4020-000213,247,211,309,XRQ - TRUCK GROUND-,,10957.5153,876.6012,219.1503,12053.2668,,00000000-0000-0000-0000-000000000000,2026-09-03T11:32:30.459672
72236,6,2025-03-13,2025-03-20,2025-03-25,5,True,SO72236,PO26484,10-4020-000067,63,138,411,CARGO TRANSPORT 5,,6927.3536,554.1883,138.5471,7620.089,,00000000-0000-0000-0000-000000000000,2026-09-03T11:32:30.459685
72237,5,2024-08-02,2024-08-25,2024-08-06,5,True,SO72237,PO44289,10-4020-000641,751,133,439,XRQ - TRUCK GROUND-,,12985.5074,1038.8406,259.7101,14284.0581,,00000000-0000-0000-0000-000000000000,2026-09-03T11:32:30.459697
72238,8,2024-08-30,2024-09-21,2024-09-05,5,True,SO72238,PO59556,10-4020-000736,783,97,271,XRQ - TRUCK GROUND-,,8234.7912,658.7833,164.6958,9058.2703,,00000000-0000-0000-0000-000000000000,2026-09-03T11:32:30.459709
72239,4,2024-07-03,2024-07-14,2024-07-16,5,True,SO72239,PO28546,10-4020-000714,410,317,348,OVERNIGHT J-FAST,,6025.6453,482.0516,120.5129,6628.2098,,00000000-0000-0000-0000-000000000000,2026-09-03T11:32:30.459721
72240,5,2024-08-27,2024-09-16,2024-09-03,5,True,SO72240,PO12714,10-4020-000249,430,388,368,CARGO TRANSPORT 5,,7849.766,627.9813,156.9953,8634.7426,,00000000-0000-0000-0000-000000000000,2026-09-03T11:32:30.459733
72241,7,2024-12-06,2024-12-19,2024-12-10,5,False,SO72241,PO43010,10-4020-000085,474,448,21,OVERNIGHT J-FAST,,10847.6297,867.8104,216.9526,11932.3927,,00000000-0000-0000-0000-000000000000,2026-09-03T11:32:30.459745
72242,7,2024-10-28,2024-11-09,2024-11-05,5,False,SO72242,PO48091,10-4020-000044,192,207,404,CARGO TRANSPORT 5,,14184.5201,1134.7616,283.6904,15602.9721,,00000000-0000-0000-0000-000000000000,2026-09-03T11:32:30.459757
72243,3,2025-05-12,2025-05-28,2025-05-18,5,True,SO72243,PO97643,10-4020-000087,482,194,158,OVERNIGHT J-FAST,,5567.2618,445.3809,111.3452,6123.9879,,00000000-0000-0000-0000-000000000000,2026-09-03T11:32:30.459770
72244,1,2024-10-22,2024-11-05,2024-11-05,5,True,SO72244,PO58283,10-4020-000248,570,358,257,XRQ - TRUCK GROUND-,,12953.1086,1036.2487,259.0622,14248.4195,,00000000-0000-0000-0000-000000000000,2026-09-03T11:32:30.459782
72245,5,2024-08-31,2024-09-17,2024-09-14,5,True,SO72245,PO71037,10-4020-000625,714,32,345,XRQ - TRUCK GROUND-,,12464.7138,997.1771,249.2943,13711.1852,,00000000-0000-0000-0000-000000000000,2026-09-03T11:32:30.459794
72246,1,2024-11-22,2024-12-08,2024-11-28,5,True,SO72246,PO38329,10-4020-000214,784,422,182,CARGO TRANSPORT 5,,611.2377,48.899,12.2248,672.3615,,00000000-0000-0000-0000-000000000000,2026-09-03T11:32:30.459806
72247,6,2025-02-25,2025-03-26,2025-03-01,5,False,SO72247,PO39082,10-4020-000827,145,413,53,CARGO TRANSPORT 5,,3902.8705,312.2296,78.0574,4293.1575,,00000000-0000-0000-0000-000000000000,2026-09-03T11:32:30.459818
72248,8,2024-07-19,2024-08-11,2024-07-29,5,True,SO72248,PO81352,10-4020-000050,622,102,124,XRQ - TRUCK GROUND-,,10684.0177,854.7214,213.6804,11752.4195,,00000000-0000-0000-0000-000000000000,2026-09-03T11:32:30.459830
72249,4,2024-07-17,2024-08-08,2024-07-23,5,True,SO72249,PO63083,10-4020-000660,331,116,21,OVERNIGHT J-FAST,,9481.5603,758.5248,189.6312,10429.7163,,00000000-0000-0000-0000-000000000000,2026-09-03T11:32:30.459842
72250,2,2024-06-18,2024-07-14,2024-06-29,5,False,SO72250,PO52918,10-4020-000399,98,237,257,OVERNIGHT J-FAST,,10864.2442,869.1395,217.2849,11950.6686,,00000000-0000-0000-0000-000000000000,2026-09-03T11:32:30.459854
72251,1,2025-03-10,2025-03-17,2025-03-15,5,True,SO72251,PO13482,10-4020-000831,31,301,55,OVERNIGHT J-FAST,,10818.2768,865.4621,216.3655,11900.1044,,00000000-0000-0000-0000-000000000000,2026-09-03T11:32:30.459866
72252,3,2024-12-30,2025-01-25,2025-01-10,5,True,SO72252,PO42032,10-4020-000705,387,171,242,XRQ - TRUCK GROUND-,,1724.6187,137.9695,34.4924,1897.0806,,00000000-0000-0000-0000-000000000000,2026-09-03T11:32:30.459878
72253,5,2025-05-26,2025-06-21,2025-05-30,5,False,SO72253,PO10402,10-4020-000636,697,110,201,OVERNIGHT J-FAST,,7485.4073,598.8326,149.7081,8233.948,,00000000-0000-0000-0000-000000000000,2026-09-03T11:32:30.459890
72254,3,2025-04-09,2025-04-17,2025-04-13,5,False,SO72254,PO89127,10-4020-000073,828,64,446,XRQ - TRUCK GROUND-,,11891.6339,951.3307,237.8327,13080.7973,,00000000-0000-0000-0000-000000000000,2026-09-03T11:32:30.459902
72255,5,2025-04-24,2025-05-04,2025-05-05,5,False,SO72255,PO39601,10-4020-000237,407,272,245,OVERNIGHT J-FAST,,11589.4178,927.1534,231.7884,12748.3596,,00000000-0000-0000-0000-000000000000,2026-09-03T11:32:30.459914
72256,7,2024-06-14,2024-06-27,2024-06-19,5,True,SO72256,PO38257,10-4020-000622,617,259,76,CARGO TRANSPORT 5,,8819.0284,705.5223,176.3806,9700.9313,,00000000-0000-0000-0000-000000000000,2026-09-03T11:32:30.459926
72257,6,2024-10-01,2024-10-18,2024-10-10,5,True,SO72257,PO22088,10-4020-000262,38,357,382,XRQ - TRUCK GROUND-,,6796.8144,543.7452,135.9363,7476.4959,,00000000-0000-0000-0000-000000000000,2026-09-03T11:32:30.459937
72258,7,2024-10-29,2024-11-28,2024-11-01,5,False,SO72258,PO92638,10-4020-000022,797,406,173,CARGO TRANSPORT 5,,1994.2841,159.5427,39.8857,2193.7125,,00000000-0000-0000-0000-000000000000,2026-09-03T11:32:30.459949
72259,7,2025-02-08,2025-02-28,2025-02-22,5,True,SO72259,PO78070,10-4020-000711,99,60,383,CARGO TRANSPORT 5,,14037.1054,1122.9684,280.7421,15440.8159,,00000000-0000-0000-0000-000000000000,2026-09-03T11:32:30.459961
72260,1,2025-01-05,2025-01-13,2025-01-11,5,True,SO72260,PO78191,10-4020-000209,370,200,204,XRQ - TRUCK GROUND-,,11715.5861,937.2469,234.3117,12887.1447,,00000000-0000-0000-0000-000000000000,2026-09-03T11:32:30.459973
72261,1,2024-07-16,2024-08-04,2024-07-21,5,False,SO72261,PO19526,10-4020-000329,764,109,52,CARGO TRANSPORT 5,,12281.676,982.5341,245.6335,13509.8436,,00000000-0000-0000-0000-000000000000,2026-09-03T11:32:30.459985
72262,6,2024-09-20,2024-10-08,2024-09-23,5,False,SO72262,PO76725,10-4020-000564,188,224,293,CARGO TRANSPORT 5,,3847.7024,307.8162,76.954,4232.4726,,00000000-0000-0000-0000-000000000000,2026-09-03T11:32:30.459997
72263,8,2025-02-04,2025-02-24,2025-02-15,5,True,SO72263,PO91419,10-4020-000216,538,426,136,OVERNIGHT J-FAST,,9414.3554,753.1484,188.2871,10355.7909,,00000000-0000-0000-0000-000000000000,2026-09-03T11:32:30.460009
72264,5,2024-06-21,2024-07-15,2024-06-24,5,False,SO72264,PO35437,10-4020-000351,306,122,245,XRQ - TRUCK GROUND-,,1781.6371,142.531,35.6327,1959.8008,,00000000-0000-0000-0000-000000000000,2026-09-03T11:32:30.460021
72265,3,2025-03-09,2025-03-29,2025-03-12,5,True,SO72265,PO40637,10-4020-000661,384,315,371,CARGO TRANSPORT 5,,11063.0389,885.0431,221.2608,12169.3428,,00000000-0000-0000-0000-000000000000,2026-09-03T11:32:30.460032
72266,6,2024-06-28,2024-07-19,2024-07-12,5,True,SO72266,PO89387,10-4020-000842,49,260,189,XRQ - TRUCK GROUND-,,1581.9974,126.5598,31.6399,1740.1971,,00000000-0000-0000-0000-000000000000,2026-09-03T11:32:30.460044
72267,5,2025-03-25,2025-04-10,2025-04-06,5,True,SO72267,PO12067,10-4020-000732,464,131,299,CARGO TRANSPORT 5,,10627.8309,850.2265,212.5566,11690.614,,00000000-0000-0000-0000-000000000000,2026-09-03T11:32:30.460056
72268,7,2024-12-24,2025-01-19,2025-01-05,5,False,SO72268,PO96084,10-4020-000304,566,329,310,XRQ - TRUCK GROUND-,,11355.4698,908.4376,227.1094,12491.0168,,00000000-0000-0000-0000-000000000000,2026-09-03T11:32:30.460068
72269,8,2025-05-13,2025-05-22,2025-05-24,5,False,SO72269,PO29029,10-4020-000549,803,188,297,OVERNIGHT J-FAST,,10190.2754,815.222,203.8055,11209.3029,,00000000-0000-0000-0000-000000000000,2026-09-03T11:32:30.460080
72270,4,2025-04-23,2025-05-04,2025-05-01,5,True,SO72270,PO48588,10-4020-000022,791,257,159,XRQ - TRUCK GROUND-,,14281.4304,1142.5144,285.6286,15709.5734,,00000000-0000-0000-0000-000000000000,2026-09-03T11:32:30.460092
72271,4,2025-04-13,2025-04-25,2025-04-19,5,True,SO72271,PO34242,10-4020-000800,827,420,115,OVERNIGHT J-FAST,,11894.8634,951.5891,237.8973,13084.3498,,00000000-0000-0000-0000-000000000000,2026-09-03T11:32:30.460105
72272,7,2024-08-12,2024-08-31,2024-08-24,5,True,SO72272,PO63453,10-4020-000638,717,12,286,OVERNIGHT J-FAST,,11655.2183,932.4175,233.1044,12820.7402,,00000000-0000-0000-0000-000000000000,2026-09-03T11:32:30.460116
72273,2,2024-08-19,2024-09-09,2024-08-28,5,True,SO72273,PO94139,10-4020-000453,179,384,111,OVERNIGHT J-FAST,,6000.0071,480.0006,120.0001,6600.0078,,00000000-0000-0000-0000-000000000000,2026-09-03T11:32:30.460128
72274,4,2025-03-15,2025-04-07,2025-03-27,5,True,SO72274,PO52700,10-4020-000687,679,309,186,XRQ - TRUCK GROUND-,,14148.3211,1131.8657,282.9664,15563.1532,,00000000-0000-0000-0000-000000000000,2026-09-03T11:32:30.460139
72275,3,2024-10-03,2024-10-31,2024-10-14,5,True,SO72275,PO47316,10-4020-000848,4,177,209,XRQ - TRUCK GROUND-,,13482.9024,1078.6322,269.658,14831.1926,,00000000-0000-0000-0000-000000000000,2026-09-03T11:32:30.460151
72276,7,2024-07-31,2024-08-17,2024-08-03,5,True,SO72276,PO63245,10-4020-000605,782,184,279,XRQ - TRUCK GROUND-,,14724.8909,1177.9913,294.4978,16197.38,,00000000-0000-0000-0000-000000000000,2026-09-03T11:32:30.460164
72277,5,2024-08-15,2024-08-24,2024-08-26,5,False,SO72277,PO85092,10-4020-000388,353,209,323,CARGO TRANSPORT 5,,6540.4763,523.2381,130.8095,7194.5239,,00000000-0000-0000-0000-000000000000,2026-09-03T11:32:30.460175
72278,8,2024-09-19,2024-10-09,2024-09-23,5,True,SO72278,PO34941,10-4020-000827,542,161,293,OVERNIGHT J-FAST,,273.2498,21.86,5.465,300.5748,,00000000-0000-0000-0000-000000000000,2026-09-03T11:32:30.460187
72279,4,2024-08-01,2024-08-16,2024-08-10,5,True,SO72279,PO41536,10-4020-000602,816,396,160,XRQ - TRUCK GROUND-,,3816.3616,305.3089,76.3272,4197.9977,,00000000-0000-0000-0000-000000000000,2026-09-03T11:32:30.460199
72280,1,2024-10-18,2024-10-25,2024-10-23,5,False,SO72280,PO39325,10-4020-000002,7,342,437,XRQ - TRUCK GROUND-,,9409.3172,752.7454,188.1863,10350.2489,,00000000-0000-0000-0000-000000000000,2026-09-03T11:32:30.460211
72281,7,2025-01-09,2025-01-18,2025-01-12,5,True,SO72281,PO60749,10-4020-000516,207,39,42,XRQ - TRUCK GROUND-,,9025.867,722.0694,180.5173,9928.4537,,00000000-0000-0000-0000-000000000000,2026-09-03T11:32:30.460223
72282,6,2024-09-07,2024-09-14,2024-09-10,5,True,SO72282,PO59177,10-4020-000541,58,314,332,OVERNIGHT J-FAST,,12223.9906,977.9192,244.4798,13446.3896,,00000000-0000-0000-0000-000000000000,2026-09-03T11:32:30.460235
72283,2,2024-07-12,2024-08-11,2024-07-20,5,True,SO72283,PO69393,10-4020-000418,793,91,442,XRQ - TRUCK GROUND-,,4430.867,354.4694,88.6173,4873.9537,,00000000-0000-0000-0000-000000000000,2026-09-03T11:32:30.460246
72284,8,2025-02-23,2025-03-22,2025-03-04,5,True,SO72284,PO16592,10-4020-000748,378,113,327,OVERNIGHT J-FAST,,2978.6978,238.2958,59.574,3276.5676,,00000000-0000-0000-0000-000000000000,2026-09-03T11:32:30.460258
72285,8,2024-10-17,2024-11-07,2024-10-27,5,False,SO72285,PO61214,10-4020-000167,60,366,230,CARGO TRANSPORT 5,,301.4277,24.1142,6.0286,331.5705,,00000000-0000-0000-0000-000000000000,2026-09-03T11:32:30.460270
72286,7,2024-12-24,2025-01-21,2024-12-29,5,True,SO72286,PO55160,10-4020-000020,569,409,48,XRQ - TRUCK GROUND-,,11456.347,916.5078,229.1269,12601.9817,,00000000-0000-0000-0000-000000000000,2026-09-03T11:32:30.460282
72287,8,2025-02-07,2025-02-26,2025-02-10,5,True,SO72287,PO84110,10-4020-000717,617,35,394,OVERNIGHT J-FAST,,10888.5731,871.0858,217.7715,11977.4304,,00000000-0000-0000-0000-000000000000,2026-09-03T11:32:30.460293
72288,5,2024-06-12,2024-06-21,2024-06-18,5,True,SO72288,PO36563,10-4020-000465,238,46,68,OVERNIGHT J-FAST,,5989.3196,479.1456,119.7864,6588.2516,,00000000-0000-0000-0000-000000000000,2026-09-03T11:32:30.460305
72289,3,2024-12-01,2024-12-14,2024-12-09,5,False,SO72289,PO24249,10-4020-000479,558,41,238,CARGO TRANSPORT 5,,10738.0377,859.043,214.7608,11811.8415,,00000000-0000-0000-0000-000000000000,2026-09-03T11:32:30.460317
72290,3,2024-09-13,2024-10-11,2024-09-17,5,True,SO72290,PO89026,10-4020-000168,1,195,58,CARGO TRANSPORT 5,,12750.705,1020.0564,255.0141,14025.7755,,00000000-0000-0000-0000-000000000000,2026-09-03T11:32:30.460329
72291,6,2025-01-03,2025-01-14,2025-01-13,5,False,SO72291,PO81580,10-4020-000588,354,193,63,CARGO TRANSPORT 5,,3607.6961,288.6157,72.1539,3968.4657,,00000000-0000-0000-0000-000000000000,2026-09-03T11:32:30.460341
72292,5,2024-09-20,2024-10-06,2024-09-27,5,True,SO72292,PO32111,10-4020-000593,331,25,73,OVERNIGHT J-FAST,,6739.9658,539.1973,134.7993,7413.9624,,00000000-0000-0000-0000-000000000000,2026-09-03T11:32:30.460353
72293,2,2024-10-29,2024-11-18,2024-11-05,5,False,SO72293,PO16933,10-4020-000243,463,105,350,OVERNIGHT J-FAST,,7678.5159,614.2813,153.5703,8446.3675,,00000000-0000-0000-0000-000000000000,2026-09-03T11:32:30.460365
72294,2,2024-07-23,2024-08-03,2024-08-02,5,False,SO72294,PO97461,10-4020-000526,175,96,39,CARGO TRANSPORT 5,,6005.4757,480.4381,120.1095,6606.0233,,00000000-0000-0000-0000-000000000000,2026-09-03T11:32:30.460377
72295,8,2024-08-22,2024-09-16,2024-09-02,5,True,SO72295,PO23413,10-4020-000644,199,134,266,OVERNIGHT J-FAST,,9603.9839,768.3187,192.0797,10564.3823,,00000000-0000-0000-0000-000000000000,2026-09-03T11:32:30.460389
72296,6,2024-08-27,2024-09-26,2024-09-06,5,False,SO72296,PO40653,10-4020-000777,437,444,424,CARGO TRANSPORT 5,,8609.1709,688.7337,172.1834,9470.088,,00000000-0000-0000-0000-000000000000,2026-09-03T11:32:30.460401
72297,2,2025-03-04,2025-03-27,2025-03-09,5,False,SO72297,PO63533,10-4020-000030,347,118,294,OVERNIGHT J-FAST,,3683.2894,294.6632,73.6658,4051.6184,,00000000-0000-0000-0000-000000000000,2026-09-03T11:32:30.460413
72298,7,2024-06-12,2024-07-01,2024-06-25,5,True,SO72298,PO69450,10-4020-000490,717,32,207,OVERNIGHT J-FAST,,7417.75,593.42,148.355,8159.525,,00000000-0000-0000-0000-000000000000,2026-09-03T11:32:30.460425
72299,3,2024-09-29,2024-10-06,2024-10-07,5,True,SO72299,PO59298,10-4020-000554,148,44,338,CARGO TRANSPORT 5,,13509.6721,1080.7738,270.1934,14860.6393,,00000000-0000-0000-0000-000000000000,2026-09-03T11:32:30.460437
72300,6,2024-09-01,2024-09-18,2024-09-14,5,True,SO72300,PO21296,10-4020-000403,696,448,338,OVERNIGHT J-FAST,,3397.4278,271.7942,67.9486,3737.1706,,00000000-0000-0000-0000-000000000000,2026-09-03T11:32:30.460449
72301,8,2024-06-08,2024-06-18,2024-06-21,5,False,SO72301,PO63075,10-4020-000584,154,376,38,XRQ - TRUCK GROUND-,,11670.4343,933.6347,233.4087,12837.4777,,00000000-0000-0000-0000-000000000000,2026-09-03T11:32:30.460460
72302,3,2025-04-30,2025-05-09,2025-05-12,5,True,SO72302,PO52911,10-4020-000582,408,234,387,XRQ - TRUCK GROUND-,,11562.8486,925.0279,231.257,12719.1335,,00000000-0000-0000-0000-000000000000,2026-09-03T11:32:30.460472
72303,5,2024-06-21,2024-07-05,2024-06-30,5,False,SO72303,PO81660,10-4020-000017,163,65,20,OVERNIGHT J-FAST,,8385.0199,670.8016,167.7004,9223.5219,,00000000-0000-0000-0000-000000000000,2026-09-03T11:32:30.460485
72304,4,2024-06-18,2024-07-16,2024-06-29,5,False,SO72304,PO88410,10-4020-000734,709,129,260,OVERNIGHT J-FAST,,14273.4298,1141.8744,285.4686,15700.7728,,00000000-0000-0000-0000-000000000000,2026-09-03T11:32:30.460496
72305,6,2025-04-28,2025-05-28,2025-05-10,5,True,SO72305,PO94839,10-4020-000087,291,178,232,XRQ - TRUCK GROUND-,,1993.3232,159.4659,39.8665,2192.6556,,00000000-0000-0000-0000-000000000000,2026-09-03T11:32:30.460509
72306,1,2025-03-07,2025-04-05,2025-03-20,5,False,SO72306,PO22014,10-4020-000366,184,121,279,OVERNIGHT J-FAST,,7637.6468,611.0117,152.7529,8401.4114,,00000000-0000-0000-0000-000000000000,2026-09-03T11:32:30.460521
72307,4,2025-01-16,2025-02-09,2025-01-29,5,True,SO72307,PO13436,10-4020-000631,463,141,195,CARGO TRANSPORT 5,,5887.9179,471.0334,117.7584,6476.7097,,00000000-0000-0000-0000-000000000000,2026-09-03T11:32:30.460533
72308,8,2025-04-11,2025-05-03,2025-04-23,5,False,SO72308,PO60393,10-4020-000555,154,439,320,XRQ - TRUCK GROUND-,,999.0423,79.9234,19.9808,1098.9465,,00000000-0000-0000-0000-000000000000,2026-09-03T11:32:30.460545
72309,3,2025-01-10,2025-01-21,2025-01-18,5,True,SO72309,PO74737,10-4020-000768,40,405,330,XRQ - TRUCK GROUND-,,7611.7922,608.9434,152.2358,8372.9714,,00000000-0000-0000-0000-000000000000,2026-09-03T11:32:30.460556
72310,1,2024-11-10,2024-11-29,2024-11-23,5,True,SO72310,PO99435,10-4020-000641,812,122,189,CARGO TRANSPORT 5,,10239.3629,819.149,204.7873,11263.2992,,00000000-0000-0000-0000-000000000000,2026-09-03T11:32:30.460568
72311,1,2025-05-23,2025-06-20,2025-05-31,5,False,SO72311,PO59930,10-4020-000746,635,170,352,OVERNIGHT J-FAST,,4076.4419,326.1154,81.5288,4484.0861,,00000000-0000-0000-0000-000000000000,2026-09-03T11:32:30.460580
72312,2,2025-03-19,2025-03-31,2025-03-26,5,True,SO72312,PO54909,10-4020-000384,275,129,94,XRQ - TRUCK GROUND-,,622.8211,49.8257,12.4564,685.1032,,00000000-0000-0000-0000-000000000000,2026-09-03T11:32:30.460592
72313,7,2024-12-19,2025-01-01,2024-12-24,5,False,SO72313,PO90135,10-4020-000302,191,327,127,XRQ - TRUCK GROUND-,,6937.253,554.9802,138.7451,7630.9783,,00000000-0000-0000-0000-000000000000,2026-09-03T11:32:30.460603
72314,5,2024-08-08,2024-08-27,2024-08-14,5,True,SO72314,PO81589,10-4020-000587,106,175,208,CARGO TRANSPORT 5,,10268.7075,821.4966,205.3742,11295.5783,,00000000-0000-0000-0000-000000000000,2026-09-03T11:32:30.460616
72315,6,2024-10-12,2024-10-24,2024-10-23,5,False,SO72315,PO73347,10-4020-000183,352,200,86,XRQ - TRUCK GROUND-,,1240.1239,99.2099,24.8025,1364.1363,,00000000-0000-0000-0000-000000000000,2026-09-03T11:32:30.460628
72316,4,2024-08-27,2024-09-25,2024-09-02,5,False,SO72316,PO79434,10-4020-000623,801,352,190,CARGO TRANSPORT 5,,6084.5886,486.7671,121.6918,6693.0475,,00000000-0000-0000-0000-000000000000,2026-09-03T11:32:30.460640
72317,2,2024-09-23,2024-10-17,2024-10-07,5,False,SO72317,PO58395,10-4020-000375,27,331,251,XRQ - TRUCK GROUND-,,12913.7305,1033.0984,258.2746,14205.1035,,00000000-0000-0000-0000-000000000000,2026-09-03T11:32:30.460651
72318,6,2024-10-13,2024-10-20,2024-10-25,5,False,SO72318,PO73932,10-4020-000792,697,148,423,OVERNIGHT J-FAST,,14346.0717,1147.6857,286.9214,15780.6788,,00000000-0000-0000-0000-000000000000,2026-09-03T11:32:30.460663
72319,5,2024-09-23,2024-10-20,2024-10-05,5,True,SO72319,PO98529,10-4020-000525,845,296,39,CARGO TRANSPORT 5,,163.6548,13.0924,3.2731,180.0203,,00000000-0000-0000-0000-000000000000,2026-09-03T11:32:30.460675
72320,3,2025-02-02,2025-02-10,2025-02-08,5,False,SO72320,PO86280,10-4020-000242,276,407,20,CARGO TRANSPORT 5,,9005.0656,720.4052,180.1013,9905.5721,,00000000-0000-0000-0000-000000000000,2026-09-03T11:32:30.460686
72321,5,2024-12-04,2024-12-13,2024-12-12,5,False,SO72321,PO69464,10-4020-000111,335,424,168,CARGO TRANSPORT 5,,3192.2787,255.3823,63.8456,3511.5066,,00000000-0000-0000-0000-000000000000,2026-09-03T11:32:30.460698
72322,3,2024-07-25,2024-08-12,2024-08-06,5,True,SO72322,PO64982,10-4020-000488,746,434,269,CARGO TRANSPORT 5,,3288.1083,263.0487,65.7622,3616.9192,,00000000-0000-0000-0000-000000000000,2026-09-03T11:32:30.460710
72323,8,2024-09-30,2024-10-17,2024-10-03,5,True,SO72323,PO91365,10-4020-000273,154,357,443,XRQ - TRUCK GROUND-,,11992.1158,959.3693,239.8423,13191.3274,,00000000-0000-0000-0000-000000000000,2026-09-03T11:32:30.460722
72324,2,2024-07-26,2024-08-03,2024-08-03,5,True,SO72324,PO69851,10-4020-000393,631,271,63,XRQ - TRUCK GROUND-,,4288.0081,343.0406,85.7602,4716.8089,,00000000-0000-0000-0000-000000000000,2026-09-03T11:32:30.460734
72325,1,2025-03-30,2025-04-25,2025-04-13,5,True,SO72325,PO72654,10-4020-000007,279,185,67,CARGO TRANSPORT 5,,7879.6289,630.3703,157.5926,8667.5918,,00000000-0000-0000-0000-000000000000,2026-09-03T11:32:30.460746
72326,6,2025-02-19,2025-03-10,2025-02-24,5,True,SO72326,PO53370,10-4020-000571,829,415,398,OVERNIGHT J-FAST,,7925.4072,634.0326,158.5081,8717.9479,,00000000-0000-0000-0000-000000000000,2026-09-03T11:32:30.460757
72327,6,2024-12-31,2025-01-25,2025-01-11,5,False,SO72327,PO68953,10-4020-000552,453,144,153,CARGO TRANSPORT 5,,922.6189,73.8095,18.4524,1014.8808,,00000000-0000-0000-0000-000000000000,2026-09-03T11:32:30.460769
72328,6,2024-08-10,2024-09-02,2024-08-18,5,False,SO72328,PO80955,10-4020-000648,348,376,302,OVERNIGHT J-FAST,,7416.0423,593.2834,148.3208,8157.6465,,00000000-0000-0000-0000-000000000000,2026-09-03T11:32:30.460781
72329,6,2024-12-04,2025-01-02,2024-12-16,5,False,SO72329,PO33301,10-4020-000515,132,156,315,CARGO TRANSPORT 5,,11959.2066,956.7365,239.1841,13155.1272,,00000000-0000-0000-0000-000000000000,2026-09-03T11:32:30.460793
72330,7,2024-07-13,2024-07-30,2024-07-16,5,True,SO72330,PO10820,10-4020-000041,44,80,411,OVERNIGHT J-FAST,,12195.6474,975.6518,243.9129,13415.2121,,00000000-0000-0000-0000-000000000000,2026-09-03T11:32:30.460805
72331,4,2024-12-08,2024-12-17,2024-12-14,5,True,SO72331,PO94233,10-4020-000846,847,60,410,OVERNIGHT J-FAST,,9605.5173,768.4414,192.1103,10566.069,,00000000-0000-0000-0000-000000000000,2026-09-03T11:32:30.460816
72332,1,2024-11-10,2024-11-27,2024-11-18,5,False,SO72332,PO14428,10-4020-000535,209,325,325,OVERNIGHT J-FAST,,1085.1765,86.8141,21.7035,1193.6941,,00000000-0000-0000-0000-000000000000,2026-09-03T11:32:30.460828
72333,2,2025-03-12,2025-03-28,2025-03-19,5,False,SO72333,PO78132,10-4020-000538,632,197,198,XRQ - TRUCK GROUND-,,11085.4189,886.8335,221.7084,12193.9608,,00000000-0000-0000-0000-000000000000,2026-09-03T11:32:30.460840
72334,8,2025-04-14,2025-04-25,2025-04-24,5,True,SO72334,PO65452,10-4020-000460,653,404,226,XRQ - TRUCK GROUND-,,14926.7513,1194.1401,298.535,16419.4264,,00000000-0000-0000-0000-000000000000,2026-09-03T11:32:30.460851
72335,3,2024-10-28,2024-11-27,2024-10-31,5,True,SO72335,PO58010,10-4020-000528,757,361,86,OVERNIGHT J-FAST,,9665.0266,773.2021,193.3005,10631.5292,,00000000-0000-0000-0000-000000000000,2026-09-03T11:32:30.460863
72336,2,2024-10-26,2024-11-18,2024-11-01,5,True,SO72336,PO81219,10-4020-000828,836,55,378,CARGO TRANSPORT 5,,3176.8047,254.1444,63.5361,3494.4852,,00000000-0000-0000-0000-000000000000,2026-09-03T11:32:30.460875
72337,3,2024-09-06,2024-09-19,2024-09-18,5,True,SO72337,PO94560,10-4020-000008,642,157,320,CARGO TRANSPORT 5,,12553.263,1004.261,251.0653,13808.5893,,00000000-0000-0000-0000-000000000000,2026-09-03T11:32:30.460886
72338,1,2024-07-01,2024-07-10,2024-07-12,5,True,SO72338,PO64443,10-4020-000269,502,82,105,XRQ - TRUCK GROUND-,,5688.4871,455.079,113.7697,6257.3358,,00000000-0000-0000-0000-000000000000,2026-09-03T11:32:30.460898
72339,1,2025-03-11,2025-04-04,2025-03-16,5,False,SO72339,PO62956,10-4020-000532,724,45,341,OVERNIGHT J-FAST,,6974.632,557.9706,139.4926,7672.0952,,00000000-0000-0000-0000-000000000000,2026-09-03T11:32:30.460910
72340,6,2024-08-30,2024-09-21,2024-09-09,5,False,SO72340,PO44123,10-4020-000765,372,288,322,OVERNIGHT J-FAST,,11814.4981,945.1598,236.29,12995.9479,,00000000-0000-0000-0000-000000000000,2026-09-03T11:32:30.460922
72341,3,2025-02-03,2025-02-28,2025-02-06,5,False,SO72341,PO28670,10-4020-000634,93,262,419,XRQ - TRUCK GROUND-,,2078.2163,166.2573,41.5643,2286.0379,,00000000-0000-0000-0000-000000000000,2026-09-03T11:32:30.460937
72342,4,2025-01-19,2025-02-18,2025-01-23,5,False,SO72342,PO16959,10-4020-000563,187,368,226,CARGO TRANSPORT 5,,5767.0711,461.3657,115.3414,6343.7782,,00000000-0000-0000-0000-000000000000,2026-09-03T11:32:30.460948
72343,2,2025-04-27,2025-05-18,2025-05-10,5,True,SO72343,PO35994,10-4020-000454,807,368,373,CARGO TRANSPORT 5,,7058.1486,564.6519,141.163,7763.9635,,00000000-0000-0000-0000-000000000000,2026-09-03T11:32:30.460960
72344,3,2025-03-17,2025-03-24,2025-03-25,5,True,SO72344,PO32615,10-4020-000159,591,291,315,CARGO TRANSPORT 5,,9848.1715,787.8537,196.9634,10832.9886,,00000000-0000-0000-0000-000000000000,2026-09-03T11:32:30.460972
72345,2,2024-12-28,2025-01-27,2025-01-06,5,False,SO72345,PO96146,10-4020-000600,78,328,156,CARGO TRANSPORT 5,,13229.3027,1058.3442,264.5861,14552.233,,00000000-0000-0000-0000-000000000000,2026-09-03T11:32:30.460984
72346,4,2025-03-11,2025-03-23,2025-03-19,5,False,SO72346,PO42049,10-4020-000809,592,439,277,CARGO TRANSPORT 5,,8282.351,662.5881,165.647,9110.5861,,00000000-0000-0000-0000-000000000000,2026-09-03T11:32:30.460996
72347,5,2024-11-11,2024-11-26,2024-11-20,5,True,SO72347,PO74107,10-4020-000743,661,238,378,XRQ - TRUCK GROUND-,,8361.3648,668.9092,167.2273,9197.5013,,00000000-0000-0000-0000-000000000000,2026-09-03T11:32:30.461007
72348,7,2025-02-08,2025-02-24,2025-02-14,5,True,SO72348,PO84847,10-4020-000341,268,444,130,XRQ - TRUCK GROUND-,,3322.047,265.7638,66.4409,3654.2517,,00000000-0000-0000-0000-000000000000,2026-09-03T11:32:30.461019
72349,2,2025-02-11,2025-02-23,2025-02-21,5,False,SO72349,PO10352,10-4020-000192,585,90,226,CARGO TRANSPORT 5,,9187.632,735.0106,183.7526,10106.3952,,00000000-0000-0000-0000-000000000000,2026-09-03T11:32:30.461031
72350,4,2024-08-22,2024-09-19,2024-09-03,5,False,SO72350,PO79074,10-4020-000510,737,58,110,OVERNIGHT J-FAST,,878.791,70.3033,17.5758,966.6701,,00000000-0000-0000-0000-000000000000,2026-09-03T11:32:30.461043
72351,6,2025-05-29,2025-06-09,2025-06-10,5,True,SO72351,PO27126,10-4020-000153,29,416,346,CARGO TRANSPORT 5,,13435.9717,1074.8777,268.7194,14779.5688,,00000000-0000-0000-0000-000000000000,2026-09-03T11:32:30.461054
72352,7,2024-08-08,2024-09-07,2024-08-22,5,True,SO72352,PO81824,10-4020-000193,178,20,23,OVERNIGHT J-FAST,,11908.8427,952.7074,238.1769,13099.727,,00000000-0000-0000-0000-000000000000,2026-09-03T11:32:30.461066
72353,8,2025-03-11,2025-04-03,2025-03-22,5,False,SO72353,PO55785,10-4020-000701,216,355,379,XRQ - TRUCK GROUND-,,7359.7342,588.7787,147.1947,8095.7076,,00000000-0000-0000-0000-000000000000,2026-09-03T11:32:30.461080
72354,6,2025-05-27,2025-06-08,2025-06-02,5,False,SO72354,PO17979,10-4020-000818,769,405,417,CARGO TRANSPORT 5,,13183.8036,1054.7043,263.6761,14502.184,,00000000-0000-0000-0000-000000000000,2026-09-03T11:32:30.461092
72355,5,2024-09-12,2024-09-26,2024-09-21,5,True,SO72355,PO85060,10-4020-000814,588,165,57,OVERNIGHT J-FAST,,309.1884,24.7351,6.1838,340.1073,,00000000-0000-0000-0000-000000000000,2026-09-03T11:32:30.461103
72356,3,2024-07-05,2024-07-18,2024-07-19,5,True,SO72356,PO12993,10-4020-000798,153,330,296,CARGO TRANSPORT 5,,5235.9676,418.8774,104.7194,5759.5644,,00000000-0000-0000-0000-000000000000,2026-09-03T11:32:30.461116
72357,1,2025-03-28,2025-04-06,2025-04-04,5,True,SO72357,PO72648,10-4020-000284,670,445,377,XRQ - TRUCK GROUND-,,11251.7103,900.1368,225.0342,12376.8813,,00000000-0000-0000-0000-000000000000,2026-09-03T11:32:30.461128
72358,4,2024-09-07,2024-09-14,2024-09-19,5,False,SO72358,PO71616,10-4020-000085,216,352,304,OVERNIGHT J-FAST,,897.4952,71.7996,17.9499,987.2447,,00000000-0000-0000-0000-000000000000,2026-09-03T11:32:30.461139
72359,2,2024-07-18,2024-07-29,2024-07-27,5,True,SO72359,PO93006,10-4020-000155,750,78,60,CARGO TRANSPORT 5,,9150.0232,732.0019,183.0005,10065.0256,,00000000-0000-0000-0000-000000000000,2026-09-03T11:32:30.461151
72360,8,2024-08-20,2024-09-09,2024-08-30,5,True,SO72360,PO17012,10-4020-000118,621,395,382,XRQ - TRUCK GROUND-,,1815.2843,145.2227,36.3057,1996.8127,,00000000-0000-0000-0000-000000000000,2026-09-03T11:32:30.461163
72361,7,2024-07-16,2024-08-04,2024-07-20,5,True,SO72361,PO33685,10-4020-000043,124,317,370,CARGO TRANSPORT 5,,1783.2117,142.6569,35.6642,1961.5328,,00000000-0000-0000-0000-000000000000,2026-09-03T11:32:30.461174
72362,6,2025-01-15,2025-02-12,2025-01-29,5,False,SO72362,PO42594,10-4020-000203,638,383,374,CARGO TRANSPORT 5,,2083.0023,166.6402,41.66,2291.3025,,00000000-0000-0000-0000-000000000000,2026-09-03T11:32:30.461186
72363,4,2024-06-19,2024-07-09,2024-06-28,5,False,SO72363,PO37315,10-4020-000550,14,339,92,OVERNIGHT J-FAST,,4439.5027,355.1602,88.7901,4883.453,,00000000-0000-0000-0000-000000000000,2026-09-03T11:32:30.461197
72364,5,2025-04-30,2025-05-23,2025-05-04,5,True,SO72364,PO46968,10-4020-000181,103,47,146,CARGO TRANSPORT 5,,13159.2441,1052.7395,263.1849,14475.1685,,00000000-0000-0000-0000-000000000000,2026-09-03T11:32:30.461209
72365,3,2025-03-13,2025-03-30,2025-03-16,5,False,SO72365,PO27646,10-4020-000154,611,147,193,CARGO TRANSPORT 5,,10261.4737,820.9179,205.2295,11287.6211,,00000000-0000-0000-0000-000000000000,2026-09-03T11:32:30.461221
72366,4,2024-06-09,2024-07-08,2024-06-17,5,False,SO72366,PO59872,10-4020-000810,68,415,380,XRQ - TRUCK GROUND-,,12607.8712,1008.6297,252.1574,13868.6583,,00000000-0000-0000-0000-000000000000,2026-09-03T11:32:30.461234
72367,4,2025-05-02,2025-05-31,2025-05-15,5,False,SO72367,PO26803,10-4020-000798,712,299,255,CARGO TRANSPORT 5,,68.4794,5.4784,1.3696,75.3274,,00000000-0000-0000-0000-000000000000,2026-09-03T11:32:30.461246
72368,8,2024-07-20,2024-07-30,2024-07-25,5,False,SO72368,PO35002,10-4020-000435,368,282,168,XRQ - TRUCK GROUND-,,3471.5054,277.7204,69.4301,3818.6559,,00000000-0000-0000-0000-000000000000,2026-09-03T11:32:30.461258
72369,3,2024-12-05,2024-12-18,2024-12-08,5,False,SO72369,PO19823,10-4020-000761,798,80,14,CARGO TRANSPORT 5,,5841.1628,467.293,116.8233,6425.2791,,00000000-0000-0000-0000-000000000000,2026-09-03T11:32:30.461270
72370,7,2025-02-02,2025-02-12,2025-02-10,5,True,SO72370,PO72824,10-4020-000237,571,254,143,CARGO TRANSPORT 5,,13956.2692,1116.5015,279.1254,15351.8961,,00000000-0000-0000-0000-000000000000,2026-09-03T11:32:30.461281
72371,1,2024-08-25,2024-09-15,2024-09-08,5,True,SO72371,PO66521,10-4020-000437,605,12,212,CARGO TRANSPORT 5,,9006.0487,720.4839,180.121,9906.6536,,00000000-0000-0000-0000-000000000000,2026-09-03T11:32:30.461295
72372,5,2024-08-06,2024-08-29,2024-08-19,5,True,SO72372,PO54877,10-4020-000328,268,443,82,XRQ - TRUCK GROUND-,,1940.9175,155.2734,38.8184,2135.0093,,00000000-0000-0000-0000-000000000000,2026-09-03T11:32:30.461307
72373,4,2025-04-20,2025-05-19,2025-05-04,5,False,SO72373,PO14244,10-4020-000256,61,64,9,XRQ - TRUCK GROUND-,,9648.5127,771.881,192.9703,10613.364,,00000000-0000-0000-0000-000000000000,2026-09-03T11:32:30.461319
72374,7,2024-12-03,2024-12-25,2024-12-15,5,False,SO72374,PO58308,10-4020-000434,806,158,319,CARGO TRANSPORT 5,,13624.3086,1089.9447,272.4862,14986.7395,,00000000-0000-0000-0000-000000000000,2026-09-03T11:32:30.461331
72375,6,2024-12-07,2024-12-25,2024-12-14,5,False,SO72375,PO32607,10-4020-000253,258,246,431,CARGO TRANSPORT 5,,6670.0434,533.6035,133.4009,7337.0478,,00000000-0000-0000-0000-000000000000,2026-09-03T11:32:30.461343
72376,5,2024-08-10,2024-08-31,2024-08-19,5,True,SO72376,PO24491,10-4020-000046,569,31,394,CARGO TRANSPORT 5,,12559.7146,1004.7772,251.1943,13815.6861,,00000000-0000-0000-0000-000000000000,2026-09-03T11:32:30.461355
72377,4,2025-02-19,2025-02-26,2025-03-05,5,False,SO72377,PO82593,10-4020-000236,103,231,205,OVERNIGHT J-FAST,,1883.4204,150.6736,37.6684,2071.7624,,00000000-0000-0000-0000-000000000000,2026-09-03T11:32:30.461366
72378,7,2024-07-17,2024-08-09,2024-07-20,5,True,SO72378,PO77744,10-4020-000100,832,373,344,OVERNIGHT J-FAST,,7360.3139,588.8251,147.2063,8096.3453,,00000000-0000-0000-0000-000000000000,2026-09-03T11:32:30.461379
72379,1,2025-01-16,2025-02-15,2025-01-20,5,False,SO72379,PO17969,10-4020-000475,87,101,261,CARGO TRANSPORT 5,,1655.6622,132.453,33.1132,1821.2284,,00000000-0000-0000-0000-000000000000,2026-09-03T11:32:30.461391
72380,4,2024-12-27,2025-01-04,2025-01-06,5,True,SO72380,PO53534,10-4020-000082,49,417,446,OVERNIGHT J-FAST,,6821.7988,545.7439,136.436,7503.9787,,00000000-0000-0000-0000-000000000000,2026-09-03T11:32:30.461403
72381,5,2024-12-02,2024-12-24,2024-12-09,5,True,SO72381,PO62509,10-4020-000180,117,361,101,CARGO TRANSPORT 5,,14551.0406,1164.0832,291.0208,16006.1446,,00000000-0000-0000-0000-000000000000,2026-09-03T11:32:30.461414
72382,3,2024-06-09,2024-06-27,2024-06-20,5,False,SO72382,PO68565,10-4020-000437,721,220,306,OVERNIGHT J-FAST,,8498.7116,679.8969,169.9742,9348.5827,,00000000-0000-0000-0000-000000000000,2026-09-03T11:32:30.461426
72383,2,2025-02-10,2025-03-06,2025-02-13,5,False,SO72383,PO36078,10-4020-000688,823,447,398,CARGO TRANSPORT 5,,493.7765,39.5021,9.8755,543.1541,,00000000-0000-0000-0000-000000000000,2026-09-03T11:32:30.461437
72384,8,2025-04-07,2025-04-22,2025-04-16,5,False,SO72384,PO67253,10-4020-000843,153,41,181,XRQ - TRUCK GROUND-,,6068.5688,485.4855,121.3714,6675.4257,,00000000-0000-0000-0000-000000000000,2026-09-03T11:32:30.461449
72385,3,2024-07-03,2024-08-01,2024-07-13,5,True,SO72385,PO14205,10-4020-000059,273,207,213,OVERNIGHT J-FAST,,7893.0079,631.4406,157.8602,8682.3087,,00000000-0000-0000-0000-000000000000,2026-09-03T11:32:30.461461
72386,6,2024-07-22,2024-08-18,2024-08-03,5,True,SO72386,PO18888,10-4020-000815,120,26,229,XRQ - TRUCK GROUND-,,4693.4892,375.4791,93.8698,5162.8381,,00000000-0000-0000-0000-000000000000,2026-09-03T11:32:30.461473
72387,2,2025-02-04,2025-02-19,2025-02-07,5,True,SO72387,PO95865,10-4020-000269,600,121,279,XRQ - TRUCK GROUND-,,10014.7211,801.1777,200.2944,11016.1932,,00000000-0000-0000-0000-000000000000,2026-09-03T11:32:30.461484
72388,5,2024-07-05,2024-07-30,2024-07-08,5,False,SO72388,PO42675,10-4020-000684,725,34,163,CARGO TRANSPORT 5,,12317.1843,985.3747,246.3437,13548.9027,,00000000-0000-0000-0000-000000000000,2026-09-03T11:32:30.461497
72389,1,2024-06-22,2024-07-17,2024-06-29,5,False,SO72389,PO61773,10-4020-000803,621,271,253,XRQ - TRUCK GROUND-,,3870.0493,309.6039,77.401,4257.0542,,00000000-0000-0000-0000-000000000000,2026-09-03T11:32:30.461509
72390,4,2024-09-23,2024-10-14,2024-10-05,5,False,SO72390,PO99804,10-4020-000124,834,213,196,XRQ - TRUCK GROUND-,,9738.0024,779.0402,194.76,10711.8026,,00000000-0000-0000-0000-000000000000,2026-09-03T11:32:30.461521
72391,2,2025-03-12,2025-04-01,2025-03-21,5,True,SO72391,PO29456,10-4020-000222,497,147,26,OVERNIGHT J-FAST,,11261.106,900.8885,225.2221,12387.2166,,00000000-0000-0000-0000-000000000000,2026-09-03T11:32:30.461533
72392,4,2025-02-01,2025-02-15,2025-02-06,5,False,SO72392,PO67264,10-4020-000188,216,378,353,XRQ - TRUCK GROUND-,,8586.7176,686.9374,171.7344,9445.3894,,00000000-0000-0000-0000-000000000000,2026-09-03T11:32:30.461545
72393,5,2025-05-09,2025-06-03,2025-05-21,5,True,SO72393,PO90025,10-4020-000457,827,8,35,XRQ - TRUCK GROUND-,,8885.0772,710.8062,177.7015,9773.5849,,00000000-0000-0000-0000-000000000000,2026-09-03T11:32:30.461556
72394,7,2024-10-14,2024-11-11,2024-10-19,5,True,SO72394,PO38094,10-4020-000479,53,264,236,XRQ - TRUCK GROUND-,,2518.8838,201.5107,50.3777,2770.7722,,00000000-0000-0000-0000-000000000000,2026-09-03T11:32:30.461568
72395,7,2024-08-27,2024-09-04,2024-09-01,5,True,SO72395,PO92683,10-4020-000823,677,322,133,CARGO TRANSPORT 5,,1630.0833,130.4067,32.6017,1793.0917,,00000000-0000-0000-0000-000000000000,2026-09-03T11:32:30.461580
72396,2,2025-03-07,2025-03-21,2025-03-15,5,False,SO72396,PO29215,10-4020-000115,86,228,12,XRQ - TRUCK GROUND-,,14158.5266,1132.6821,283.1705,15574.3792,,00000000-0000-0000-0000-000000000000,2026-09-03T11:32:30.461592
72397,5,2025-03-03,2025-03-31,2025-03-14,5,True,SO72397,PO19254,10-4020-000560,409,134,156,XRQ - TRUCK GROUND-,,7579.5604,606.3648,151.5912,8337.5164,,00000000-0000-0000-0000-000000000000,2026-09-03T11:32:30.461604
72398,2,2024-08-10,2024-08-31,2024-08-18,5,True,SO72398,PO84853,10-4020-000451,520,192,225,CARGO TRANSPORT 5,,2452.709,196.2167,49.0542,2697.9799,,00000000-0000-0000-0000-000000000000,2026-09-03T11:32:30.461616
72399,1,2025-03-04,2025-03-19,2025-03-15,5,True,SO72399,PO64891,10-4020-000486,328,243,342,CARGO TRANSPORT 5,,2629.9968,210.3997,52.5999,2892.9964,,00000000-0000-0000-0000-000000000000,2026-09-03T11:32:30.461628
72400,7,2024-09-01,2024-09-26,2024-09-05,5,False,SO72400,PO88077,10-4020-000413,94,392,332,XRQ - TRUCK GROUND-,,12639.6755,1011.174,252.7935,13903.643,,00000000-0000-0000-0000-000000000000,2026-09-03T11:32:30.461639
72401,8,2024-07-14,2024-08-11,2024-07-26,5,False,SO72401,PO31672,10-4020-000615,687,217,287,XRQ - TRUCK GROUND-,,14015.5226,1121.2418,280.3105,15417.0749,,00000000-0000-0000-0000-000000000000,2026-09-03T11:32:30.461651
72402,7,2024-08-17,2024-09-11,2024-08-30,5,False,SO72402,PO97108,10-4020-000651,52,137,23,XRQ - TRUCK GROUND-,,6977.218,558.1774,139.5444,7674.9398,,00000000-0000-0000-0000-000000000000,2026-09-03T11:32:30.461662
72403,2,2024-11-29,2024-12-14,2024-12-03,5,False,SO72403,PO24744,10-4020-000364,438,23,254,XRQ - TRUCK GROUND-,,3478.5921,278.2874,69.5718,3826.4513,,00000000-0000-0000-0000-000000000000,2026-09-03T11:32:30.461674
72404,8,2025-04-25,2025-05-11,2025-05-08,5,True,SO72404,PO53687,10-4020-000741,387,182,55,OVERNIGHT J-FAST,,3759.2672,300.7414,75.1853,4135.1939,,00000000-0000-0000-0000-000000000000,2026-09-03T11:32:30.461686
72405,7,2025-03-25,2025-04-06,2025-04-01,5,True,SO72405,PO89265,10-4020-000432,719,328,145,XRQ - TRUCK GROUND-,,11978.0695,958.2456,239.5614,13175.8765,,00000000-0000-0000-0000-000000000000,2026-09-03T11:32:30.461699
72406,4,2024-12-10,2025-01-09,2024-12-17,5,False,SO72406,PO13358,10-4020-000273,464,262,160,CARGO TRANSPORT 5,,5786.7736,462.9419,115.7355,6365.451,,00000000-0000-0000-0000-000000000000,2026-09-03T11:32:30.461711
72407,3,2024-07-04,2024-07-28,2024-07-12,5,True,SO72407,PO60585,10-4020-000146,164,183,297,CARGO TRANSPORT 5,,6686.9991,534.9599,133.74,7355.699,,00000000-0000-0000-0000-000000000000,2026-09-03T11:32:30.461723
72408,3,2025-04-19,2025-04-26,2025-04-30,5,True,SO72408,PO44854,10-4020-000548,410,273,357,XRQ - TRUCK GROUND-,,6129.1328,490.3306,122.5827,6742.0461,,00000000-0000-0000-0000-000000000000,2026-09-03T11:32:30.461735
72409,7,2024-09-25,2024-10-06,2024-10-02,5,False,SO72409,PO72852,10-4020-000155,771,270,228,XRQ - TRUCK GROUND-,,9230.4996,738.44,184.61,10153.5496,,00000000-0000-0000-0000-000000000000,2026-09-03T11:32:30.461747
72410,1,2025-03-22,2025-04-17,2025-03-26,5,True,SO72410,PO49308,10-4020-000076,220,425,58,XRQ - TRUCK GROUND-,,1068.8404,85.5072,21.3768,1175.7244,,00000000-0000-0000-0000-000000000000,2026-09-03T11:32:30.461759
72411,3,2024-10-06,2024-10-19,2024-10-20,5,False,SO72411,PO24150,10-4020-000239,219,244,369,OVERNIGHT J-FAST,,5398.3193,431.8655,107.9664,5938.1512,,00000000-0000-0000-0000-000000000000,2026-09-03T11:32:30.461771
72412,4,2024-06-01,2024-06-09,2024-06-08,5,False,SO72412,PO82914,10-4020-000524,97,206,171,XRQ - TRUCK GROUND-,,5158.8488,412.7079,103.177,5674.7337,,00000000-0000-0000-0000-000000000000,2026-09-03T11:32:30.461784
72413,6,2024-06-12,2024-06-27,2024-06-19,5,False,SO72413,PO28958,10-4020-000269,128,316,50,OVERNIGHT J-FAST,,13654.6459,1092.3717,273.0929,15020.1105,,00000000-0000-0000-0000-000000000000,2026-09-03T11:32:30.461796
72414,4,2024-11-10,2024-12-09,2024-11-17,5,False,SO72414,PO13703,10-4020-000807,581,214,206,CARGO TRANSPORT 5,,9771.772,781.7418,195.4354,10748.9492,,00000000-0000-0000-0000-000000000000,2026-09-03T11:32:30.461808
72415,8,2025-01-27,2025-02-26,2025-01-31,5,True,SO72415,PO43907,10-4020-000609,552,294,386,XRQ - TRUCK GROUND-,,11346.3023,907.7042,226.926,12480.9325,,00000000-0000-0000-0000-000000000000,2026-09-03T11:32:30.461820
72416,1,2025-04-19,2025-05-08,2025-04-29,5,True,SO72416,PO22700,10-4020-000279,82,227,139,OVERNIGHT J-FAST,,675.372,54.0298,13.5074,742.9092,,00000000-0000-0000-0000-000000000000,2026-09-03T11:32:30.461831
72417,2,2025-02-20,2025-03-06,2025-02-28,5,True,SO72417,PO61710,10-4020-000642,386,136,280,OVERNIGHT J-FAST,,12724.474,1017.9579,254.4895,13996.9214,,00000000-0000-0000-0000-000000000000,2026-09-03T11:32:30.461843
72418,4,2025-04-12,2025-05-11,2025-04-24,5,False,SO72418,PO91073,10-4020-000563,451,160,260,OVERNIGHT J-FAST,,9964.3609,797.1489,199.2872,10960.797,,00000000-0000-0000-0000-000000000000,2026-09-03T11:32:30.461855
72419,2,2025-03-18,2025-04-04,2025-03-26,5,False,SO72419,PO51098,10-4020-000823,676,26,57,CARGO TRANSPORT 5,,4719.6371,377.571,94.3927,5191.6008,,00000000-0000-0000-0000-000000000000,2026-09-03T11:32:30.461867
72420,3,2025-04-11,2025-04-19,2025-04-24,5,False,SO72420,PO57358,10-4020-000253,714,196,356,CARGO TRANSPORT 5,,2064.7769,165.1822,41.2955,2271.2546,,00000000-0000-0000-0000-000000000000,2026-09-03T11:32:30.461879
72421,8,2024-11-27,2024-12-06,2024-12-06,5,True,SO72421,PO39762,10-4020-000611,551,386,395,XRQ - TRUCK GROUND-,,1745.1583,139.6127,34.9032,1919.6742,,00000000-0000-0000-0000-000000000000,2026-09-03T11:32:30.461890
72422,6,2024-12-20,2025-01-03,2024-12-29,5,True,SO72422,PO23108,10-4020-000528,594,134,168,OVERNIGHT J-FAST,,3146.766,251.7413,62.9353,3461.4426,,00000000-0000-0000-0000-000000000000,2026-09-03T11:32:30.461902
72423,8,2025-04-03,2025-04-10,2025-04-06,5,True,SO72423,PO87872,10-4020-000672,667,294,155,CARGO TRANSPORT 5,,884.3799,70.7504,17.6876,972.8179,,00000000-0000-0000-0000-000000000000,2026-09-03T11:32:30.461914
72424,5,2024-10-31,2024-11-12,2024-11-03,5,False,SO72424,PO59327,10-4020-000385,699,443,141,XRQ - TRUCK GROUND-,,7978.7752,638.302,159.5755,8776.6527,,00000000-0000-0000-0000-000000000000,2026-09-03T11:32:30.461926
72425,7,2025-03-13,2025-04-04,2025-03-22,5,True,SO72425,PO52844,10-4020-000809,447,135,83,CARGO TRANSPORT 5,,9220.1874,737.615,184.4037,10142.2061,,00000000-0000-0000-0000-000000000000,2026-09-03T11:32:30.461937
72426,6,2024-11-07,2024-11-29,2024-11-17,5,False,SO72426,PO80453,10-4020-000030,585,231,401,OVERNIGHT J-FAST,,4755.4767,380.4381,95.1095,5231.0243,,00000000-0000-0000-0000-000000000000,2026-09-03T11:32:30.461949
72427,4,2024-11-11,2024-12-04,2024-11-23,5,True,SO72427,PO65725,10-4020-000134,249,439,401,OVERNIGHT J-FAST,,14473.1297,1157.8504,289.4626,15920.4427,,00000000-0000-0000-0000-000000000000,2026-09-03T11:32:30.461961
72428,7,2024-10-11,2024-10-22,2024-10-24,5,True,SO72428,PO64884,10-4020-000345,718,149,28,CARGO TRANSPORT 5,,11994.0029,959.5202,239.8801,13193.4032,,00000000-0000-0000-0000-000000000000,2026-09-03T11:32:30.461973
72429,6,2024-12-21,2025-01-04,2024-12-24,5,True,SO72429,PO98508,10-4020-000436,165,439,96,CARGO TRANSPORT 5,,9507.729,760.6183,190.1546,10458.5019,,00000000-0000-0000-0000-000000000000,2026-09-03T11:32:30.461993
72430,3,2024-08-29,2024-09-19,2024-09-07,5,False,SO72430,PO96067,10-4020-000486,319,206,69,OVERNIGHT J-FAST,,2324.7296,185.9784,46.4946,2557.2026,,00000000-0000-0000-0000-000000000000,2026-09-03T11:32:30.462005
72431,1,2025-04-10,2025-04-20,2025-04-14,5,True,SO72431,PO46822,10-4020-000727,103,48,191,XRQ - TRUCK GROUND-,,1056.6174,84.5294,21.1323,1162.2791,,00000000-0000-0000-0000-000000000000,2026-09-03T11:32:30.462017
72432,7,2024-10-07,2024-10-15,2024-10-10,5,True,SO72432,PO24201,10-4020-000486,603,265,203,OVERNIGHT J-FAST,,8024.4631,641.957,160.4893,8826.9094,,00000000-0000-0000-0000-000000000000,2026-09-03T11:32:30.462029
72433,3,2025-05-31,2025-06-13,2025-06-04,5,True,SO72433,PO85738,10-4020-000610,367,228,403,CARGO TRANSPORT 5,,7443.2865,595.4629,148.8657,8187.6151,,00000000-0000-0000-0000-000000000000,2026-09-03T11:32:30.462040
72434,7,2024-10-18,2024-11-02,2024-10-23,5,False,SO72434,PO19979,10-4020-000151,748,57,85,CARGO TRANSPORT 5,,6719.4248,537.554,134.3885,7391.3673,,00000000-0000-0000-0000-000000000000,2026-09-03T11:32:30.462052
72435,4,2024-09-13,2024-10-13,2024-09-23,5,False,SO72435,PO39881,10-4020-000441,355,357,302,XRQ - TRUCK GROUND-,,7954.9902,636.3992,159.0998,8750.4892,,00000000-0000-0000-0000-000000000000,2026-09-03T11:32:30.462064
72436,1,2024-12-15,2025-01-05,2024-12-26,5,False,SO72436,PO93303,10-4020-000173,378,136,264,CARGO TRANSPORT 5,,13002.6557,1040.2125,260.0531,14302.9213,,00000000-0000-0000-0000-000000000000,2026-09-03T11:32:30.462075
72437,4,2024-11-06,2024-11-29,2024-11-14,5,False,SO72437,PO57451,10-4020-000817,771,138,25,CARGO TRANSPORT 5,,1962.3547,156.9884,39.2471,2158.5902,,00000000-0000-0000-0000-000000000000,2026-09-03T11:32:30.462087
72438,5,2025-05-13,2025-05-29,2025-05-26,5,False,SO72438,PO47382,10-4020-000668,479,174,379,CARGO TRANSPORT 5,,14171.3626,1133.709,283.4273,15588.4989,,00000000-0000-0000-0000-000000000000,2026-09-03T11:32:30.462099
72439,2,2024-09-09,2024-09-19,2024-09-14,5,True,SO72439,PO30206,10-4020-000731,459,147,395,XRQ - TRUCK GROUND-,,12690.3737,1015.2299,253.8075,13959.4111,,00000000-0000-0000-0000-000000000000,2026-09-03T11:32:30.462110
72440,8,2025-04-11,2025-05-09,2025-04-23,5,True,SO72440,PO69080,10-4020-000449,793,204,392,CARGO TRANSPORT 5,,11491.9823,919.3586,229.8396,12641.1805,,00000000-0000-0000-0000-000000000000,2026-09-03T11:32:30.462122
72441,3,2024-10-03,2024-10-25,2024-10-08,5,True,SO72441,PO35117,10-4020-000569,552,195,351,CARGO TRANSPORT 5,,9984.2458,798.7397,199.6849,10982.6704,,00000000-0000-0000-0000-000000000000,2026-09-03T11:32:30.462135
72442,6,2024-07-08,2024-08-06,2024-07-11,5,True,SO72442,PO18817,10-4020-000622,803,199,127,CARGO TRANSPORT 5,,13471.2018,1077.6961,269.424,14818.3219,,00000000-0000-0000-0000-000000000000,2026-09-03T11:32:30.462147
72443,4,2024-10-09,2024-10-17,2024-10-18,5,True,SO72443,PO52598,10-4020-000737,559,258,425,CARGO TRANSPORT 5,,4967.8221,397.4258,99.3564,5464.6043,,00000000-0000-0000-0000-000000000000,2026-09-03T11:32:30.462159
72444,4,2024-10-15,2024-11-01,2024-10-21,5,False,SO72444,PO11548,10-4020-000037,717,404,325,XRQ - TRUCK GROUND-,,9380.7279,750.4582,187.6146,10318.8007,,00000000-0000-0000-0000-000000000000,2026-09-03T11:32:30.462170
72445,7,2024-07-24,2024-08-14,2024-08-03,5,False,SO72445,PO77395,10-4020-000069,436,177,89,OVERNIGHT J-FAST,,7744.7981,619.5838,154.896,8519.2779,,00000000-0000-0000-0000-000000000000,2026-09-03T11:32:30.462193
72446,6,2024-10-09,2024-10-24,2024-10-16,5,False,SO72446,PO17010,10-4020-000846,545,108,420,XRQ - TRUCK GROUND-,,3853.1799,308.2544,77.0636,4238.4979,,00000000-0000-0000-0000-000000000000,2026-09-03T11:32:30.462208
72447,8,2024-12-03,2024-12-29,2024-12-15,5,True,SO72447,PO69026,10-4020-000722,804,283,55,CARGO TRANSPORT 5,,10342.0887,827.3671,206.8418,11376.2976,,00000000-0000-0000-0000-000000000000,2026-09-03T11:32:30.462222
72448,6,2025-04-25,2025-05-09,2025-05-08,5,True,SO72448,PO29278,10-4020-000550,468,258,263,XRQ - TRUCK GROUND-,,10309.2941,824.7435,206.1859,11340.2235,,00000000-0000-0000-0000-000000000000,2026-09-03T11:32:30.462235
72449,7,2024-10-09,2024-11-04,2024-10-21,5,False,SO72449,PO86850,10-4020-000541,527,398,80,XRQ - TRUCK GROUND-,,13118.2953,1049.4636,262.3659,14430.1248,,00000000-0000-0000-0000-000000000000,2026-09-03T11:32:30.462247
72450,6,2025-04-03,2025-04-25,2025-04-15,5,True,SO72450,PO72828,10-4020-000108,281,430,231,XRQ - TRUCK GROUND-,,960.767,76.8614,19.2153,1056.8437,,00000000-0000-0000-0000-000000000000,2026-09-03T11:32:30.462258
72451,4,2024-08-10,2024-08-18,2024-08-14,5,False,SO72451,PO43113,10-4020-000180,275,68,105,XRQ - TRUCK GROUND-,,3844.2071,307.5366,76.8841,4228.6278,,00000000-0000-0000-0000-000000000000,2026-09-03T11:32:30.462270
72452,8,2025-04-29,2025-05-11,2025-05-10,5,True,SO72452,PO41230,10-4020-000582,812,53,78,CARGO TRANSPORT 5,,3434.4432,274.7555,68.6889,3777.8876,,00000000-0000-0000-0000-000000000000,2026-09-03T11:32:30.462281
72453,8,2025-04-27,2025-05-04,2025-05-06,5,True,SO72453,PO84262,10-4020-000216,177,265,444,XRQ - TRUCK GROUND-,,9909.9881,792.799,198.1998,10900.9869,,00000000-0000-0000-0000-000000000000,2026-09-03T11:32:30.462293
72454,4,2024-06-26,2024-07-08,2024-07-01,5,True,SO72454,PO15869,10-4020-000836,120,8,95,CARGO TRANSPORT 5,,10689.7757,855.1821,213.7955,11758.7533,,00000000-0000-0000-0000-000000000000,2026-09-03T11:32:30.462305
72455,1,2024-08-29,2024-09-07,2024-09-12,5,False,SO72455,PO70464,10-4020-000445,389,59,24,CARGO TRANSPORT 5,,13340.0067,1067.2005,266.8001,14674.0073,,00000000-0000-0000-0000-000000000000,2026-09-03T11:32:30.462316
72456,8,2025-02-16,2025-03-17,2025-02-25,5,True,SO72456,PO11468,10-4020-000561,86,419,152,CARGO TRANSPORT 5,,12627.0622,1010.165,252.5412,13889.7684,,00000000-0000-0000-0000-000000000000,2026-09-03T11:32:30.462328
72457,2,2024-12-08,2024-12-24,2024-12-11,5,True,SO72457,PO82487,10-4020-000297,327,333,125,XRQ - TRUCK GROUND-,,5786.5526,462.9242,115.7311,6365.2079,,00000000-0000-0000-0000-000000000000,2026-09-03T11:32:30.462340
72458,1,2024-07-14,2024-08-05,2024-07-21,5,False,SO72458,PO82133,10-4020-000657,142,100,162,OVERNIGHT J-FAST,,8865.0079,709.2006,177.3002,9751.5087,,00000000-0000-0000-0000-000000000000,2026-09-03T11:32:30.462351
72459,6,2024-12-27,2025-01-24,2024-12-31,5,True,SO72459,PO10478,10-4020-000204,751,396,9,OVERNIGHT J-FAST,,13002.0008,1040.1601,260.04,14302.2009,,00000000-0000-0000-0000-000000000000,2026-09-03T11:32:30.462363
72460,1,2024-12-24,2025-01-11,2024-12-31,5,False,SO72460,PO87113,10-4020-000389,449,428,39,OVERNIGHT J-FAST,,13744.1895,1099.5352,274.8838,15118.6085,,00000000-0000-0000-0000-000000000000,2026-09-03T11:32:30.462374
72461,1,2024-06-11,2024-07-01,2024-06-20,5,False,SO72461,PO65323,10-4020-000276,95,38,7,XRQ - TRUCK GROUND-,,13548.9438,1083.9155,270.9789,14903.8382,,00000000-0000-0000-0000-000000000000,2026-09-03T11:32:30.462385
72462,5,2024-12-19,2024-12-28,2025-01-02,5,True,SO72462,PO39464,10-4020-000289,2,414,229,XRQ - TRUCK GROUND-,,13746.2911,1099.7033,274.9258,15120.9202,,00000000-0000-0000-0000-000000000000,2026-09-03T11:32:30.462397
72463,5,2024-11-13,2024-12-09,2024-11-23,5,True,SO72463,PO78523,10-4020-000630,16,189,396,XRQ - TRUCK GROUND-,,1553.5452,124.2836,31.0709,1708.8997,,00000000-0000-0000-0000-000000000000,2026-09-03T11:32:30.462408
72464,4,2024-09-08,2024-09-24,2024-09-19,5,True,SO72464,PO59534,10-4020-000548,744,291,290,XRQ - TRUCK GROUND-,,6476.9528,518.1562,129.5391,7124.6481,,00000000-0000-0000-0000-000000000000,2026-09-03T11:32:30.462419
72465,8,2024-12-25,2025-01-01,2025-01-05,5,True,SO72465,PO80770,10-4020-000444,572,285,267,XRQ - TRUCK GROUND-,,2431.6189,194.5295,48.6324,2674.7808,,00000000-0000-0000-0000-000000000000,2026-09-03T11:32:30.462431
72466,8,2025-03-17,2025-04-12,2025-03-21,5,False,SO72466,PO14015,10-4020-000380,823,303,220,CARGO TRANSPORT 5,,1818.7835,145.5027,36.3757,2000.6619,,00000000-0000-0000-0000-000000000000,2026-09-03T11:32:30.462443
72467,2,2024-12-03,2024-12-28,2024-12-13,5,False,SO72467,PO13063,10-4020-000710,609,122,65,CARGO TRANSPORT 5,,6830.3377,546.427,136.6068,7513.3715,,00000000-0000-0000-0000-000000000000,2026-09-03T11:32:30.462454
72468,6,2024-07-15,2024-08-05,2024-07-28,5,True,SO72468,PO59825,10-4020-000016,310,41,284,CARGO TRANSPORT 5,,2033.8807,162.7105,40.6776,2237.2688,,00000000-0000-0000-0000-000000000000,2026-09-03T11:32:30.462466
72469,3,2025-03-20,2025-03-29,2025-03-30,5,False,SO72469,PO53989,10-4020-000523,322,61,236,OVERNIGHT J-FAST,,5559.7294,444.7784,111.1946,6115.7024,,00000000-0000-0000-0000-000000000000,2026-09-03T11:32:30.462477
72470,2,2025-01-20,2025-02-17,2025-02-03,5,True,SO72470,PO73999,10-4020-000304,395,309,95,CARGO TRANSPORT 5,,4397.2706,351.7816,87.9454,4836.9976,,00000000-0000-0000-0000-000000000000,2026-09-03T11:32:30.462488
72471,3,2024-07-20,2024-08-04,2024-07-24,5,False,SO72471,PO28057,10-4020-000447,273,91,84,CARGO TRANSPORT 5,,8150.0695,652.0056,163.0014,8965.0765,,00000000-0000-0000-0000-000000000000,2026-09-03T11:32:30.462500
72472,6,2025-04-05,2025-04-28,2025-04-17,5,True,SO72472,PO68887,10-4020-000055,831,363,136,XRQ - TRUCK GROUND-,,14148.2257,1131.8581,282.9645,15563.0483,,00000000-0000-0000-0000-000000000000,2026-09-03T11:32:30.462511
72473,3,2024-12-05,2024-12-15,2024-12-16,5,False,SO72473,PO99262,10-4020-000301,382,249,427,CARGO TRANSPORT 5,,4032.6956,322.6156,80.6539,4435.9651,,00000000-0000-0000-0000-000000000000,2026-09-03T11:32:30.462522
72474,3,2024-11-11,2024-11-18,2024-11-23,5,True,SO72474,PO26558,10-4020-000376,509,426,1,XRQ - TRUCK GROUND-,,6555.009,524.4007,131.1002,7210.5099,,00000000-0000-0000-0000-000000000000,2026-09-03T11:32:30.462533
72475,1,2025-03-22,2025-03-31,2025-04-04,5,False,SO72475,PO38777,10-4020-000722,351,210,141,CARGO TRANSPORT 5,,320.0242,25.6019,6.4005,352.0266,,00000000-0000-0000-0000-000000000000,2026-09-03T11:32:30.462544
72476,3,2025-01-22,2025-02-06,2025-02-01,5,True,SO72476,PO75942,10-4020-000167,574,313,168,XRQ - TRUCK GROUND-,,2616.5722,209.3258,52.3314,2878.2294,,00000000-0000-0000-0000-000000000000,2026-09-03T11:32:30.462556
72477,2,2024-10-22,2024-11-13,2024-11-02,5,True,SO72477,PO31091,10-4020-000706,269,368,232,CARGO TRANSPORT 5,,125.6001,10.048,2.512,138.1601,,00000000-0000-0000-0000-000000000000,2026-09-03T11:32:30.462567
72478,7,2024-07-17,2024-07-26,2024-07-26,5,False,SO72478,PO10818,10-4020-000494,68,31,403,OVERNIGHT J-FAST,,2086.9333,166.9547,41.7387,2295.6267,,00000000-0000-0000-0000-000000000000,2026-09-03T11:32:30.462579
72479,1,2025-03-15,2025-03-24,2025-03-19,5,False,SO72479,PO10134,10-4020-000626,183,433,238,CARGO TRANSPORT 5,,9640.1323,771.2106,192.8026,10604.1455,,00000000-0000-0000-0000-000000000000,2026-09-03T11:32:30.462591
72480,3,2025-05-03,2025-05-23,2025-05-07,5,True,SO72480,PO57543,10-4020-000233,837,442,407,OVERNIGHT J-FAST,,1338.296,107.0637,26.7659,1472.1256,,00000000-0000-0000-0000-000000000000,2026-09-03T11:32:30.462602
72481,3,2024-06-28,2024-07-11,2024-07-01,5,True,SO72481,PO70604,10-4020-000073,830,221,304,OVERNIGHT J-FAST,,12321.1918,985.6953,246.4238,13553.3109,,00000000-0000-0000-0000-000000000000,2026-09-03T11:32:30.462614
72482,8,2025-05-15,2025-05-30,2025-05-29,5,True,SO72482,PO76083,10-4020-000588,805,160,288,XRQ - TRUCK GROUND-,,269.8523,21.5882,5.397,296.8375,,00000000-0000-0000-0000-000000000000,2026-09-03T11:32:30.462625
72483,4,2024-11-15,2024-12-12,2024-11-20,5,False,SO72483,PO64159,10-4020-000608,569,294,110,OVERNIGHT J-FAST,,10501.9463,840.1557,210.0389,11552.1409,,00000000-0000-0000-0000-000000000000,2026-09-03T11:32:30.462636
72484,5,2024-11-24,2024-12-09,2024-12-04,5,True,SO72484,PO64187,10-4020-000751,91,320,407,XRQ - TRUCK GROUND-,,2016.0007,161.2801,40.32,2217.6008,,00000000-0000-0000-0000-000000000000,2026-09-03T11:32:30.462648
72485,8,2025-02-19,2025-03-04,2025-02-26,5,True,SO72485,PO37946,10-4020-000790,743,397,37,CARGO TRANSPORT 5,,13889.1472,1111.1318,277.7829,15278.0619,,00000000-0000-0000-0000-000000000000,2026-09-03T11:32:30.462660
72486,3,2024-10-11,2024-10-29,2024-10-22,5,False,SO72486,PO39069,10-4020-000702,188,36,240,OVERNIGHT J-FAST,,5017.7376,401.419,100.3548,5519.5114,,00000000-0000-0000-0000-000000000000,2026-09-03T11:32:30.462671
72487,6,2024-09-18,2024-10-09,2024-09-25,5,True,SO72487,PO54223,10-4020-000156,431,272,31,OVERNIGHT J-FAST,,14563.762,1165.101,291.2752,16020.1382,,00000000-0000-0000-0000-000000000000,2026-09-03T11:32:30.462682
72488,7,2024-10-18,2024-10-26,2024-11-01,5,False,SO72488,PO68694,10-4020-000199,603,281,113,XRQ - TRUCK GROUND-,,14686.2533,1174.9003,293.7251,16154.8787,,00000000-0000-0000-0000-000000000000,2026-09-03T11:32:30.462693
72489,4,2024-10-07,2024-10-31,2024-10-14,5,True,SO72489,PO51670,10-4020-000820,234,196,409,XRQ - TRUCK GROUND-,,13370.3865,1069.6309,267.4077,14707.4251,,00000000-0000-0000-0000-000000000000,2026-09-03T11:32:30.462705
72490,3,2024-10-31,2024-11-24,2024-11-03,5,False,SO72490,PO53777,10-4020-000055,457,418,228,OVERNIGHT J-FAST,,6118.0883,489.4471,122.3618,6729.8972,,00000000-0000-0000-0000-000000000000,2026-09-03T11:32:30.462717
72491,6,2025-05-27,2025-06-17,2025-06-08,5,False,SO72491,PO56194,10-4020-000082,373,204,82,CARGO TRANSPORT 5,,799.3082,63.9447,15.9862,879.2391,,00000000-0000-0000-0000-000000000000,2026-09-03T11:32:30.462729
72492,1,2025-03-17,2025-04-12,2025-03-20,5,False,SO72492,PO52539,10-4020-000110,44,253,323,XRQ - TRUCK GROUND-,,2782.4453,222.5956,55.6489,3060.6898,,00000000-0000-0000-0000-000000000000,2026-09-03T11:32:30.462741
72493,2,2024-11-06,2024-11-20,2024-11-10,5,True,SO72493,PO23122,10-4020-000474,798,260,199,CARGO TRANSPORT 5,,10972.7671,877.8214,219.4553,12070.0438,,00000000-0000-0000-0000-000000000000,2026-09-03T11:32:30.462752
72494,1,2025-04-04,2025-04-15,2025-04-12,5,False,SO72494,PO68351,10-4020-000699,399,28,352,XRQ - TRUCK GROUND-,,14794.8892,1183.5911,295.8978,16274.3781,,00000000-0000-0000-0000-000000000000,2026-09-03T11:32:30.462764
72495,1,2024-08-30,2024-09-18,2024-09-13,5,False,SO72495,PO40645,10-4020-000323,838,138,358,CARGO TRANSPORT 5,,2564.4418,205.1553,51.2888,2820.8859,,00000000-0000-0000-0000-000000000000,2026-09-03T11:32:30.462775
72496,1,2025-05-16,2025-05-25,2025-05-29,5,True,SO72496,PO33886,10-4020-000449,322,402,407,XRQ - TRUCK GROUND-,,2698.0409,215.8433,53.9608,2967.845,,00000000-0000-0000-0000-000000000000,2026-09-03T11:32:30.462786
72497,1,2024-11-30,2024-12-07,2024-12-05,5,False,SO72497,PO16655,10-4020-000081,328,57,173,CARGO TRANSPORT 5,,13085.2479,1046.8198,261.705,14393.7727,,00000000-0000-0000-0000-000000000000,2026-09-03T11:32:30.462798
72498,6,2024-09-02,2024-09-29,2024-09-15,5,False,SO72498,PO67691,10-4020-000649,633,174,17,OVERNIGHT J-FAST,,13602.2587,1088.1807,272.0452,14962.4846,,00000000-0000-0000-0000-000000000000,2026-09-03T11:32:30.462810
72499,8,2024-10-23,2024-11-02,2024-11-02,5,True,SO72499,PO26926,10-4020-000475,610,282,26,OVERNIGHT J-FAST,,705.197,56.4158,14.1039,775.7167,,00000000-0000-0000-0000-000000000000,2026-09-03T11:32:30.462822
72500,6,2025-05-29,2025-06-25,2025-06-01,5,True,SO72500,PO97349,10-4020-000770,850,34,25,CARGO TRANSPORT 5,,11160.2948,892.8236,223.2059,12276.3243,,00000000-0000-0000-0000-000000000000,2026-09-03T11:32:30.462834
72501,4,2024-12-19,2025-01-04,2025-01-02,5,True,SO72501,PO36642,10-4020-000707,593,61,2,OVERNIGHT J-FAST,,4353.2921,348.2634,87.0658,4788.6213,,00000000-0000-0000-0000-000000000000,2026-09-03T11:32:30.462845
72502,1,2024-11-26,2024-12-09,2024-12-05,5,True,SO72502,PO76385,10-4020-000627,716,390,146,CARGO TRANSPORT 5,,1934.5448,154.7636,38.6909,2127.9993,,00000000-0000-0000-0000-000000000000,2026-09-03T11:32:30.462856
72503,2,2024-07-07,2024-07-21,2024-07-20,5,False,SO72503,PO90658,10-4020-000632,179,280,184,OVERNIGHT J-FAST,,8164.278,653.1422,163.2856,8980.7058,,00000000-0000-0000-0000-000000000000,2026-09-03T11:32:30.462868
72504,6,2024-10-03,2024-10-14,2024-10-06,5,False,SO72504,PO60845,10-4020-000073,35,31,209,OVERNIGHT J-FAST,,13644.0734,1091.5259,272.8815,15008.4808,,00000000-0000-0000-0000-000000000000,2026-09-03T11:32:30.462880
72505,1,2025-03-19,2025-04-15,2025-03-22,5,False,SO72505,PO84867,10-4020-000439,845,281,31,CARGO TRANSPORT 5,,14111.5247,1128.922,282.2305,15522.6772,,00000000-0000-0000-0000-000000000000,2026-09-03T11:32:30.462892
72506,8,2025-03-07,2025-03-29,2025-03-14,5,True,SO72506,PO41671,10-4020-000491,513,137,356,XRQ - TRUCK GROUND-,,5833.518,466.6814,116.6704,6416.8698,,00000000-0000-0000-0000-000000000000,2026-09-03T11:32:30.462903
72507,4,2024-08-04,2024-09-01,2024-08-10,5,False,SO72507,PO50207,10-4020-000595,716,192,442,CARGO TRANSPORT 5,,10764.0139,861.1211,215.2803,11840.4153,,00000000-0000-0000-0000-000000000000,2026-09-03T11:32:30.462914
72508,8,2024-06-11,2024-07-02,2024-06-20,5,True,SO72508,PO53800,10-4020-000336,9,112,83,XRQ - TRUCK GROUND-,,91.5473,7.3238,1.8309,100.702,,00000000-0000-0000-0000-000000000000,2026-09-03T11:32:30.462926
72509,2,2024-11-26,2024-12-18,2024-12-02,5,False,SO72509,PO51039,10-4020-000262,134,201,95,OVERNIGHT J-FAST,,12435.2119,994.817,248.7042,13678.7331,,00000000-0000-0000-0000-000000000000,2026-09-03T11:32:30.462937
72510,5,2024-07-25,2024-08-06,2024-08-06,5,True,SO72510,PO92278,10-4020-000192,678,294,360,CARGO TRANSPORT 5,,6917.7087,553.4167,138.3542,7609.4796,,00000000-0000-0000-0000-000000000000,2026-09-03T11:32:30.462948
72511,5,2024-09-21,2024-10-08,2024-09-25,5,True,SO72511,PO11996,10-4020-000755,807,17,293,CARGO TRANSPORT 5,,11849.6885,947.9751,236.9938,13034.6574,,00000000-0000-0000-0000-000000000000,2026-09-03T11:32:30.462959
72512,7,2025-04-26,2025-05-24,2025-04-29,5,False,SO72512,PO42018,10-4020-000006,653,392,277,XRQ - TRUCK GROUND-,,13430.7017,1074.4561,268.614,14773.7718,,00000000-0000-0000-0000-000000000000,2026-09-03T11:32:30.462970
72513,4,2024-12-29,2025-01-05,2025-01-03,5,True,SO72513,PO21584,10-4020-000394,403,228,113,CARGO TRANSPORT 5,,7681.0293,614.4823,153.6206,8449.1322,,00000000-0000-0000-0000-000000000000,2026-09-03T11:32:30.462982
72514,5,2025-04-12,2025-05-10,2025-04-20,5,False,SO72514,PO53788,10-4020-000773,577,285,405,XRQ - TRUCK GROUND-,,13916.3999,1113.312,278.328,15308.0399,,00000000-0000-0000-0000-000000000000,2026-09-03T11:32:30.462994
72515,3,2025-01-17,2025-01-26,2025-01-22,5,False,SO72515,PO50853,10-4020-000172,405,24,119,CARGO TRANSPORT 5,,4883.0004,390.64,97.66,5371.3004,,00000000-0000-0000-0000-000000000000,2026-09-03T11:32:30.463006
72516,3,2025-01-01,2025-01-08,2025-01-15,5,True,SO72516,PO69975,10-4020-000379,363,267,96,CARGO TRANSPORT 5,,10081.9952,806.5596,201.6399,11090.1947,,00000000-0000-0000-0000-000000000000,2026-09-03T11:32:30.463018
72517,8,2024-10-09,2024-10-16,2024-10-23,5,True,SO72517,PO10143,10-4020-000456,118,47,411,OVERNIGHT J-FAST,,6956.059,556.4847,139.1212,7651.6649,,00000000-0000-0000-0000-000000000000,2026-09-03T11:32:30.463029
72518,1,2024-08-22,2024-09-03,2024-08-28,5,False,SO72518,PO32052,10-4020-000102,663,408,312,XRQ - TRUCK GROUND-,,3423.4641,273.8771,68.4693,3765.8105,,00000000-0000-0000-0000-000000000000,2026-09-03T11:32:30.463041
72519,6,2025-05-05,2025-05-28,2025-05-09,5,False,SO72519,PO10560,10-4020-000703,375,290,49,OVERNIGHT J-FAST,,2605.206,208.4165,52.1041,2865.7266,,00000000-0000-0000-0000-000000000000,2026-09-03T11:32:30.463053
72520,7,2024-07-25,2024-08-07,2024-08-05,5,False,SO72520,PO53557,10-4020-000564,564,42,374,XRQ - TRUCK GROUND-,,11603.3982,928.2719,232.068,12763.7381,,00000000-0000-0000-0000-000000000000,2026-09-03T11:32:30.463064
72521,8,2024-11-08,2024-12-07,2024-11-18,5,True,SO72521,PO22346,10-4020-000391,570,265,23,XRQ - TRUCK GROUND-,,8556.177,684.4942,171.1235,9411.7947,,00000000-0000-0000-0000-000000000000,2026-09-03T11:32:30.463076
72522,6,2024-06-26,2024-07-10,2024-07-06,5,True,SO72522,PO18803,10-4020-000561,385,312,80,XRQ - TRUCK GROUND-,,11268.6662,901.4933,225.3733,12395.5328,,00000000-0000-0000-0000-000000000000,2026-09-03T11:32:30.463088
72523,3,2025-03-25,2025-04-17,2025-04-01,5,False,SO72523,PO50762,10-4020-000055,674,50,264,CARGO TRANSPORT 5,,7219.8984,577.5919,144.398,7941.8883,,00000000-0000-0000-0000-000000000000,2026-09-03T11:32:30.463100
72524,8,2024-08-26,2024-09-07,2024-08-29,5,True,SO72524,PO33282,10-4020-000565,219,315,151,XRQ - TRUCK GROUND-,,10849.618,867.9694,216.9924,11934.5798,,00000000-0000-0000-0000-000000000000,2026-09-03T11:32:30.463111
72525,4,2024-08-05,2024-08-16,2024-08-18,5,True,SO72525,PO17754,10-4020-000259,91,143,143,OVERNIGHT J-FAST,,9397.8173,751.8254,187.9563,10337.599,,00000000-0000-0000-0000-000000000000,2026-09-03T11:32:30.463129
72526,3,2024-10-21,2024-11-20,2024-11-01,5,True,SO72526,PO18655,10-4020-000432,369,296,309,XRQ - TRUCK GROUND-,,9839.7636,787.1811,196.7953,10823.74,,00000000-0000-0000-0000-000000000000,2026-09-03T11:32:30.463141
72527,3,2024-09-09,2024-10-09,2024-09-22,5,True,SO72527,PO26722,10-4020-000037,650,107,26,OVERNIGHT J-FAST,,10531.4567,842.5165,210.6291,11584.6023,,00000000-0000-0000-0000-000000000000,2026-09-03T11:32:30.463153
72528,4,2025-06-01,2025-06-12,2025-06-06,5,False,SO72528,PO75277,10-4020-000368,131,357,449,CARGO TRANSPORT 5,,10453.3843,836.2707,209.0677,11498.7227,,00000000-0000-0000-0000-000000000000,2026-09-03T11:32:30.463164
72529,4,2024-10-03,2024-10-11,2024-10-08,5,True,SO72529,PO64778,10-4020-000344,49,209,130,OVERNIGHT J-FAST,,5625.3141,450.0251,112.5063,6187.8455,,00000000-0000-0000-0000-000000000000,2026-09-03T11:32:30.463177
72530,1,2024-09-09,2024-09-27,2024-09-23,5,True,SO72530,PO67667,10-4020-000468,471,183,204,XRQ - TRUCK GROUND-,,93.1433,7.4515,1.8629,102.4577,,00000000-0000-0000-0000-000000000000,2026-09-03T11:32:30.463188
72531,4,2024-07-20,2024-07-31,2024-07-24,5,True,SO72531,PO95427,10-4020-000166,613,46,213,XRQ - TRUCK GROUND-,,9186.0234,734.8819,183.7205,10104.6258,,00000000-0000-0000-0000-000000000000,2026-09-03T11:32:30.463199
72532,2,2025-05-18,2025-06-09,2025-05-25,5,False,SO72532,PO89707,10-4020-000042,163,299,384,XRQ - TRUCK GROUND-,,14675.2891,1174.0231,293.5058,16142.818,,00000000-0000-0000-0000-000000000000,2026-09-03T11:32:30.463212
72533,1,2024-09-20,2024-10-05,2024-09-26,5,False,SO72533,PO18766,10-4020-000635,397,201,84,CARGO TRANSPORT 5,,1834.0079,146.7206,36.6802,2017.4087,,00000000-0000-0000-0000-000000000000,2026-09-03T11:32:30.463223
72534,4,2025-03-18,2025-03-28,2025-03-27,5,False,SO72534,PO11833,10-4020-000514,58,188,208,XRQ - TRUCK GROUND-,,1263.34,101.0672,25.2668,1389.674,,00000000-0000-0000-0000-000000000000,2026-09-03T11:32:30.463234
72535,7,2024-12-06,2024-12-25,2024-12-16,5,True,SO72535,PO60222,10-4020-000240,718,202,79,CARGO TRANSPORT 5,,14534.1431,1162.7314,290.6829,15987.5574,,00000000-0000-0000-0000-000000000000,2026-09-03T11:32:30.463245
72536,7,2025-03-20,2025-04-07,2025-03-28,5,True,SO72536,PO49740,10-4020-000596,294,399,391,OVERNIGHT J-FAST,,7706.5676,616.5254,154.1314,8477.2244,,00000000-0000-0000-0000-000000000000,2026-09-03T11:32:30.463257
72537,8,2024-11-01,2024-11-21,2024-11-10,5,True,SO72537,PO99765,10-4020-000314,620,395,97,XRQ - TRUCK GROUND-,,9857.6049,788.6084,197.1521,10843.3654,,00000000-0000-0000-0000-000000000000,2026-09-03T11:32:30.463267
72538,6,2024-09-24,2024-10-01,2024-10-01,5,False,SO72538,PO31925,10-4020-000465,195,67,434,CARGO TRANSPORT 5,,8534.9156,682.7932,170.6983,9388.4071,,00000000-0000-0000-0000-000000000000,2026-09-03T11:32:30.463278
72539,2,2024-12-15,2024-12-24,2024-12-22,5,True,SO72539,PO43518,10-4020-000222,805,211,341,CARGO TRANSPORT 5,,2063.61,165.0888,41.2722,2269.971,,00000000-0000-0000-0000-000000000000,2026-09-03T11:32:30.463291
72540,6,2024-11-23,2024-12-08,2024-12-06,5,True,SO72540,PO23292,10-4020-000696,528,436,263,XRQ - TRUCK GROUND-,,14115.5332,1129.2427,282.3107,15527.0866,,00000000-0000-0000-0000-000000000000,2026-09-03T11:32:30.463303
72541,8,2024-06-21,2024-07-17,2024-07-04,5,True,SO72541,PO91628,10-4020-000418,152,328,123,XRQ - TRUCK GROUND-,,8030.3241,642.4259,160.6065,8833.3565,,00000000-0000-0000-0000-000000000000,2026-09-03T11:32:30.463315
72542,2,2024-11-07,2024-12-05,2024-11-19,5,False,SO72542,PO44559,10-4020-000226,206,287,174,CARGO TRANSPORT 5,,13616.2261,1089.2981,272.3245,14977.8487,,00000000-0000-0000-0000-000000000000,2026-09-03T11:32:30.463326
72543,5,2024-08-08,2024-08-29,2024-08-13,5,False,SO72543,PO97387,10-4020-000059,374,273,121,CARGO TRANSPORT 5,,10816.4731,865.3178,216.3295,11898.1204,,00000000-0000-0000-0000-000000000000,2026-09-03T11:32:30.463338
72544,4,2024-10-04,2024-10-12,2024-10-18,5,True,SO72544,PO20164,10-4020-000081,724,428,188,XRQ - TRUCK GROUND-,,3948.0936,315.8475,78.9619,4342.903,,00000000-0000-0000-0000-000000000000,2026-09-03T11:32:30.463349
72545,1,2025-02-26,2025-03-16,2025-03-12,5,False,SO72545,PO58469,10-4020-000479,798,373,200,XRQ - TRUCK GROUND-,,7517.6483,601.4119,150.353,8269.4132,,00000000-0000-0000-0000-000000000000,2026-09-03T11:32:30.463362
72546,8,2025-03-16,2025-04-02,2025-03-26,5,False,SO72546,PO86916,10-4020-000730,738,409,138,XRQ - TRUCK GROUND-,,10143.3357,811.4669,202.8667,11157.6693,,00000000-0000-0000-0000-000000000000,2026-09-03T11:32:30.463373
72547,4,2025-04-22,2025-05-10,2025-04-28,5,False,SO72547,PO58590,10-4020-000578,484,439,139,OVERNIGHT J-FAST,,5065.7782,405.2623,101.3156,5572.3561,,00000000-0000-0000-0000-000000000000,2026-09-03T11:32:30.463384
72548,7,2024-12-15,2024-12-24,2024-12-24,5,True,SO72548,PO46746,10-4020-000130,81,91,176,OVERNIGHT J-FAST,,13971.3399,1117.7072,279.4268,15368.4739,,00000000-0000-0000-0000-000000000000,2026-09-03T11:32:30.463395
72549,1,2024-12-07,2025-01-01,2024-12-15,5,False,SO72549,PO76590,10-4020-000090,835,175,95,OVERNIGHT J-FAST,,380.7838,30.4627,7.6157,418.8622,,00000000-0000-0000-0000-000000000000,2026-09-03T11:32:30.463407
72550,6,2025-04-02,2025-04-27,2025-04-11,5,False,SO72550,PO49595,10-4020-000458,187,58,437,CARGO TRANSPORT 5,,2181.8009,174.5441,43.636,2399.981,,00000000-0000-0000-0000-000000000000,2026-09-03T11:32:30.463418
72551,5,2024-06-07,2024-06-18,2024-06-13,5,False,SO72551,PO87136,10-4020-000122,273,93,198,CARGO TRANSPORT 5,,6825.345,546.0276,136.5069,7507.8795,,00000000-0000-0000-0000-000000000000,2026-09-03T11:32:30.463429
72552,5,2024-10-25,2024-11-21,2024-11-05,5,True,SO72552,PO42481,10-4020-000812,162,213,419,CARGO TRANSPORT 5,,836.9551,66.9564,16.7391,920.6506,,00000000-0000-0000-0000-000000000000,2026-09-03T11:32:30.463441
72553,5,2024-11-02,2024-11-15,2024-11-16,5,True,SO72553,PO69350,10-4020-000581,423,113,337,OVERNIGHT J-FAST,,11662.4357,932.9949,233.2487,12828.6793,,00000000-0000-0000-0000-000000000000,2026-09-03T11:32:30.463452
72554,1,2024-09-24,2024-10-01,2024-10-05,5,True,SO72554,PO74970,10-4020-000544,842,183,86,CARGO TRANSPORT 5,,1608.5349,128.6828,32.1707,1769.3884,,00000000-0000-0000-0000-000000000000,2026-09-03T11:32:30.463464
72555,8,2024-08-01,2024-08-10,2024-08-12,5,False,SO72555,PO51724,10-4020-000161,215,186,418,XRQ - TRUCK GROUND-,,1237.0423,98.9634,24.7408,1360.7465,,00000000-0000-0000-0000-000000000000,2026-09-03T11:32:30.463475
72556,3,2024-10-22,2024-11-11,2024-11-02,5,False,SO72556,PO44047,10-4020-000274,697,334,348,OVERNIGHT J-FAST,,11099.9095,887.9928,221.9982,12209.9005,,00000000-0000-0000-0000-000000000000,2026-09-03T11:32:30.463487
72557,4,2024-06-25,2024-07-22,2024-06-30,5,True,SO72557,PO79341,10-4020-000421,816,175,449,XRQ - TRUCK GROUND-,,1730.8078,138.4646,34.6162,1903.8886,,00000000-0000-0000-0000-000000000000,2026-09-03T11:32:30.463498
72558,8,2024-08-15,2024-09-05,2024-08-25,5,True,SO72558,PO85668,10-4020-000441,410,350,166,OVERNIGHT J-FAST,,3377.3378,270.187,67.5468,3715.0716,,00000000-0000-0000-0000-000000000000,2026-09-03T11:32:30.463508
72559,1,2024-09-05,2024-09-15,2024-09-12,5,True,SO72559,PO94633,10-4020-000848,48,391,323,XRQ - TRUCK GROUND-,,2964.9391,237.1951,59.2988,3261.433,,00000000-0000-0000-0000-000000000000,2026-09-03T11:32:30.463519
72560,8,2024-11-30,2024-12-24,2024-12-04,5,True,SO72560,PO58167,10-4020-000334,665,266,338,CARGO TRANSPORT 5,,12238.6018,979.0881,244.772,13462.4619,,00000000-0000-0000-0000-000000000000,2026-09-03T11:32:30.463530
72561,3,2024-06-19,2024-07-11,2024-07-02,5,True,SO72561,PO26780,10-4020-000068,317,96,164,OVERNIGHT J-FAST,,428.4928,34.2794,8.5699,471.3421,,00000000-0000-0000-0000-000000000000,2026-09-03T11:32:30.463541
72562,4,2025-05-06,2025-05-16,2025-05-15,5,True,SO72562,PO89195,10-4020-000309,233,294,355,CARGO TRANSPORT 5,,12707.8941,1016.6315,254.1579,13978.6835,,00000000-0000-0000-0000-000000000000,2026-09-03T11:32:30.463553
72563,2,2024-09-20,2024-10-12,2024-09-25,5,True,SO72563,PO36012,10-4020-000125,203,194,319,OVERNIGHT J-FAST,,11457.8042,916.6243,229.1561,12603.5846,,00000000-0000-0000-0000-000000000000,2026-09-03T11:32:30.463565
72564,7,2024-11-27,2024-12-09,2024-12-11,5,True,SO72564,PO88765,10-4020-000661,191,295,372,XRQ - TRUCK GROUND-,,10652.3501,852.188,213.047,11717.5851,,00000000-0000-0000-0000-000000000000,2026-09-03T11:32:30.463576
72565,6,2025-02-04,2025-02-15,2025-02-18,5,False,SO72565,PO90657,10-4020-000361,848,441,338,XRQ - TRUCK GROUND-,,11772.1908,941.7753,235.4438,12949.4099,,00000000-0000-0000-0000-000000000000,2026-09-03T11:32:30.463587
72566,3,2024-09-18,2024-09-30,2024-09-23,5,False,SO72566,PO39732,10-4020-000717,631,98,268,XRQ - TRUCK GROUND-,,13647.6917,1091.8153,272.9538,15012.4608,,00000000-0000-0000-0000-000000000000,2026-09-03T11:32:30.463599
72567,5,2025-04-08,2025-04-26,2025-04-18,5,True,SO72567,PO56404,10-4020-000231,133,117,217,OVERNIGHT J-FAST,,2655.8797,212.4704,53.1176,2921.4677,,00000000-0000-0000-0000-000000000000,2026-09-03T11:32:30.463611
72568,1,2024-07-15,2024-08-06,2024-07-24,5,True,SO72568,PO16416,10-4020-000565,471,24,262,CARGO TRANSPORT 5,,7633.7748,610.702,152.6755,8397.1523,,00000000-0000-0000-0000-000000000000,2026-09-03T11:32:30.463623
72569,2,2024-12-17,2025-01-09,2024-12-22,5,True,SO72569,PO59955,10-4020-000040,102,8,252,CARGO TRANSPORT 5,,9126.6577,730.1326,182.5332,10039.3235,,00000000-0000-0000-0000-000000000000,2026-09-03T11:32:30.463634
72570,6,2024-08-19,2024-09-15,2024-08-30,5,True,SO72570,PO83174,10-4020-000695,574,324,94,XRQ - TRUCK GROUND-,,5976.5646,478.1252,119.5313,6574.2211,,00000000-0000-0000-0000-000000000000,2026-09-03T11:32:30.463645
72571,8,2024-07-16,2024-08-13,2024-07-29,5,False,SO72571,PO44359,10-4020-000547,265,400,207,OVERNIGHT J-FAST,,14456.6796,1156.5344,289.1336,15902.3476,,00000000-0000-0000-0000-000000000000,2026-09-03T11:32:30.463657
72572,5,2024-09-11,2024-09-22,2024-09-16,5,True,SO72572,PO38402,10-4020-000708,157,73,83,XRQ - TRUCK GROUND-,,4898.4621,391.877,97.9692,5388.3083,,00000000-0000-0000-0000-000000000000,2026-09-03T11:32:30.463668
72573,2,2025-02-16,2025-03-14,2025-02-23,5,False,SO72573,PO30180,10-4020-000355,574,344,440,XRQ - TRUCK GROUND-,,302.4655,24.1972,6.0493,332.712,,00000000-0000-0000-0000-000000000000,2026-09-03T11:32:30.463679
72574,3,2025-03-17,2025-03-29,2025-03-31,5,False,SO72574,PO63087,10-4020-000059,387,94,421,XRQ - TRUCK GROUND-,,2356.5308,188.5225,47.1306,2592.1839,,00000000-0000-0000-0000-000000000000,2026-09-03T11:32:30.463690
72575,1,2024-11-20,2024-12-09,2024-11-26,5,False,SO72575,PO42065,10-4020-000069,664,59,273,CARGO TRANSPORT 5,,3205.3999,256.432,64.108,3525.9399,,00000000-0000-0000-0000-000000000000,2026-09-03T11:32:30.463702
72576,8,2024-10-18,2024-11-02,2024-10-22,5,True,SO72576,PO10827,10-4020-000498,686,162,118,XRQ - TRUCK GROUND-,,5982.4552,478.5964,119.6491,6580.7007,,00000000-0000-0000-0000-000000000000,2026-09-03T11:32:30.463713
72577,6,2024-11-04,2024-11-15,2024-11-07,5,True,SO72577,PO38803,10-4020-000794,395,90,206,XRQ - TRUCK GROUND-,,11593.9446,927.5156,231.8789,12753.3391,,00000000-0000-0000-0000-000000000000,2026-09-03T11:32:30.463724
72578,5,2024-06-30,2024-07-28,2024-07-09,5,True,SO72578,PO84830,10-4020-000849,738,243,337,OVERNIGHT J-FAST,,7655.3338,612.4267,153.1067,8420.8672,,00000000-0000-0000-0000-000000000000,2026-09-03T11:32:30.463735
72579,5,2024-12-15,2025-01-06,2024-12-18,5,False,SO72579,PO51736,10-4020-000258,583,38,410,CARGO TRANSPORT 5,,995.7003,79.656,19.914,1095.2703,,00000000-0000-0000-0000-000000000000,2026-09-03T11:32:30.463748
72580,6,2025-04-17,2025-04-26,2025-04-26,5,False,SO72580,PO19439,10-4020-000080,580,393,345,OVERNIGHT J-FAST,,9912.3391,792.9871,198.2468,10903.573,,00000000-0000-0000-0000-000000000000,2026-09-03T11:32:30.463759
72581,1,2024-11-16,2024-12-11,2024-11-29,5,True,SO72581,PO85527,10-4020-000739,385,304,109,XRQ - TRUCK GROUND-,,6452.5649,516.2052,129.0513,7097.8214,,00000000-0000-0000-0000-000000000000,2026-09-03T11:32:30.463770
72582,8,2024-11-12,2024-11-30,2024-11-17,5,True,SO72582,PO72542,10-4020-000823,1,416,71,CARGO TRANSPORT 5,,6790.3463,543.2277,135.8069,7469.3809,,00000000-0000-0000-0000-000000000000,2026-09-03T11:32:30.463781
72583,3,2024-10-08,2024-11-05,2024-10-11,5,True,SO72583,PO91625,10-4020-000668,509,50,70,XRQ - TRUCK GROUND-,,2572.4728,205.7978,51.4495,2829.7201,,00000000-0000-0000-0000-000000000000,2026-09-03T11:32:30.463792
72584,5,2025-05-05,2025-05-14,2025-05-11,5,True,SO72584,PO66360,10-4020-000636,414,237,273,XRQ - TRUCK GROUND-,,1392.5906,111.4072,27.8518,1531.8496,,00000000-0000-0000-0000-000000000000,2026-09-03T11:32:30.463804
72585,1,2025-04-28,2025-05-23,2025-05-09,5,False,SO72585,PO38261,10-4020-000076,169,219,252,OVERNIGHT J-FAST,,6835.8531,546.8682,136.7171,7519.4384,,00000000-0000-0000-0000-000000000000,2026-09-03T11:32:30.463815
72586,3,2024-09-27,2024-10-08,2024-10-07,5,False,SO72586,PO98467,10-4020-000783,29,236,174,XRQ - TRUCK GROUND-,,1244.5487,99.5639,24.891,1369.0036,,00000000-0000-0000-0000-000000000000,2026-09-03T11:32:30.463826
72587,8,2025-03-23,2025-04-19,2025-04-03,5,False,SO72587,PO56191,10-4020-000243,653,107,324,XRQ - TRUCK GROUND-,,14459.3292,1156.7463,289.1866,15905.2621,,00000000-0000-0000-0000-000000000000,2026-09-03T11:32:30.463838
72588,5,2025-03-20,2025-04-02,2025-03-24,5,True,SO72588,PO92570,10-4020-000789,392,169,159,CARGO TRANSPORT 5,,13506.6329,1080.5306,270.1327,14857.2962,,00000000-0000-0000-0000-000000000000,2026-09-03T11:32:30.463849
72589,6,2024-06-16,2024-06-28,2024-06-22,5,True,SO72589,PO28970,10-4020-000047,163,62,301,CARGO TRANSPORT 5,,14309.5032,1144.7603,286.1901,15740.4536,,00000000-0000-0000-0000-000000000000,2026-09-03T11:32:30.463861
72590,6,2024-11-28,2024-12-20,2024-12-07,5,False,SO72590,PO47065,10-4020-000577,656,234,410,OVERNIGHT J-FAST,,12640.3653,1011.2292,252.8073,13904.4018,,00000000-0000-0000-0000-000000000000,2026-09-03T11:32:30.463872
72591,1,2025-02-01,2025-02-08,2025-02-06,5,False,SO72591,PO83565,10-4020-000476,406,157,159,XRQ - TRUCK GROUND-,,152.9706,12.2376,3.0594,168.2676,,00000000-0000-0000-0000-000000000000,2026-09-03T11:32:30.463884
72592,8,2025-05-07,2025-05-26,2025-05-14,5,False,SO72592,PO87736,10-4020-000461,317,46,215,CARGO TRANSPORT 5,,11449.6038,915.9683,228.9921,12594.5642,,00000000-0000-0000-0000-000000000000,2026-09-03T11:32:30.463895
72593,7,2024-12-15,2025-01-13,2024-12-18,5,False,SO72593,PO53335,10-4020-000034,24,209,126,OVERNIGHT J-FAST,,13363.3695,1069.0696,267.2674,14699.7065,,00000000-0000-0000-0000-000000000000,2026-09-03T11:32:30.463907
72594,8,2024-11-09,2024-11-22,2024-11-12,5,False,SO72594,PO45703,10-4020-000579,437,316,96,OVERNIGHT J-FAST,,10500.5223,840.0418,210.0104,11550.5745,,00000000-0000-0000-0000-000000000000,2026-09-03T11:32:30.463918
72595,6,2025-01-12,2025-01-23,2025-01-24,5,False,SO72595,PO39194,10-4020-000329,211,26,356,OVERNIGHT J-FAST,,1232.2188,98.5775,24.6444,1355.4407,,00000000-0000-0000-0000-000000000000,2026-09-03T11:32:30.463929
72596,1,2025-03-31,2025-04-12,2025-04-08,5,False,SO72596,PO24433,10-4020-000166,542,83,237,OVERNIGHT J-FAST,,7015.9772,561.2782,140.3195,7717.5749,,00000000-0000-0000-0000-000000000000,2026-09-03T11:32:30.463940
72597,5,2025-05-12,2025-05-26,2025-05-16,5,False,SO72597,PO90488,10-4020-000297,538,318,436,XRQ - TRUCK GROUND-,,3135.2325,250.8186,62.7047,3448.7558,,00000000-0000-0000-0000-000000000000,2026-09-03T11:32:30.463951
72598,7,2025-03-19,2025-04-06,2025-03-26,5,False,SO72598,PO96174,10-4020-000446,254,153,170,OVERNIGHT J-FAST,,11463.5875,917.087,229.2717,12609.9462,,00000000-0000-0000-0000-000000000000,2026-09-03T11:32:30.463962
72599,5,2024-10-28,2024-11-26,2024-11-04,5,True,SO72599,PO50023,10-4020-000627,125,203,292,XRQ - TRUCK GROUND-,,11192.6691,895.4135,223.8534,12311.936,,00000000-0000-0000-0000-000000000000,2026-09-03T11:32:30.463973
72600,4,2025-03-29,2025-04-27,2025-04-05,5,False,SO72600,PO85801,10-4020-000462,292,116,295,OVERNIGHT J-FAST,,3706.5931,296.5274,74.1319,4077.2524,,00000000-0000-0000-0000-000000000000,2026-09-03T11:32:30.463985
72601,3,2024-12-27,2025-01-07,2025-01-02,5,True,SO72601,PO87767,10-4020-000337,513,216,66,XRQ - TRUCK GROUND-,,3993.7256,319.498,79.8745,4393.0981,,00000000-0000-0000-0000-000000000000,2026-09-03T11:32:30.463996
72602,4,2025-01-31,2025-02-25,2025-02-13,5,False,SO72602,PO23075,10-4020-000256,162,54,5,XRQ - TRUCK GROUND-,,10867.0133,869.3611,217.3403,11953.7147,,00000000-0000-0000-0000-000000000000,2026-09-03T11:32:30.464009
72603,3,2025-01-15,2025-01-25,2025-01-25,5,True,SO72603,PO72774,10-4020-000335,309,437,266,OVERNIGHT J-FAST,,1979.877,158.3902,39.5975,2177.8647,,00000000-0000-0000-0000-000000000000,2026-09-03T11:32:30.464020
72604,7,2024-09-07,2024-09-25,2024-09-15,5,False,SO72604,PO86756,10-4020-000136,797,65,20,CARGO TRANSPORT 5,,4341.6278,347.3302,86.8326,4775.7906,,00000000-0000-0000-0000-000000000000,2026-09-03T11:32:30.464032
72605,5,2024-06-06,2024-07-01,2024-06-15,5,False,SO72605,PO60004,10-4020-000066,152,371,313,CARGO TRANSPORT 5,,691.5155,55.3212,13.8303,760.667,,00000000-0000-0000-0000-000000000000,2026-09-03T11:32:30.464043
72606,1,2025-03-18,2025-03-29,2025-04-01,5,False,SO72606,PO23977,10-4020-000140,798,59,105,XRQ - TRUCK GROUND-,,866.3848,69.3108,17.3277,953.0233,,00000000-0000-0000-0000-000000000000,2026-09-03T11:32:30.464054
72607,7,2025-01-23,2025-02-10,2025-02-03,5,False,SO72607,PO34944,10-4020-000339,597,173,322,XRQ - TRUCK GROUND-,,5033.1109,402.6489,100.6622,5536.422,,00000000-0000-0000-0000-000000000000,2026-09-03T11:32:30.464065
72608,7,2025-01-28,2025-02-06,2025-02-09,5,True,SO72608,PO19015,10-4020-000268,723,185,283,OVERNIGHT J-FAST,,14459.4433,1156.7555,289.1889,15905.3877,,00000000-0000-0000-0000-000000000000,2026-09-03T11:32:30.464076
72609,6,2024-09-05,2024-09-24,2024-09-14,5,True,SO72609,PO21094,10-4020-000075,229,278,282,OVERNIGHT J-FAST,,3927.6549,314.2124,78.5531,4320.4204,,00000000-0000-0000-0000-000000000000,2026-09-03T11:32:30.464087
72610,5,2024-06-25,2024-07-07,2024-07-01,5,False,SO72610,PO30653,10-4020-000687,759,70,18,CARGO TRANSPORT 5,,13281.0192,1062.4815,265.6204,14609.1211,,00000000-0000-0000-0000-000000000000,2026-09-03T11:32:30.464098
72611,5,2024-09-08,2024-09-20,2024-09-15,5,False,SO72611,PO37251,10-4020-000672,111,10,155,CARGO TRANSPORT 5,,4684.9092,374.7927,93.6982,5153.4001,,00000000-0000-0000-0000-000000000000,2026-09-03T11:32:30.464109
72612,7,2025-05-06,2025-05-29,2025-05-20,5,False,SO72612,PO80814,10-4020-000029,34,283,406,XRQ - TRUCK GROUND-,,6788.8956,543.1116,135.7779,7467.7851,,00000000-0000-0000-0000-000000000000,2026-09-03T11:32:30.464120
72613,3,2024-11-08,2024-12-03,2024-11-15,5,False,SO72613,PO86358,10-4020-000052,157,413,335,CARGO TRANSPORT 5,,10675.7965,854.0637,213.5159,11743.3761,,00000000-0000-0000-0000-000000000000,2026-09-03T11:32:30.464132
72614,8,2025-04-28,2025-05-19,2025-05-05,5,True,SO72614,PO71055,10-4020-000270,193,20,155,CARGO TRANSPORT 5,,9956.8294,796.5464,199.1366,10952.5124,,00000000-0000-0000-0000-000000000000,2026-09-03T11:32:30.464143
72615,4,2024-11-11,2024-12-05,2024-11-19,5,True,SO72615,PO31413,10-4020-000166,835,287,313,OVERNIGHT J-FAST,,923.758,73.9006,18.4752,1016.1338,,00000000-0000-0000-0000-000000000000,2026-09-03T11:32:30.464154
72616,3,2025-01-03,2025-01-24,2025-01-11,5,True,SO72616,PO36079,10-4020-000206,137,267,79,XRQ - TRUCK GROUND-,,5893.1095,471.4488,117.8622,6482.4205,,00000000-0000-0000-0000-000000000000,2026-09-03T11:32:30.464166
72617,1,2024-09-28,2024-10-09,2024-10-06,5,False,SO72617,PO85185,10-4020-000111,221,105,450,CARGO TRANSPORT 5,,189.3232,15.1459,3.7865,208.2556,,00000000-0000-0000-0000-000000000000,2026-09-03T11:32:30.464179
72618,4,2024-09-26,2024-10-11,2024-10-05,5,False,SO72618,PO67799,10-4020-000070,752,355,63,XRQ - TRUCK GROUND-,,378.4001,30.272,7.568,416.2401,,00000000-0000-0000-0000-000000000000,2026-09-03T11:32:30.464190
72619,6,2025-01-06,2025-01-13,2025-01-16,5,False,SO72619,PO28611,10-4020-000795,490,313,313,OVERNIGHT J-FAST,,11760.5325,940.8426,235.2106,12936.5857,,00000000-0000-0000-0000-000000000000,2026-09-03T11:32:30.464201
72620,1,2024-11-09,2024-11-21,2024-11-16,5,False,SO72620,PO37604,10-4020-000058,81,89,119,XRQ - TRUCK GROUND-,,3774.3957,301.9517,75.4879,4151.8353,,00000000-0000-0000-0000-000000000000,2026-09-03T11:32:30.464212
72621,5,2025-03-25,2025-04-16,2025-03-30,5,True,SO72621,PO13806,10-4020-000222,278,367,406,CARGO TRANSPORT 5,,8364.1227,669.1298,167.2825,9200.535,,00000000-0000-0000-0000-000000000000,2026-09-03T11:32:30.464224
72622,5,2024-06-24,2024-07-15,2024-06-28,5,True,SO72622,PO21910,10-4020-000466,735,84,84,XRQ - TRUCK GROUND-,,1949.4842,155.9587,38.9897,2144.4326,,00000000-0000-0000-0000-000000000000,2026-09-03T11:32:30.464236
72623,6,2024-08-07,2024-08-15,2024-08-17,5,False,SO72623,PO43940,10-4020-000677,560,237,374,CARGO TRANSPORT 5,,4425.4775,354.0382,88.5096,4868.0253,,00000000-0000-0000-0000-000000000000,2026-09-03T11:32:30.464248
72624,8,2025-01-30,2025-02-16,2025-02-06,5,False,SO72624,PO23876,10-4020-000638,806,427,308,CARGO TRANSPORT 5,,9650.787,772.063,193.0157,10615.8657,,00000000-0000-0000-0000-000000000000,2026-09-03T11:32:30.464260
72625,6,2024-10-14,2024-11-10,2024-10-25,5,True,SO72625,PO80362,10-4020-000452,158,404,347,OVERNIGHT J-FAST,,798.1943,63.8555,15.9639,878.0137,,00000000-0000-0000-0000-000000000000,2026-09-03T11:32:30.464271
72626,2,2025-04-19,2025-05-01,2025-04-24,5,False,SO72626,PO88485,10-4020-000042,822,300,401,XRQ - TRUCK GROUND-,,2267.6523,181.4122,45.353,2494.4175,,00000000-0000-0000-0000-000000000000,2026-09-03T11:32:30.464282
72627,5,2024-11-23,2024-12-22,2024-11-30,5,True,SO72627,PO42427,10-4020-000498,256,322,97,OVERNIGHT J-FAST,,5809.8969,464.7918,116.1979,6390.8866,,00000000-0000-0000-0000-000000000000,2026-09-03T11:32:30.464293
72628,2,2025-03-21,2025-04-02,2025-03-25,5,True,SO72628,PO21080,10-4020-000089,49,62,272,OVERNIGHT J-FAST,,11552.8436,924.2275,231.0569,12708.128,,00000000-0000-0000-0000-000000000000,2026-09-03T11:32:30.464304
72629,6,2025-02-18,2025-03-19,2025-03-01,5,False,SO72629,PO90503,10-4020-000052,686,38,233,CARGO TRANSPORT 5,,677.3563,54.1885,13.5471,745.0919,,00000000-0000-0000-0000-000000000000,2026-09-03T11:32:30.464317
72630,1,2025-02-04,2025-03-03,2025-02-10,5,True,SO72630,PO56205,10-4020-000107,602,318,317,OVERNIGHT J-FAST,,4405.6533,352.4523,88.1131,4846.2187,,00000000-0000-0000-0000-000000000000,2026-09-03T11:32:30.464328
72631,6,2025-05-22,2025-06-21,2025-05-26,5,False,SO72631,PO23372,10-4020-000177,180,73,253,OVERNIGHT J-FAST,,5356.6467,428.5317,107.1329,5892.3113,,00000000-0000-0000-0000-000000000000,2026-09-03T11:32:30.464339
72632,8,2024-10-09,2024-10-21,2024-10-14,5,True,SO72632,PO57279,10-4020-000297,154,74,58,OVERNIGHT J-FAST,,3784.1114,302.7289,75.6822,4162.5225,,00000000-0000-0000-0000-000000000000,2026-09-03T11:32:30.464350
72633,6,2024-08-30,2024-09-27,2024-09-06,5,False,SO72633,PO35212,10-4020-000200,758,377,1,XRQ - TRUCK GROUND-,,5684.4184,454.7535,113.6884,6252.8603,,00000000-0000-0000-0000-000000000000,2026-09-03T11:32:30.464361
72634,4,2025-03-04,2025-03-20,2025-03-11,5,False,SO72634,PO68041,10-4020-000019,313,258,431,XRQ - TRUCK GROUND-,,12255.9869,980.479,245.1197,13481.5856,,00000000-0000-0000-0000-000000000000,2026-09-03T11:32:30.464372
72635,6,2025-02-11,2025-02-18,2025-02-18,5,False,SO72635,PO12727,10-4020-000824,171,6,441,OVERNIGHT J-FAST,,7653.1899,612.2552,153.0638,8418.5089,,00000000-0000-0000-0000-000000000000,2026-09-03T11:32:30.464383
72636,6,2025-04-11,2025-04-20,2025-04-23,5,False,SO72636,PO34833,10-4020-000807,699,230,255,OVERNIGHT J-FAST,,10262.5925,821.0074,205.2519,11288.8518,,00000000-0000-0000-0000-000000000000,2026-09-03T11:32:30.464395
72637,3,2025-04-16,2025-05-05,2025-04-25,5,True,SO72637,PO30966,10-4020-000613,759,163,213,CARGO TRANSPORT 5,,10544.7625,843.581,210.8953,11599.2388,,00000000-0000-0000-0000-000000000000,2026-09-03T11:32:30.464407
72638,8,2024-10-16,2024-11-07,2024-10-24,5,True,SO72638,PO30973,10-4020-000368,581,79,9,OVERNIGHT J-FAST,,2815.5486,225.2439,56.311,3097.1035,,00000000-0000-0000-0000-000000000000,2026-09-03T11:32:30.464418
72639,6,2024-07-12,2024-08-05,2024-07-16,5,True,SO72639,PO89244,10-4020-000138,29,335,189,XRQ - TRUCK GROUND-,,13293.0427,1063.4434,265.8609,14622.347,,00000000-0000-0000-0000-000000000000,2026-09-03T11:32:30.464429
72640,5,2024-08-20,2024-08-30,2024-08-24,5,False,SO72640,PO63806,10-4020-000224,44,78,303,OVERNIGHT J-FAST,,2306.0952,184.4876,46.1219,2536.7047,,00000000-0000-0000-0000-000000000000,2026-09-03T11:32:30.464440
72641,7,2024-11-09,2024-11-23,2024-11-18,5,True,SO72641,PO70722,10-4020-000685,738,416,79,XRQ - TRUCK GROUND-,,11373.89,909.9112,227.4778,12511.279,,00000000-0000-0000-0000-000000000000,2026-09-03T11:32:30.464452
72642,5,2024-12-27,2025-01-24,2025-01-01,5,True,SO72642,PO66552,10-4020-000387,78,172,340,OVERNIGHT J-FAST,,2626.789,210.1431,52.5358,2889.4679,,00000000-0000-0000-0000-000000000000,2026-09-03T11:32:30.464464
72643,6,2025-04-16,2025-04-26,2025-04-22,5,True,SO72643,PO24020,10-4020-000229,671,276,390,CARGO TRANSPORT 5,,7739.8623,619.189,154.7972,8513.8485,,00000000-0000-0000-0000-000000000000,2026-09-03T11:32:30.464475
72644,4,2024-06-23,2024-07-22,2024-06-28,5,True,SO72644,PO94196,10-4020-000086,182,436,78,CARGO TRANSPORT 5,,4125.5397,330.0432,82.5108,4538.0937,,00000000-0000-0000-0000-000000000000,2026-09-03T11:32:30.464486
72645,6,2024-08-28,2024-09-27,2024-09-04,5,True,SO72645,PO58822,10-4020-000552,158,446,223,XRQ - TRUCK GROUND-,,11742.559,939.4047,234.8512,12916.8149,,00000000-0000-0000-0000-000000000000,2026-09-03T11:32:30.464497
72646,7,2024-12-31,2025-01-16,2025-01-03,5,True,SO72646,PO86395,10-4020-000113,544,168,135,XRQ - TRUCK GROUND-,,8059.9927,644.7994,161.1999,8865.992,,00000000-0000-0000-0000-000000000000,2026-09-03T11:32:30.464508
72647,5,2025-03-03,2025-03-19,2025-03-08,5,True,SO72647,PO15581,10-4020-000814,398,91,292,XRQ - TRUCK GROUND-,,924.3902,73.9512,18.4878,1016.8292,,00000000-0000-0000-0000-000000000000,2026-09-03T11:32:30.464520
72648,8,2025-02-10,2025-02-24,2025-02-18,5,False,SO72648,PO60818,10-4020-000654,412,145,446,OVERNIGHT J-FAST,,6661.5503,532.924,133.231,7327.7053,,00000000-0000-0000-0000-000000000000,2026-09-03T11:32:30.464531
72649,2,2024-11-07,2024-12-03,2024-11-16,5,True,SO72649,PO38535,10-4020-000304,675,93,58,XRQ - TRUCK GROUND-,,11637.3083,930.9847,232.7462,12801.0392,,00000000-0000-0000-0000-000000000000,2026-09-03T11:32:30.464542
72650,7,2024-08-12,2024-08-23,2024-08-17,5,True,SO72650,PO35337,10-4020-000188,18,157,354,CARGO TRANSPORT 5,,10737.1423,858.9714,214.7428,11810.8565,,00000000-0000-0000-0000-000000000000,2026-09-03T11:32:30.464553
72651,5,2024-06-24,2024-07-18,2024-06-30,5,True,SO72651,PO46884,10-4020-000751,498,262,291,XRQ - TRUCK GROUND-,,4300.6155,344.0492,86.0123,4730.677,,00000000-0000-0000-0000-000000000000,2026-09-03T11:32:30.464564
72652,8,2024-07-28,2024-08-08,2024-08-06,5,False,SO72652,PO85414,10-4020-000708,540,50,334,CARGO TRANSPORT 5,,1396.2116,111.6969,27.9242,1535.8327,,00000000-0000-0000-0000-000000000000,2026-09-03T11:32:30.464577
72653,2,2025-02-19,2025-03-21,2025-03-02,5,True,SO72653,PO17472,10-4020-000225,443,217,210,CARGO TRANSPORT 5,,10489.7191,839.1775,209.7944,11538.691,,00000000-0000-0000-0000-000000000000,2026-09-03T11:32:30.464588
72654,1,2025-05-19,2025-05-27,2025-05-22,5,False,SO72654,PO35782,10-4020-000766,166,277,173,CARGO TRANSPORT 5,,11189.6344,895.1708,223.7927,12308.5979,,00000000-0000-0000-0000-000000000000,2026-09-03T11:32:30.464600
72655,2,2025-03-06,2025-03-13,2025-03-14,5,True,SO72655,PO52813,10-4020-000830,184,139,126,XRQ - TRUCK GROUND-,,5970.6435,477.6515,119.4129,6567.7079,,00000000-0000-0000-0000-000000000000,2026-09-03T11:32:30.464611
72656,1,2024-09-29,2024-10-17,2024-10-10,5,True,SO72656,PO64778,10-4020-000830,631,88,338,XRQ - TRUCK GROUND-,,8270.008,661.6006,165.4002,9097.0088,,00000000-0000-0000-0000-000000000000,2026-09-03T11:32:30.464622
72657,8,2025-04-10,2025-04-29,2025-04-21,5,False,SO72657,PO31497,10-4020-000843,469,388,224,CARGO TRANSPORT 5,,983.5941,78.6875,19.6719,1081.9535,,00000000-0000-0000-0000-000000000000,2026-09-03T11:32:30.464633
72658,4,2024-09-25,2024-10-18,2024-10-07,5,False,SO72658,PO98234,10-4020-000809,209,110,418,OVERNIGHT J-FAST,,2700.7906,216.0632,54.0158,2970.8696,,00000000-0000-0000-0000-000000000000,2026-09-03T11:32:30.464645
72659,2,2024-12-26,2025-01-18,2025-01-03,5,True,SO72659,PO92720,10-4020-000556,831,385,424,OVERNIGHT J-FAST,,13506.918,1080.5534,270.1384,14857.6098,,00000000-0000-0000-0000-000000000000,2026-09-03T11:32:30.464656
72660,2,2024-08-30,2024-09-13,2024-09-08,5,False,SO72660,PO24242,10-4020-000001,77,98,80,XRQ - TRUCK GROUND-,,5994.8585,479.5887,119.8972,6594.3444,,00000000-0000-0000-0000-000000000000,2026-09-03T11:32:30.464669
72661,4,2025-02-14,2025-02-28,2025-02-28,5,True,SO72661,PO22995,10-4020-000690,554,435,261,XRQ - TRUCK GROUND-,,11876.974,950.1579,237.5395,13064.6714,,00000000-0000-0000-0000-000000000000,2026-09-03T11:32:30.464682
72662,3,2024-09-23,2024-10-14,2024-10-07,5,True,SO72662,PO79252,10-4020-000489,334,363,392,XRQ - TRUCK GROUND-,,5272.4479,421.7958,105.449,5799.6927,,00000000-0000-0000-0000-000000000000,2026-09-03T11:32:30.464693
72663,8,2025-05-25,2025-06-16,2025-06-03,5,True,SO72663,PO95281,10-4020-000045,433,387,323,XRQ - TRUCK GROUND-,,345.7835,27.6627,6.9157,380.3619,,00000000-0000-0000-0000-000000000000,2026-09-03T11:32:30.464705
72664,3,2024-12-07,2024-12-14,2024-12-20,5,True,SO72664,PO95745,10-4020-000833,273,127,395,CARGO TRANSPORT 5,,12391.5506,991.324,247.831,13630.7056,,00000000-0000-0000-0000-000000000000,2026-09-03T11:32:30.464716
72665,8,2025-04-15,2025-05-05,2025-04-19,5,False,SO72665,PO75951,10-4020-000712,114,181,304,OVERNIGHT J-FAST,,1955.1631,156.413,39.1033,2150.6794,,00000000-0000-0000-0000-000000000000,2026-09-03T11:32:30.464727
72666,4,2025-03-24,2025-04-17,2025-04-07,5,False,SO72666,PO55867,10-4020-000677,510,92,377,XRQ - TRUCK GROUND-,,12805.7705,1024.4616,256.1154,14086.3475,,00000000-0000-0000-0000-000000000000,2026-09-03T11:32:30.464738
72667,3,2024-06-09,2024-07-08,2024-06-18,5,False,SO72667,PO58318,10-4020-000713,842,205,274,OVERNIGHT J-FAST,,14860.6025,1188.8482,297.2121,16346.6628,,00000000-0000-0000-0000-000000000000,2026-09-03T11:32:30.464751
72668,6,2024-08-27,2024-09-21,2024-08-31,5,True,SO72668,PO52424,10-4020-000459,210,158,316,XRQ - TRUCK GROUND-,,9193.9516,735.5161,183.879,10113.3467,,00000000-0000-0000-0000-000000000000,2026-09-03T11:32:30.464762
72669,3,2025-03-31,2025-04-17,2025-04-08,5,True,SO72669,PO88950,10-4020-000280,688,223,322,XRQ - TRUCK GROUND-,,8504.2908,680.3433,170.0858,9354.7199,,00000000-0000-0000-0000-000000000000,2026-09-03T11:32:30.464773
72670,5,2024-06-05,2024-06-16,2024-06-17,5,True,SO72670,PO68333,10-4020-000275,643,244,74,XRQ - TRUCK GROUND-,,11471.7443,917.7395,229.4349,12618.9187,,00000000-0000-0000-0000-000000000000,2026-09-03T11:32:30.464784
72671,5,2024-12-28,2025-01-06,2025-01-07,5,False,SO72671,PO73495,10-4020-000023,576,2,284,XRQ - TRUCK GROUND-,,6374.6179,509.9694,127.4924,7012.0797,,00000000-0000-0000-0000-000000000000,2026-09-03T11:32:30.464795
72672,8,2025-01-21,2025-02-05,2025-02-01,5,False,SO72672,PO99860,10-4020-000633,585,146,208,OVERNIGHT J-FAST,,4639.5532,371.1643,92.7911,5103.5086,,00000000-0000-0000-0000-000000000000,2026-09-03T11:32:30.464806
72673,4,2024-07-09,2024-08-04,2024-07-20,5,False,SO72673,PO24751,10-4020-000421,474,125,148,OVERNIGHT J-FAST,,14306.4444,1144.5156,286.1289,15737.0889,,00000000-0000-0000-0000-000000000000,2026-09-03T11:32:30.464817
72674,6,2025-02-21,2025-03-06,2025-03-02,5,True,SO72674,PO59914,10-4020-000300,796,300,274,CARGO TRANSPORT 5,,14158.6722,1132.6938,283.1734,15574.5394,,00000000-0000-0000-0000-000000000000,2026-09-03T11:32:30.464829
72675,1,2024-10-14,2024-11-09,2024-10-19,5,False,SO72675,PO11299,10-4020-000335,176,61,428,CARGO TRANSPORT 5,,4385.7356,350.8588,87.7147,4824.3091,,00000000-0000-0000-0000-000000000000,2026-09-03T11:32:30.464840
72676,8,2024-08-23,2024-08-31,2024-09-01,5,False,SO72676,PO47994,10-4020-000567,617,32,10,XRQ - TRUCK GROUND-,,6007.1502,480.572,120.143,6607.8652,,00000000-0000-0000-0000-000000000000,2026-09-03T11:32:30.464851
72677,5,2024-08-31,2024-09-18,2024-09-11,5,True,SO72677,PO39024,10-4020-000001,570,450,277,XRQ - TRUCK GROUND-,,4094.8657,327.5893,81.8973,4504.3523,,00000000-0000-0000-0000-000000000000,2026-09-03T11:32:30.464861
72678,1,2025-03-12,2025-03-29,2025-03-22,5,False,SO72678,PO97393,10-4020-000835,554,283,122,XRQ - TRUCK GROUND-,,2889.8107,231.1849,57.7962,3178.7918,,00000000-0000-0000-0000-000000000000,2026-09-03T11:32:30.464872
72679,5,2025-04-01,2025-05-01,2025-04-05,5,False,SO72679,PO64525,10-4020-000243,15,77,229,OVERNIGHT J-FAST,,11066.5555,885.3244,221.3311,12173.211,,00000000-0000-0000-0000-000000000000,2026-09-03T11:32:30.464884
72680,4,2024-06-07,2024-06-15,2024-06-20,5,False,SO72680,PO61167,10-4020-000779,696,207,53,XRQ - TRUCK GROUND-,,756.2873,60.503,15.1257,831.916,,00000000-0000-0000-0000-000000000000,2026-09-03T11:32:30.464897
72681,4,2025-04-02,2025-04-09,2025-04-10,5,False,SO72681,PO48375,10-4020-000100,572,134,393,XRQ - TRUCK GROUND-,,5370.5699,429.6456,107.4114,5907.6269,,00000000-0000-0000-0000-000000000000,2026-09-03T11:32:30.464908
72682,5,2024-09-07,2024-09-27,2024-09-17,5,True,SO72682,PO75883,10-4020-000780,492,370,10,XRQ - TRUCK GROUND-,,12390.7469,991.2598,247.8149,13629.8216,,00000000-0000-0000-0000-000000000000,2026-09-03T11:32:30.464919
72683,3,2024-07-31,2024-08-20,2024-08-13,5,True,SO72683,PO14093,10-4020-000116,647,385,105,OVERNIGHT J-FAST,,7985.7514,638.8601,159.715,8784.3265,,00000000-0000-0000-0000-000000000000,2026-09-03T11:32:30.464931
72684,2,2024-12-08,2024-12-16,2024-12-14,5,False,SO72684,PO48748,10-4020-000311,259,68,308,XRQ - TRUCK GROUND-,,13333.9062,1066.7125,266.6781,14667.2968,,00000000-0000-0000-0000-000000000000,2026-09-03T11:32:30.464942
72685,5,2024-06-23,2024-07-21,2024-07-01,5,False,SO72685,PO83220,10-4020-000411,839,192,85,OVERNIGHT J-FAST,,5931.2502,474.5,118.625,6524.3752,,00000000-0000-0000-0000-000000000000,2026-09-03T11:32:30.464953
72686,3,2024-06-20,2024-06-30,2024-06-28,5,False,SO72686,PO90121,10-4020-000612,447,447,245,CARGO TRANSPORT 5,,5698.5556,455.8844,113.9711,6268.4111,,00000000-0000-0000-0000-000000000000,2026-09-03T11:32:30.464964
72687,3,2024-11-09,2024-11-21,2024-11-14,5,True,SO72687,PO89821,10-4020-000009,340,121,111,XRQ - TRUCK GROUND-,,13989.9615,1119.1969,279.7992,15388.9576,,00000000-0000-0000-0000-000000000000,2026-09-03T11:32:30.464975
72688,8,2025-04-28,2025-05-05,2025-05-05,5,False,SO72688,PO50278,10-4020-000492,399,156,278,OVERNIGHT J-FAST,,9915.6024,793.2482,198.312,10907.1626,,00000000-0000-0000-0000-000000000000,2026-09-03T11:32:30.464986
72689,6,2025-05-17,2025-06-12,2025-05-23,5,False,SO72689,PO52763,10-4020-000175,99,435,422,CARGO TRANSPORT 5,,11792.7371,943.419,235.8547,12972.0108,,00000000-0000-0000-0000-000000000000,2026-09-03T11:32:30.464997
72690,1,2025-03-01,2025-03-23,2025-03-05,5,True,SO72690,PO47679,10-4020-000342,747,179,112,CARGO TRANSPORT 5,,3417.1013,273.3681,68.342,3758.8114,,00000000-0000-0000-0000-000000000000,2026-09-03T11:32:30.465007
72691,1,2024-08-25,2024-09-01,2024-09-08,5,True,SO72691,PO61693,10-4020-000131,675,95,47,CARGO TRANSPORT 5,,10537.6759,843.0141,210.7535,11591.4435,,00000000-0000-0000-0000-000000000000,2026-09-03T11:32:30.465018
72692,3,2025-01-28,2025-02-24,2025-02-07,5,False,SO72692,PO30585,10-4020-000436,791,139,275,XRQ - TRUCK GROUND-,,3590.5869,287.247,71.8117,3949.6456,,00000000-0000-0000-0000-000000000000,2026-09-03T11:32:30.465029
72693,6,2025-03-07,2025-03-31,2025-03-15,5,False,SO72693,PO82632,10-4020-000333,176,93,300,XRQ - TRUCK GROUND-,,10986.0207,878.8817,219.7204,12084.6228,,00000000-0000-0000-0000-000000000000,2026-09-03T11:32:30.465041
72694,6,2024-11-04,2024-11-15,2024-11-18,5,False,SO72694,PO23291,10-4020-000416,119,258,168,OVERNIGHT J-FAST,,2596.1521,207.6922,51.923,2855.7673,,00000000-0000-0000-0000-000000000000,2026-09-03T11:32:30.465052
72695,8,2024-12-06,2024-12-15,2024-12-09,5,False,SO72695,PO16845,10-4020-000542,653,25,186,OVERNIGHT J-FAST,,9243.4693,739.4775,184.8694,10167.8162,,00000000-0000-0000-0000-000000000000,2026-09-03T11:32:30.465064
72696,8,2025-04-03,2025-04-24,2025-04-10,5,False,SO72696,PO71815,10-4020-000236,784,188,327,CARGO TRANSPORT 5,,1436.5548,114.9244,28.7311,1580.2103,,00000000-0000-0000-0000-000000000000,2026-09-03T11:32:30.465075
72697,5,2024-11-30,2024-12-21,2024-12-11,5,False,SO72697,PO24697,10-4020-000809,473,61,183,XRQ - TRUCK GROUND-,,11597.0401,927.7632,231.9408,12756.7441,,00000000-0000-0000-0000-000000000000,2026-09-03T11:32:30.465086
72698,8,2024-11-01,2024-11-14,2024-11-08,5,False,SO72698,PO89040,10-4020-000209,38,171,119,OVERNIGHT J-FAST,,10549.8012,843.9841,210.996,11604.7813,,00000000-0000-0000-0000-000000000000,2026-09-03T11:32:30.465097
72699,4,2025-02-17,2025-03-02,2025-02-21,5,True,SO72699,PO65218,10-4020-000086,807,36,353,CARGO TRANSPORT 5,,8038.0181,643.0414,160.7604,8841.8199,,00000000-0000-0000-0000-000000000000,2026-09-03T11:32:30.465108
72700,3,2024-10-01,2024-10-21,2024-10-04,5,False,SO72700,PO76326,10-4020-000548,180,416,286,CARGO TRANSPORT 5,,12391.1994,991.296,247.824,13630.3194,,00000000-0000-0000-0000-000000000000,2026-09-03T11:32:30.465120
72701,8,2024-11-28,2024-12-22,2024-12-08,5,True,SO72701,PO11263,10-4020-000293,848,285,223,CARGO TRANSPORT 5,,11926.3381,954.107,238.5268,13118.9719,,00000000-0000-0000-0000-000000000000,2026-09-03T11:32:30.465131
72702,6,2024-11-09,2024-11-21,2024-11-13,5,False,SO72702,PO50072,10-4020-000419,335,426,339,CARGO TRANSPORT 5,,10279.8546,822.3884,205.5971,11307.8401,,00000000-0000-0000-0000-000000000000,2026-09-03T11:32:30.465144
72703,8,2024-11-15,2024-12-08,2024-11-18,5,True,SO72703,PO77093,10-4020-000579,110,183,218,XRQ - TRUCK GROUND-,,10947.6312,875.8105,218.9526,12042.3943,,00000000-0000-0000-0000-000000000000,2026-09-03T11:32:30.465155
72704,5,2025-01-31,2025-02-19,2025-02-10,5,True,SO72704,PO72808,10-4020-000454,761,194,84,XRQ - TRUCK GROUND-,,2860.4733,228.8379,57.2095,3146.5207,,00000000-0000-0000-0000-000000000000,2026-09-03T11:32:30.465166
72705,2,2024-12-21,2025-01-06,2024-12-27,5,True,SO72705,PO61911,10-4020-000140,602,310,295,OVERNIGHT J-FAST,,8853.3125,708.265,177.0662,9738.6437,,00000000-0000-0000-0000-000000000000,2026-09-03T11:32:30.465180
72706,7,2024-12-10,2024-12-25,2024-12-18,5,True,SO72706,PO89900,10-4020-000602,589,300,405,CARGO TRANSPORT 5,,9455.1195,756.4096,189.1024,10400.6315,,00000000-0000-0000-0000-000000000000,2026-09-03T11:32:30.465191
72707,1,2025-05-20,2025-06-13,2025-06-01,5,False,SO72707,PO72874,10-4020-000234,592,9,273,CARGO TRANSPORT 5,,602.1215,48.1697,12.0424,662.3336,,00000000-0000-0000-0000-000000000000,2026-09-03T11:32:30.465202
72708,3,2025-05-17,2025-05-27,2025-05-31,5,True,SO72708,PO80818,10-4020-000609,420,340,268,OVERNIGHT J-FAST,,10647.6101,851.8088,212.9522,11712.3711,,00000000-0000-0000-0000-000000000000,2026-09-03T11:32:30.465213
72709,5,2024-10-26,2024-11-14,2024-11-02,5,False,SO72709,PO91166,10-4020-000770,687,315,371,OVERNIGHT J-FAST,,2594.5077,207.5606,51.8902,2853.9585,,00000000-0000-0000-0000-000000000000,2026-09-03T11:32:30.465224
72710,3,2025-03-26,2025-04-19,2025-04-03,5,False,SO72710,PO53069,10-4020-000651,728,293,179,XRQ - TRUCK GROUND-,,5592.1467,447.3717,111.8429,6151.3613,,00000000-0000-0000-0000-000000000000,2026-09-03T11:32:30.465235
72711,2,2024-08-04,2024-08-29,2024-08-07,5,True,SO72711,PO28803,10-4020-000074,452,382,299,OVERNIGHT J-FAST,,14184.4455,1134.7556,283.6889,15602.89,,00000000-0000-0000-0000-000000000000,2026-09-03T11:32:30.465247
72712,2,2025-03-03,2025-03-14,2025-03-10,5,True,SO72712,PO93794,10-4020-000624,463,42,237,CARGO TRANSPORT 5,,9157.5805,732.6064,183.1516,10073.3385,,00000000-0000-0000-0000-000000000000,2026-09-03T11:32:30.465258
72713,5,2024-11-16,2024-12-01,2024-11-24,5,True,SO72713,PO44848,10-4020-000814,212,218,255,CARGO TRANSPORT 5,,11271.6608,901.7329,225.4332,12398.8269,,00000000-0000-0000-0000-000000000000,2026-09-03T11:32:30.465269
72714,2,2025-02-23,2025-03-04,2025-02-28,5,True,SO72714,PO93649,10-4020-000031,215,271,258,OVERNIGHT J-FAST,,14923.9618,1193.9169,298.4792,16416.3579,,00000000-0000-0000-0000-000000000000,2026-09-03T11:32:30.465280
72715,2,2025-01-09,2025-01-18,2025-01-21,5,True,SO72715,PO89921,10-4020-000504,552,41,141,OVERNIGHT J-FAST,,12741.3731,1019.3098,254.8275,14015.5104,,00000000-0000-0000-0000-000000000000,2026-09-03T11:32:30.465294
72716,1,2025-03-23,2025-04-22,2025-04-04,5,True,SO72716,PO23810,10-4020-000456,480,296,25,OVERNIGHT J-FAST,,219.7799,17.5824,4.3956,241.7579,,00000000-0000-0000-0000-000000000000,2026-09-03T11:32:30.465305
72717,7,2024-11-09,2024-11-29,2024-11-21,5,True,SO72717,PO38968,10-4020-000843,809,192,46,XRQ - TRUCK GROUND-,,2259.7141,180.7771,45.1943,2485.6855,,00000000-0000-0000-0000-000000000000,2026-09-03T11:32:30.465316
72718,1,2025-05-03,2025-06-02,2025-05-13,5,True,SO72718,PO97678,10-4020-000327,200,65,345,OVERNIGHT J-FAST,,4730.5605,378.4448,94.6112,5203.6165,,00000000-0000-0000-0000-000000000000,2026-09-03T11:32:30.465330
72719,2,2024-06-11,2024-06-21,2024-06-23,5,True,SO72719,PO86610,10-4020-000082,11,128,440,XRQ - TRUCK GROUND-,,11204.6256,896.37,224.0925,12325.0881,,00000000-0000-0000-0000-000000000000,2026-09-03T11:32:30.465340
72720,8,2024-08-04,2024-08-20,2024-08-09,5,False,SO72720,PO55817,10-4020-000125,250,371,219,CARGO TRANSPORT 5,,12799.8276,1023.9862,255.9966,14079.8104,,00000000-0000-0000-0000-000000000000,2026-09-03T11:32:30.465351
72721,6,2025-03-21,2025-04-14,2025-03-25,5,True,SO72721,PO15598,10-4020-000291,336,32,70,OVERNIGHT J-FAST,,933.1086,74.6487,18.6622,1026.4195,,00000000-0000-0000-0000-000000000000,2026-09-03T11:32:30.465362
72722,4,2024-09-17,2024-10-06,2024-09-21,5,False,SO72722,PO79590,10-4020-000509,211,195,388,OVERNIGHT J-FAST,,10733.773,858.7018,214.6755,11807.1503,,00000000-0000-0000-0000-000000000000,2026-09-03T11:32:30.465373
72723,2,2024-08-11,2024-08-24,2024-08-25,5,False,SO72723,PO76801,10-4020-000738,614,206,291,CARGO TRANSPORT 5,,13729.4385,1098.3551,274.5888,15102.3824,,00000000-0000-0000-0000-000000000000,2026-09-03T11:32:30.465384
72724,1,2024-09-16,2024-10-15,2024-09-19,5,False,SO72724,PO81375,10-4020-000330,770,431,221,CARGO TRANSPORT 5,,5330.7863,426.4629,106.6157,5863.8649,,00000000-0000-0000-0000-000000000000,2026-09-03T11:32:30.465396
72725,5,2024-12-05,2024-12-26,2024-12-18,5,True,SO72725,PO21265,10-4020-000667,343,441,198,OVERNIGHT J-FAST,,9511.3933,760.9115,190.2279,10462.5327,,00000000-0000-0000-0000-000000000000,2026-09-03T11:32:30.465407
72726,3,2024-10-01,2024-10-19,2024-10-09,5,True,SO72726,PO23272,10-4020-000389,298,127,202,XRQ - TRUCK GROUND-,,8792.5084,703.4007,175.8502,9671.7593,,00000000-0000-0000-0000-000000000000,2026-09-03T11:32:30.465418
72727,3,2025-04-11,2025-05-04,2025-04-17,5,False,SO72727,PO73721,10-4020-000187,468,15,438,CARGO TRANSPORT 5,,686.6807,54.9345,13.7336,755.3488,,00000000-0000-0000-0000-000000000000,2026-09-03T11:32:30.465429
72728,7,2025-03-06,2025-03-26,2025-03-09,5,False,SO72728,PO42685,10-4020-000303,182,267,43,OVERNIGHT J-FAST,,8937.7951,715.0236,178.7559,9831.5746,,00000000-0000-0000-0000-000000000000,2026-09-03T11:32:30.465440
72729,7,2024-10-09,2024-10-18,2024-10-12,5,True,SO72729,PO91717,10-4020-000714,473,166,325,CARGO TRANSPORT 5,,3883.55,310.684,77.671,4271.905,,00000000-0000-0000-0000-000000000000,2026-09-03T11:32:30.465452
72730,5,2024-11-19,2024-12-09,2024-11-26,5,True,SO72730,PO58929,10-4020-000128,39,97,343,XRQ - TRUCK GROUND-,,8054.4275,644.3542,161.0885,8859.8702,,00000000-0000-0000-0000-000000000000,2026-09-03T11:32:30.465464
72731,8,2025-03-07,2025-03-20,2025-03-10,5,False,SO72731,PO28705,10-4020-000499,430,107,217,CARGO TRANSPORT 5,,68.2751,5.462,1.3655,75.1026,,00000000-0000-0000-0000-000000000000,2026-09-03T11:32:30.465476
72732,5,2025-02-16,2025-03-15,2025-02-23,5,False,SO72732,PO69413,10-4020-000119,542,387,297,CARGO TRANSPORT 5,,13091.8191,1047.3455,261.8364,14401.001,,00000000-0000-0000-0000-000000000000,2026-09-03T11:32:30.465487
72733,4,2025-03-31,2025-04-07,2025-04-12,5,False,SO72733,PO85383,10-4020-000817,46,215,254,OVERNIGHT J-FAST,,4788.9785,383.1183,95.7796,5267.8764,,00000000-0000-0000-0000-000000000000,2026-09-03T11:32:30.465498
72734,1,2024-10-12,2024-11-06,2024-10-17,5,True,SO72734,PO76277,10-4020-000550,782,440,143,XRQ - TRUCK GROUND-,,10442.8292,835.4263,208.8566,11487.1121,,00000000-0000-0000-0000-000000000000,2026-09-03T11:32:30.465509
72735,5,2025-02-16,2025-03-05,2025-02-24,5,True,SO72735,PO41081,10-4020-000786,337,276,384,OVERNIGHT J-FAST,,6842.454,547.3963,136.8491,7526.6994,,00000000-0000-0000-0000-000000000000,2026-09-03T11:32:30.465520
72736,2,2024-08-09,2024-08-30,2024-08-16,5,True,SO72736,PO12788,10-4020-000658,436,413,284,XRQ - TRUCK GROUND-,,12695.5816,1015.6465,253.9116,13965.1397,,00000000-0000-0000-0000-000000000000,2026-09-03T11:32:30.465531
72737,7,2024-08-01,2024-08-16,2024-08-15,5,True,SO72737,PO36620,10-4020-000313,214,303,258,XRQ - TRUCK GROUND-,,11843.1009,947.4481,236.862,13027.411,,00000000-0000-0000-0000-000000000000,2026-09-03T11:32:30.465543
72738,4,2024-07-04,2024-07-28,2024-07-14,5,False,SO72738,PO95445,10-4020-000766,368,263,114,XRQ - TRUCK GROUND-,,7633.4941,610.6795,152.6699,8396.8435,,00000000-0000-0000-0000-000000000000,2026-09-03T11:32:30.465554
72739,5,2024-09-28,2024-10-20,2024-10-08,5,True,SO72739,PO42908,10-4020-000097,239,368,5,XRQ - TRUCK GROUND-,,3256.0134,260.4811,65.1203,3581.6148,,00000000-0000-0000-0000-000000000000,2026-09-03T11:32:30.465565
72740,2,2024-06-07,2024-06-25,2024-06-13,5,False,SO72740,PO13039,10-4020-000191,559,66,203,CARGO TRANSPORT 5,,9359.1954,748.7356,187.1839,10295.1149,,00000000-0000-0000-0000-000000000000,2026-09-03T11:32:30.465576
72741,3,2024-11-26,2024-12-04,2024-12-03,5,True,SO72741,PO95879,10-4020-000175,239,44,313,CARGO TRANSPORT 5,,4004.3852,320.3508,80.0877,4404.8237,,00000000-0000-0000-0000-000000000000,2026-09-03T11:32:30.465587
72742,8,2025-05-01,2025-05-12,2025-05-04,5,False,SO72742,PO46634,10-4020-000068,21,29,363,XRQ - TRUCK GROUND-,,5373.6873,429.895,107.4737,5911.056,,00000000-0000-0000-0000-000000000000,2026-09-03T11:32:30.465598
72743,5,2025-02-09,2025-02-19,2025-02-21,5,True,SO72743,PO30913,10-4020-000278,381,400,123,XRQ - TRUCK GROUND-,,10357.5324,828.6026,207.1506,11393.2856,,00000000-0000-0000-0000-000000000000,2026-09-03T11:32:30.465609
72744,8,2025-04-26,2025-05-25,2025-05-08,5,False,SO72744,PO22948,10-4020-000650,148,74,385,OVERNIGHT J-FAST,,1175.4862,94.0389,23.5097,1293.0348,,00000000-0000-0000-0000-000000000000,2026-09-03T11:32:30.465621
72745,1,2025-03-06,2025-03-31,2025-03-20,5,False,SO72745,PO29794,10-4020-000763,400,131,444,XRQ - TRUCK GROUND-,,14284.1643,1142.7331,285.6833,15712.5807,,00000000-0000-0000-0000-000000000000,2026-09-03T11:32:30.465633
72746,3,2024-12-26,2025-01-13,2024-12-30,5,False,SO72746,PO49131,10-4020-000813,148,95,149,CARGO TRANSPORT 5,,3110.0572,248.8046,62.2011,3421.0629,,00000000-0000-0000-0000-000000000000,2026-09-03T11:32:30.465644
72747,4,2024-10-14,2024-10-26,2024-10-23,5,True,SO72747,PO24140,10-4020-000547,849,319,27,CARGO TRANSPORT 5,,12494.1069,999.5286,249.8821,13743.5176,,00000000-0000-0000-0000-000000000000,2026-09-03T11:32:30.465655
72748,7,2024-09-07,2024-09-17,2024-09-21,5,False,SO72748,PO38195,10-4020-000052,487,7,77,XRQ - TRUCK GROUND-,,4616.9075,369.3526,92.3382,5078.5983,,00000000-0000-0000-0000-000000000000,2026-09-03T11:32:30.465667
72749,3,2024-12-22,2024-12-30,2024-12-27,5,True,SO72749,PO14167,10-4020-000609,344,400,406,CARGO TRANSPORT 5,,6757.3296,540.5864,135.1466,7433.0626,,00000000-0000-0000-0000-000000000000,2026-09-03T11:32:30.465678
72750,7,2024-12-18,2025-01-17,2024-12-23,5,True,SO72750,PO84873,10-4020-000370,202,210,279,XRQ - TRUCK GROUND-,,13404.2745,1072.342,268.0855,14744.702,,00000000-0000-0000-0000-000000000000,2026-09-03T11:32:30.465689
72751,8,2024-06-16,2024-07-08,2024-06-28,5,False,SO72751,PO13935,10-4020-000062,99,254,125,CARGO TRANSPORT 5,,199.1471,15.9318,3.9829,219.0618,,00000000-0000-0000-0000-000000000000,2026-09-03T11:32:30.465699
72752,1,2024-11-18,2024-11-25,2024-11-28,5,True,SO72752,PO90653,10-4020-000473,92,98,386,CARGO TRANSPORT 5,,14331.9586,1146.5567,286.6392,15765.1545,,00000000-0000-0000-0000-000000000000,2026-09-03T11:32:30.465711
72753,3,2025-05-02,2025-05-11,2025-05-06,5,True,SO72753,PO80849,10-4020-000833,390,290,22,XRQ - TRUCK GROUND-,,6799.4915,543.9593,135.9898,7479.4406,,00000000-0000-0000-0000-000000000000,2026-09-03T11:32:30.465723
72754,2,2025-02-16,2025-03-15,2025-02-25,5,False,SO72754,PO28682,10-4020-000191,123,13,412,OVERNIGHT J-FAST,,7115.5793,569.2463,142.3116,7827.1372,,00000000-0000-0000-0000-000000000000,2026-09-03T11:32:30.465734
72755,5,2024-11-09,2024-12-09,2024-11-18,5,True,SO72755,PO75008,10-4020-000114,584,86,281,CARGO TRANSPORT 5,,13058.5747,1044.686,261.1715,14364.4322,,00000000-0000-0000-0000-000000000000,2026-09-03T11:32:30.465745
72756,8,2025-01-29,2025-02-13,2025-02-05,5,True,SO72756,PO63354,10-4020-000056,149,423,116,OVERNIGHT J-FAST,,12521.8071,1001.7446,250.4361,13773.9878,,00000000-0000-0000-0000-000000000000,2026-09-03T11:32:30.465758
72757,3,2024-10-29,2024-11-10,2024-11-06,5,True,SO72757,PO22169,10-4020-000664,407,8,74,OVERNIGHT J-FAST,,12859.5868,1028.7669,257.1917,14145.5454,,00000000-0000-0000-0000-000000000000,2026-09-03T11:32:30.465769
72758,5,2024-09-01,2024-09-10,2024-09-06,5,True,SO72758,PO86459,10-4020-000279,313,380,422,OVERNIGHT J-FAST,,3259.3738,260.7499,65.1875,3585.3112,,00000000-0000-0000-0000-000000000000,2026-09-03T11:32:30.465781
72759,7,2025-01-29,2025-02-24,2025-02-01,5,True,SO72759,PO98395,10-4020-000188,431,329,321,OVERNIGHT J-FAST,,13255.3639,1060.4291,265.1073,14580.9003,,00000000-0000-0000-0000-000000000000,2026-09-03T11:32:30.465792
72760,3,2024-11-09,2024-12-01,2024-11-18,5,True,SO72760,PO95399,10-4020-000477,618,419,154,XRQ - TRUCK GROUND-,,1460.882,116.8706,29.2176,1606.9702,,00000000-0000-0000-0000-000000000000,2026-09-03T11:32:30.465803
72761,3,2025-03-13,2025-03-28,2025-03-21,5,False,SO72761,PO86591,10-4020-000554,360,58,196,CARGO TRANSPORT 5,,410.3913,32.8313,8.2078,451.4304,,00000000-0000-0000-0000-000000000000,2026-09-03T11:32:30.465814
72762,2,2024-08-07,2024-08-24,2024-08-18,5,True,SO72762,PO32377,10-4020-000825,441,277,208,XRQ - TRUCK GROUND-,,1631.242,130.4994,32.6248,1794.3662,,00000000-0000-0000-0000-000000000000,2026-09-03T11:32:30.465826
72763,7,2024-10-25,2024-11-09,2024-11-04,5,False,SO72763,PO77331,10-4020-000691,432,65,110,OVERNIGHT J-FAST,,11000.9771,880.0782,220.0195,12101.0748,,00000000-0000-0000-0000-000000000000,2026-09-03T11:32:30.465837
72764,1,2024-12-12,2025-01-04,2024-12-23,5,False,SO72764,PO50889,10-4020-000468,266,13,262,XRQ - TRUCK GROUND-,,14986.9527,1198.9562,299.7391,16485.648,,00000000-0000-0000-0000-000000000000,2026-09-03T11:32:30.465848
72765,2,2024-09-27,2024-10-22,2024-10-01,5,True,SO72765,PO74316,10-4020-000299,635,434,291,CARGO TRANSPORT 5,,6602.9139,528.2331,132.0583,7263.2053,,00000000-0000-0000-0000-000000000000,2026-09-03T11:32:30.465859
72766,1,2024-07-14,2024-07-22,2024-07-23,5,True,SO72766,PO61516,10-4020-000623,748,321,66,CARGO TRANSPORT 5,,6585.8891,526.8711,131.7178,7244.478,,00000000-0000-0000-0000-000000000000,2026-09-03T11:32:30.465871
72767,5,2024-11-14,2024-12-08,2024-11-21,5,False,SO72767,PO45444,10-4020-000460,41,259,81,CARGO TRANSPORT 5,,14695.7288,1175.6583,293.9146,16165.3017,,00000000-0000-0000-0000-000000000000,2026-09-03T11:32:30.465882
72768,7,2024-09-23,2024-10-10,2024-09-30,5,False,SO72768,PO34574,10-4020-000152,732,439,5,CARGO TRANSPORT 5,,8632.5597,690.6048,172.6512,9495.8157,,00000000-0000-0000-0000-000000000000,2026-09-03T11:32:30.465893
72769,4,2024-07-04,2024-08-03,2024-07-18,5,False,SO72769,PO99957,10-4020-000761,152,444,8,OVERNIGHT J-FAST,,14968.1725,1197.4538,299.3635,16464.9898,,00000000-0000-0000-0000-000000000000,2026-09-03T11:32:30.465906
72770,4,2024-11-16,2024-11-29,2024-11-19,5,True,SO72770,PO12702,10-4020-000019,562,266,193,CARGO TRANSPORT 5,,72.2769,5.7822,1.4455,79.5046,,00000000-0000-0000-0000-000000000000,2026-09-03T11:32:30.465916
72771,7,2024-10-28,2024-11-18,2024-11-03,5,True,SO72771,PO90240,10-4020-000005,4,265,267,XRQ - TRUCK GROUND-,,11169.4621,893.557,223.3892,12286.4083,,00000000-0000-0000-0000-000000000000,2026-09-03T11:32:30.465927
72772,2,2025-03-18,2025-04-02,2025-03-22,5,False,SO72772,PO10347,10-4020-000024,594,439,436,CARGO TRANSPORT 5,,14989.1213,1199.1297,299.7824,16488.0334,,00000000-0000-0000-0000-000000000000,2026-09-03T11:32:30.465939
72773,3,2024-12-14,2024-12-28,2024-12-19,5,False,SO72773,PO36416,10-4020-000468,760,426,298,XRQ - TRUCK GROUND-,,8537.3753,682.99,170.7475,9391.1128,,00000000-0000-0000-0000-000000000000,2026-09-03T11:32:30.465949
72774,8,2025-02-28,2025-03-30,2025-03-14,5,True,SO72774,PO60882,10-4020-000010,555,408,376,OVERNIGHT J-FAST,,14178.8108,1134.3049,283.5762,15596.6919,,00000000-0000-0000-0000-000000000000,2026-09-03T11:32:30.465961
