SalesOrderID,SalesOrderDetailID,OrderQty,ProductID,UnitPrice,UnitPriceDiscount,LineTotal,rowguid,ModifiedDate
71775,1,2,36,1906.2101,0.2,3049.9362,00000000-0000-0000-0000-000000000000,2026-09-03T11:32:30.470658
71775,2,7,16,1494.1483,0,10459.0381,00000000-0000-0000-0000-000000000000,2026-09-03T11:32:30.470671
71775,3,10,53,151.8003,0,1518.003,00000000-0000-0000-0000-000000000000,2026-09-03T11:32:30.470674
71776,4,4,16,1807.5245,0.15,6145.5833,00000000-0000-0000-0000-000000000000,2026-09-03T11:32:30.470679
71776,5,4,29,1526.6215,0,6106.486,00000000-0000-0000-0000-000000000000,2026-09-03T11:32:30.470682
71776,6,9,6,297.862,0,2680.758,00000000-0000-0000-0000-000000000000,2026-09-03T11:32:30.470684
71776,7,10,36,1121.0093,0.15,9528.579,00000000-0000-0000-0000-000000000000,2026-09-03T11:32:30.470687
71776,8,5,22,2263.7086,0.15,9620.7615,00000000-0000-0000-0000-000000000000,2026-09-03T11:32:30.470690
71777,9,5,10,503.9105,0.1,2267.5973,00000000-0000-0000-0000-000000000000,2026-09-03T11:32:30.470694
71777,10,5,52,3404.9966,0,17024.983,00000000-0000-0000-0000-000000000000,2026-09-03T11:32:30.470696
71777,11,2,24,2969.0468,0,5938.0936,00000000-0000-0000-0000-000000000000,2026-09-03T11:32:30.470699
71777,12,4,18,720.052,0.2,2304.1664,00000000-0000-0000-0000-000000000000,2026-09-03T11:32:30.470702
71777,13,8,21,1450.9266,0,11607.4128,00000000-0000-0000-0000-000000000000,2026-09-03T11:32:30.470704
71778,14,10,17,3302.6393,0.1,29723.7537,00000000-0000-0000-0000-000000000000,2026-09-03T11:32:30.470707
71778,15,5,26,999.0086,0.15,4245.7865,00000000-0000-0000-0000-000000000000,2026-09-03T11:32:30.470710
71778,16,1,7,1517.4791,0,1517.4791,00000000-0000-0000-0000-000000000000,2026-09-03T11:32:30.470713
71778,17,5,42,214.3751,0,1071.8755,00000000-0000-0000-0000-000000000000,2026-09-03T11:32:30.470715
71779,18,9,6,2837.2955,0.15,21705.3106,00000000-0000-0000-0000-000000000000,2026-09-03T11:32:30.470718
71780,19,4,33,541.2043,0,2164.8172,00000000-0000-0000-0000-000000000000,2026-09-03T11:32:30.470722
71780,20,5,1,1569.1169,0.2,6276.4676,00000000-0000-0000-0000-000000000000,2026-09-03T11:32:30.470724
71780,21,3,3,531.0284,0.05,1513.4309,00000000-0000-0000-0000-000000000000,2026-09-03T11:32:30.470727
71780,22,2,32,1862.7658,0.1,3352.9784,00000000-0000-0000-0000-000000000000,2026-09-03T11:32:30.470730
71780,23,3,30,924.659,0,2773.977,00000000-0000-0000-0000-000000000000,2026-09-03T11:32:30.470732
71781,24,4,27,2765.9435,0,11063.774,00000000-0000-0000-0000-000000000000,2026-09-03T11:32:30.470735
71781,25,6,30,1097.3899,0,6584.3394,00000000-0000-0000-0000-000000000000,2026-09-03T11:32:30.470738
71782,26,3,40,39.3902,0,118.1706,00000000-0000-0000-0000-000000000000,2026-09-03T11:32:30.470741
71783,27,3,36,3473.7913,0.1,9379.2365,00000000-0000-0000-0000-000000000000,2026-09-03T11:32:30.470744
71784,28,7,5,384.0682,0,2688.4774,00000000-0000-0000-0000-000000000000,2026-09-03T11:32:30.470747
71784,29,6,23,2202.9128,0.2,10573.9814,00000000-0000-0000-0000-000000000000,2026-09-03T11:32:30.470749
71784,30,7,8,1979.9682,0,13859.7774,00000000-0000-0000-0000-000000000000,2026-09-03T11:32:30.470752
71785,31,3,15,222.3046,0.1,600.2224,00000000-0000-0000-0000-000000000000,2026-09-03T11:32:30.470755
71786,32,1,4,933.1126,0.05,886.457,00000000-0000-0000-0000-000000000000,2026-09-03T11:32:30.470758
71787,33,9,10,455.976,0,4103.784,00000000-0000-0000-0000-000000000000,2026-09-03T11:32:30.470761
71788,34,3,13,312.4641,0,937.3923,00000000-0000-0000-0000-000000000000,2026-09-03T11:32:30.470764
71788,35,10,48,3442.7961,0,34427.961,00000000-0000-0000-0000-000000000000,2026-09-03T11:32:30.470767
71788,36,7,5,3465.8161,0.15,20621.6058,00000000-0000-0000-0000-000000000000,2026-09-03T11:32:30.470769
71788,37,1,42,1234.4577,0,1234.4577,00000000-0000-0000-0000-000000000000,2026-09-03T11:32:30.470772
71789,38,6,1,3313.2986,0.15,16897.8229,00000000-0000-0000-0000-000000000000,2026-09-03T11:32:30.470775
71789,39,7,49,1747.1771,0.05,11618.7277,00000000-0000-0000-0000-000000000000,2026-09-03T11:32:30.470778
71789,40,5,20,1144.607,0.2,4578.428,00000000-0000-0000-0000-000000000000,2026-09-03T11:32:30.470780
71790,41,3,10,2541.6673,0,7625.0019,00000000-0000-0000-0000-000000000000,2026-09-03T11:32:30.470784
71790,42,4,41,3424.8582,0.05,13014.4612,00000000-0000-0000-0000-000000000000,2026-09-03T11:32:30.470787
71790,43,1,7,1056.4617,0.2,845.1694,00000000-0000-0000-0000-000000000000,2026-09-03T11:32:30.470789
71790,44,4,1,2180.9169,0,8723.6676,00000000-0000-0000-0000-000000000000,2026-09-03T11:32:30.470792
71791,45,4,47,1752.2798,0.15,5957.7513,00000000-0000-0000-0000-000000000000,2026-09-03T11:32:30.470795
71791,46,3,17,1088.8555,0.2,2613.2532,00000000-0000-0000-0000-000000000000,2026-09-03T11:32:30.470798
71791,47,7,6,829.7258,0.1,5227.2725,00000000-0000-0000-0000-000000000000,2026-09-03T11:32:30.470800
71792,48,3,11,3497.1142,0.1,9442.2083,00000000-0000-0000-0000-000000000000,2026-09-03T11:32:30.470803
71792,49,2,48,3291.3024,0.2,5266.0838,00000000-0000-0000-0000-000000000000,2026-09-03T11:32:30.470806
71792,50,8,43,2381.0674,0.2,15238.8314,00000000-0000-0000-0000-000000000000,2026-09-03T11:32:30.470809
71792,51,8,1,3334.9721,0.05,25345.788,00000000-0000-0000-0000-000000000000,2026-09-03T11:32:30.470811
71793,52,7,23,1378.0263,0.05,9163.8749,00000000-0000-0000-0000-000000000000,2026-09-03T11:32:30.470814
71793,53,7,10,3262.2693,0.2,18268.7081,00000000-0000-0000-0000-000000000000,2026-09-03T11:32:30.470817
71793,54,2,40,2997.1808,0,5994.3616,00000000-0000-0000-0000-000000000000,2026-09-03T11:32:30.470820
71793,55,9,29,3078.8305,0.05,26324.0008,00000000-0000-0000-0000-000000000000,2026-09-03T11:32:30.470823
71793,56,5,51,1792.1222,0.2,7168.4888,00000000-0000-0000-0000-000000000000,2026-09-03T11:32:30.470825
71794,57,2,43,1034.1468,0.05,1964.8789,00000000-0000-0000-0000-000000000000,2026-09-03T11:32:30.470828
71794,58,4,24,567.1565,0,2268.626,00000000-0000-0000-0000-000000000000,2026-09-03T11:32:30.470831
71794,59,2,52,62.5061,0.05,118.7616,00000000-0000-0000-0000-000000000000,2026-09-03T11:32:30.470834
71794,60,10,31,1790.807,0.1,16117.263,00000000-0000-0000-0000-000000000000,2026-09-03T11:32:30.470836
71794,61,3,16,3477.0418,0,10431.1254,00000000-0000-0000-0000-000000000000,2026-09-03T11:32:30.470839
71795,62,4,20,3025.6895,0.2,9682.2064,00000000-0000-0000-0000-000000000000,2026-09-03T11:32:30.470842
71795,63,7,48,197.23,0.15,1173.5185,00000000-0000-0000-0000-000000000000,2026-09-03T11:32:30.470845
71795,64,3,8,2641.1111,0.1,7131.0,00000000-0000-0000-0000-000000000000,2026-09-03T11:32:30.470847
71796,65,7,54,313.2135,0.2,1753.9956,00000000-0000-0000-0000-000000000000,2026-09-03T11:32:30.470850
71796,66,6,11,892.1946,0.15,4550.1925,00000000-0000-0000-0000-000000000000,2026-09-03T11:32:30.470854
71797,67,3,2,906.1549,0.2,2174.7718,00000000-0000-0000-0000-000000000000,2026-09-03T11:32:30.470857
71797,68,5,52,3394.939,0.15,14428.4907,00000000-0000-0000-0000-000000000000,2026-09-03T11:32:30.470860
71797,69,2,50,997.8616,0.2,1596.5786,00000000-0000-0000-0000-000000000000,2026-09-03T11:32:30.470863
71798,70,10,32,362.753,0.15,3083.4005,00000000-0000-0000-0000-000000000000,2026-09-03T11:32:30.470866
71799,71,9,10,1917.9899,0,17261.9091,00000000-0000-0000-0000-000000000000,2026-09-03T11:32:30.470869
71799,72,7,15,1627.9616,0,11395.7312,00000000-0000-0000-0000-000000000000,2026-09-03T11:32:30.470871
71800,73,10,51,796.4621,0.15,6769.9278,00000000-0000-0000-0000-000000000000,2026-09-03T11:32:30.470875
71800,74,9,52,1013.3757,0.2,7296.305,00000000-0000-0000-0000-000000000000,2026-09-03T11:32:30.470877
71800,75,9,34,633.9077,0,5705.1693,00000000-0000-0000-0000-000000000000,2026-09-03T11:32:30.470880
71801,76,9,2,2057.5358,0.05,17591.9311,00000000-0000-0000-0000-000000000000,2026-09-03T11:32:30.470883
71801,77,5,50,3475.8228,0.05,16510.1583,00000000-0000-0000-0000-000000000000,2026-09-03T11:32:30.470886
71801,78,2,53,73.82,0.2,118.112,00000000-0000-0000-0000-000000000000,2026-09-03T11:32:30.470891
71802,79,2,11,3475.4419,0,6950.8838,00000000-0000-0000-0000-000000000000,2026-09-03T11:32:30.470894
71803,80,5,6,1095.3973,0.15,4655.4385,00000000-0000-0000-0000-000000000000,2026-09-03T11:32:30.470897
71803,81,4,2,2809.4938,0,11237.9752,00000000-0000-0000-0000-000000000000,2026-09-03T11:32:30.470899
71803,82,1,20,423.4389,0.05,402.267,00000000-0000-0000-0000-000000000000,2026-09-03T11:32:30.470902
71804,83,7,1,2606.4699,0.1,16420.7604,00000000-0000-0000-0000-000000000000,2026-09-03T11:32:30.470905
71804,84,8,10,2885.0468,0,23080.3744,00000000-0000-0000-0000-000000000000,2026-09-03T11:32:30.470908
71804,85,9,25,360.6756,0.15,2759.1683,00000000-0000-0000-0000-000000000000,2026-09-03T11:32:30.470910
71804,86,4,11,194.5211,0,778.0844,00000000-0000-0000-0000-000000000000,2026-09-03T11:32:30.470913
71804,87,4,7,228.0621,0.15,775.4111,00000000-0000-0000-0000-000000000000,2026-09-03T11:32:30.470916
71805,88,10,40,1569.0591,0.2,12552.4728,00000000-0000-0000-0000-000000000000,2026-09-03T11:32:30.470919
71805,89,2,6,2119.324,0,4238.648,00000000-0000-0000-0000-000000000000,2026-09-03T11:32:30.470921
71805,90,1,14,2828.4812,0,2828.4812,00000000-0000-0000-0000-000000000000,2026-09-03T11:32:30.470924
71805,91,2,16,1049.371,0.05,1993.8049,00000000-0000-0000-0000-000000000000,2026-09-03T11:32:30.470927
71805,92,8,48,383.213,0.15,2605.8484,00000000-0000-0000-0000-000000000000,2026-09-03T11:32:30.470929
71806,93,9,27,2068.0321,0.05,17681.6745,00000000-0000-0000-0000-000000000000,2026-09-03T11:32:30.470932
71807,94,7,10,2734.5533,0,19141.8731,00000000-0000-0000-0000-000000000000,2026-09-03T11:32:30.470937
71808,95,1,47,2396.2628,0.1,2156.6365,00000000-0000-0000-0000-000000000000,2026-09-03T11:32:30.470940
71808,96,10,42,1780.5703,0,17805.703,00000000-0000-0000-0000-000000000000,2026-09-03T11:32:30.470943
71808,97,8,53,1004.2848,0.15,6829.1366,00000000-0000-0000-0000-000000000000,2026-09-03T11:32:30.470945
71809,98,1,41,1157.0121,0,1157.0121,00000000-0000-0000-0000-000000000000,2026-09-03T11:32:30.470948
71809,99,8,22,430.4763,0,3443.8104,00000000-0000-0000-0000-000000000000,2026-09-03T11:32:30.470950
71809,100,3,46,789.8645,0.1,2132.6341,00000000-0000-0000-0000-000000000000,2026-09-03T11:32:30.470953
71809,101,3,36,426.6357,0.05,1215.9117,00000000-0000-0000-0000-000000000000,2026-09-03T11:32:30.471109
71809,102,8,34,1854.411,0.2,11868.2304,00000000-0000-0000-0000-000000000000,2026-09-03T11:32:30.471114
71810,103,8,39,1656.1418,0.2,10599.3075,00000000-0000-0000-0000-000000000000,2026-09-03T11:32:30.471118
71811,104,2,27,2505.5555,0.05,4760.5554,00000000-0000-0000-0000-000000000000,2026-09-03T11:32:30.471121
71812,105,9,8,1499.3644,0.1,12144.8516,00000000-0000-0000-0000-000000000000,2026-09-03T11:32:30.471124
71813,106,3,9,1650.236,0.2,3960.5664,00000000-0000-0000-0000-000000000000,2026-09-03T11:32:30.471128
71813,107,10,49,3129.2129,0.15,26598.3096,00000000-0000-0000-0000-000000000000,2026-09-03T11:32:30.471131
71813,108,5,31,2062.3945,0.05,9796.3739,00000000-0000-0000-0000-000000000000,2026-09-03T11:32:30.471133
71813,109,9,13,1721.5309,0,15493.7781,00000000-0000-0000-0000-000000000000,2026-09-03T11:32:30.471136
71813,110,4,3,1703.2247,0.2,5450.319,00000000-0000-0000-0000-000000000000,2026-09-03T11:32:30.471140
71814,111,2,1,3075.2902,0.1,5535.5224,00000000-0000-0000-0000-000000000000,2026-09-03T11:32:30.471144
71814,112,9,1,645.3935,0,5808.5415,00000000-0000-0000-0000-000000000000,2026-09-03T11:32:30.471154
71814,113,9,24,2361.3401,0.15,18064.2518,00000000-0000-0000-0000-000000000000,2026-09-03T11:32:30.471157
71814,114,9,3,2747.4797,0.05,23490.9514,00000000-0000-0000-0000-000000000000,2026-09-03T11:32:30.471160
71815,115,5,13,602.3104,0,3011.552,00000000-0000-0000-0000-000000000000,2026-09-03T11:32:30.471163
71816,116,3,11,754.3726,0.05,2149.9619,00000000-0000-0000-0000-000000000000,2026-09-03T11:32:30.471166
71816,117,7,38,3396.2698,0,23773.8886,00000000-0000-0000-0000-000000000000,2026-09-03T11:32:30.471168
71817,118,10,43,2764.8036,0.05,26265.6342,00000000-0000-0000-0000-000000000000,2026-09-03T11:32:30.471221
71818,119,8,17,1934.6863,0.2,12381.9923,00000000-0000-0000-0000-000000000000,2026-09-03T11:32:30.471225
71818,120,1,25,1400.4536,0.05,1330.4309,00000000-0000-0000-0000-000000000000,2026-09-03T11:32:30.471228
71818,121,6,5,2804.9561,0.15,14305.2761,00000000-0000-0000-0000-000000000000,2026-09-03T11:32:30.471231
71818,122,2,16,1534.888,0.15,2609.3096,00000000-0000-0000-0000-000000000000,2026-09-03T11:32:30.471234
71819,123,3,6,2975.4686,0,8926.4058,00000000-0000-0000-0000-000000000000,2026-09-03T11:32:30.471237
71819,124,2,54,1133.2707,0.15,1926.5602,00000000-0000-0000-0000-000000000000,2026-09-03T11:32:30.471379
71819,125,3,25,1428.9373,0,4286.8119,00000000-0000-0000-0000-000000000000,2026-09-03T11:32:30.471394
71819,126,1,14,263.7217,0.05,250.5356,00000000-0000-0000-0000-000000000000,2026-09-03T11:32:30.471399
71819,127,9,50,699.7111,0,6297.3999,00000000-0000-0000-0000-000000000000,2026-09-03T11:32:30.471402
71820,128,5,14,3125.8302,0,15629.151,00000000-0000-0000-0000-000000000000,2026-09-03T11:32:30.471405
71820,129,2,40,2462.8288,0.15,4186.809,00000000-0000-0000-0000-000000000000,2026-09-03T11:32:30.471407
71820,130,10,9,1888.2956,0,18882.956,00000000-0000-0000-0000-000000000000,2026-09-03T11:32:30.471411
71821,131,9,5,1900.9843,0,17108.8587,00000000-0000-0000-0000-000000000000,2026-09-03T11:32:30.471414
71821,132,5,7,779.1634,0,3895.817,00000000-0000-0000-0000-000000000000,2026-09-03T11:32:30.471416
71821,133,2,53,2587.6798,0.1,4657.8236,00000000-0000-0000-0000-000000000000,2026-09-03T11:32:30.471419
71822,134,1,10,1114.211,0,1114.211,00000000-0000-0000-0000-000000000000,2026-09-03T11:32:30.471422
71823,135,7,31,1295.3703,0,9067.5921,00000000-0000-0000-0000-000000000000,2026-09-03T11:32:30.471425
71824,136,9,25,2675.1408,0.15,20464.8271,00000000-0000-0000-0000-000000000000,2026-09-03T11:32:30.471428
71824,137,4,15,2447.0177,0.05,9298.6673,00000000-0000-0000-0000-000000000000,2026-09-03T11:32:30.471431
71824,138,6,15,2340.4356,0.1,12638.3522,00000000-0000-0000-0000-000000000000,2026-09-03T11:32:30.471434
71825,139,1,21,1929.3276,0,1929.3276,00000000-0000-0000-0000-000000000000,2026-09-03T11:32:30.471437
71825,140,5,32,69.5952,0,347.976,00000000-0000-0000-0000-000000000000,2026-09-03T11:32:30.471439
71825,141,3,32,1477.9328,0.2,3547.0387,00000000-0000-0000-0000-000000000000,2026-09-03T11:32:30.471442
71826,142,7,8,2872.7175,0.1,18098.1203,00000000-0000-0000-0000-000000000000,2026-09-03T11:32:30.471445
71826,143,9,22,1127.0,0,10143.0,00000000-0000-0000-0000-000000000000,2026-09-03T11:32:30.471448
71826,144,2,9,1130.1211,0.2,1808.1938,00000000-0000-0000-0000-000000000000,2026-09-03T11:32:30.471451
71826,145,8,32,1915.5702,0,15324.5616,00000000-0000-0000-0000-000000000000,2026-09-03T11:32:30.471454
71826,146,3,15,1160.0101,0,3480.0303,00000000-0000-0000-0000-000000000000,2026-09-03T11:32:30.471456
71827,147,8,33,1308.6849,0.1,9422.5313,00000000-0000-0000-0000-000000000000,2026-09-03T11:32:30.471459
71827,148,5,10,353.6337,0,1768.1685,00000000-0000-0000-0000-000000000000,2026-09-03T11:32:30.471461
71827,149,1,49,1323.5681,0.15,1125.0329,00000000-0000-0000-0000-000000000000,2026-09-03T11:32:30.471464
71827,150,8,11,2353.3486,0.1,16944.1099,00000000-0000-0000-0000-000000000000,2026-09-03T11:32:30.471467
71827,151,1,10,802.5188,0.05,762.3929,00000000-0000-0000-0000-000000000000,2026-09-03T11:32:30.471470
71828,152,6,50,2755.8199,0.05,15708.1734,00000000-0000-0000-0000-000000000000,2026-09-03T11:32:30.471473
71828,153,8,30,987.8408,0.2,6322.1811,00000000-0000-0000-0000-000000000000,2026-09-03T11:32:30.471476
71828,154,2,29,503.299,0,1006.598,00000000-0000-0000-0000-000000000000,2026-09-03T11:32:30.471478
71829,155,1,53,105.3345,0,105.3345,00000000-0000-0000-0000-000000000000,2026-09-03T11:32:30.471481
71830,156,7,52,1628.82,0,11401.74,00000000-0000-0000-0000-000000000000,2026-09-03T11:32:30.471484
71830,157,8,35,929.8748,0.15,6323.1486,00000000-0000-0000-0000-000000000000,2026-09-03T11:32:30.471487
71830,158,4,31,3482.2287,0.2,11143.1318,00000000-0000-0000-0000-000000000000,2026-09-03T11:32:30.471490
71830,159,4,7,2329.3824,0,9317.5296,00000000-0000-0000-0000-000000000000,2026-09-03T11:32:30.471492
71830,160,4,34,1708.4992,0,6833.9968,00000000-0000-0000-0000-000000000000,2026-09-03T11:32:30.471495
71831,161,5,53,2719.3452,0.05,12916.8897,00000000-0000-0000-0000-000000000000,2026-09-03T11:32:30.471498
71832,162,6,46,2943.4728,0.1,15894.7531,00000000-0000-0000-0000-000000000000,2026-09-03T11:32:30.471501
71833,163,1,11,2354.2991,0.05,2236.5841,00000000-0000-0000-0000-000000000000,2026-09-03T11:32:30.471504
71833,164,5,50,1973.5525,0,9867.7625,00000000-0000-0000-0000-000000000000,2026-09-03T11:32:30.471506
71833,165,9,26,2633.5754,0.15,20146.8518,00000000-0000-0000-0000-000000000000,2026-09-03T11:32:30.471509
71833,166,3,36,3434.6155,0.05,9788.6542,00000000-0000-0000-0000-000000000000,2026-09-03T11:32:30.471511
71834,167,8,27,2920.3301,0,23362.6408,00000000-0000-0000-0000-000000000000,2026-09-03T11:32:30.471514
71834,168,1,29,1505.8516,0,1505.8516,00000000-0000-0000-0000-000000000000,2026-09-03T11:32:30.471517
71834,169,4,10,2287.9323,0.05,8694.1427,00000000-0000-0000-0000-000000000000,2026-09-03T11:32:30.471519
71834,170,4,22,1679.0394,0,6716.1576,00000000-0000-0000-0000-000000000000,2026-09-03T11:32:30.471522
71834,171,7,31,736.7779,0.1,4641.7008,00000000-0000-0000-0000-000000000000,2026-09-03T11:32:30.471525
71835,172,10,9,2423.7837,0,24237.837,00000000-0000-0000-0000-000000000000,2026-09-03T11:32:30.471528
71835,173,7,47,770.4295,0.1,4853.7058,00000000-0000-0000-0000-000000000000,2026-09-03T11:32:30.471531
71835,174,10,4,1768.7845,0.05,16803.4528,00000000-0000-0000-0000-000000000000,2026-09-03T11:32:30.471534
71835,175,1,52,1428.465,0.15,1214.1952,00000000-0000-0000-0000-000000000000,2026-09-03T11:32:30.471537
71836,176,7,38,1814.3735,0.1,11430.5531,00000000-0000-0000-0000-000000000000,2026-09-03T11:32:30.471541
71836,177,1,45,2381.1879,0,2381.1879,00000000-0000-0000-0000-000000000000,2026-09-03T11:32:30.471543
71836,178,4,17,1177.785,0,4711.14,00000000-0000-0000-0000-000000000000,2026-09-03T11:32:30.471546
71837,179,9,54,1220.5174,0,10984.6566,00000000-0000-0000-0000-000000000000,2026-09-03T11:32:30.471714
71838,180,4,37,2704.29,0.05,10276.302,00000000-0000-0000-0000-000000000000,2026-09-03T11:32:30.471745
71838,181,6,39,1469.239,0,8815.434,00000000-0000-0000-0000-000000000000,2026-09-03T11:32:30.471749
71838,182,5,50,2989.6029,0.05,14200.6138,00000000-0000-0000-0000-000000000000,2026-09-03T11:32:30.471752
71838,183,6,27,40.8326,0,244.9956,00000000-0000-0000-0000-000000000000,2026-09-03T11:32:30.471754
71838,184,8,33,1581.3091,0.15,10752.9019,00000000-0000-0000-0000-000000000000,2026-09-03T11:32:30.471757
71839,185,6,23,3087.6072,0.05,17599.361,00000000-0000-0000-0000-000000000000,2026-09-03T11:32:30.471831
71839,186,2,38,898.8718,0.05,1707.8564,00000000-0000-0000-0000-000000000000,2026-09-03T11:32:30.471854
71839,187,4,54,2468.5783,0,9874.3132,00000000-0000-0000-0000-000000000000,2026-09-03T11:32:30.471857
71839,188,3,12,2736.5845,0,8209.7535,00000000-0000-0000-0000-000000000000,2026-09-03T11:32:30.471860
71839,189,7,48,1674.2305,0.2,9375.6908,00000000-0000-0000-0000-000000000000,2026-09-03T11:32:30.471863
71840,190,3,4,1599.4914,0,4798.4742,00000000-0000-0000-0000-000000000000,2026-09-03T11:32:30.471868
71840,191,3,31,2474.5213,0,7423.5639,00000000-0000-0000-0000-000000000000,2026-09-03T11:32:30.471871
71841,192,8,54,381.3948,0,3051.1584,00000000-0000-0000-0000-000000000000,2026-09-03T11:32:30.471874
71842,193,7,39,2282.8584,0.05,15181.0084,00000000-0000-0000-0000-000000000000,2026-09-03T11:32:30.471877
71842,194,2,28,431.2151,0.05,819.3087,00000000-0000-0000-0000-000000000000,2026-09-03T11:32:30.471880
71842,195,5,11,583.692,0.2,2334.768,00000000-0000-0000-0000-000000000000,2026-09-03T11:32:30.471882
71843,196,2,19,3091.8127,0,6183.6254,00000000-0000-0000-0000-000000000000,2026-09-03T11:32:30.471885
71843,197,7,37,946.035,0.1,5960.0205,00000000-0000-0000-0000-000000000000,2026-09-03T11:32:30.471888
71843,198,6,12,1941.5718,0,11649.4308,00000000-0000-0000-0000-000000000000,2026-09-03T11:32:30.471953
71843,199,7,38,3290.5894,0.2,18427.3006,00000000-0000-0000-0000-000000000000,2026-09-03T11:32:30.471958
71843,200,3,12,37.4441,0.1,101.0991,00000000-0000-0000-0000-000000000000,2026-09-03T11:32:30.471960
71844,201,7,37,3145.7258,0.15,18717.0685,00000000-0000-0000-0000-000000000000,2026-09-03T11:32:30.471964
71845,202,3,44,58.5604,0,175.6812,00000000-0000-0000-0000-000000000000,2026-09-03T11:32:30.471969
71845,203,2,4,1397.3471,0.05,2654.9595,00000000-0000-0000-0000-000000000000,2026-09-03T11:32:30.471972
71845,204,2,29,1483.8371,0,2967.6742,00000000-0000-0000-0000-000000000000,2026-09-03T11:32:30.471975
71845,205,1,14,1631.2904,0.2,1305.0323,00000000-0000-0000-0000-000000000000,2026-09-03T11:32:30.471977
71845,206,7,13,2823.7198,0,19766.0386,00000000-0000-0000-0000-000000000000,2026-09-03T11:32:30.471980
71846,207,6,44,3105.9579,0,18635.7474,00000000-0000-0000-0000-000000000000,2026-09-03T11:32:30.471983
71846,208,5,38,47.6233,0,238.1165,00000000-0000-0000-0000-000000000000,2026-09-03T11:32:30.471985
71846,209,7,54,702.0129,0,4914.0903,00000000-0000-0000-0000-000000000000,2026-09-03T11:32:30.471987
71846,210,5,25,1611.3447,0,8056.7235,00000000-0000-0000-0000-000000000000,2026-09-03T11:32:30.471990
71847,211,8,11,791.3299,0,6330.6392,00000000-0000-0000-0000-000000000000,2026-09-03T11:32:30.471993
71847,212,8,28,1975.5729,0.2,12643.6666,00000000-0000-0000-0000-000000000000,2026-09-03T11:32:30.471996
71847,213,1,35,3426.3188,0.1,3083.6869,00000000-0000-0000-0000-000000000000,2026-09-03T11:32:30.471998
71847,214,1,48,785.8005,0.1,707.2205,00000000-0000-0000-0000-000000000000,2026-09-03T11:32:30.472001
71847,215,5,4,1397.9679,0,6989.8395,00000000-0000-0000-0000-000000000000,2026-09-03T11:32:30.472004
71848,216,10,53,3084.6076,0.1,27761.4684,00000000-0000-0000-0000-000000000000,2026-09-03T11:32:30.472007
71848,217,2,45,3453.376,0,6906.752,00000000-0000-0000-0000-000000000000,2026-09-03T11:32:30.472009
71849,218,4,9,774.2536,0.1,2787.313,00000000-0000-0000-0000-000000000000,2026-09-03T11:32:30.472013
71849,219,8,12,1622.4405,0,12979.524,00000000-0000-0000-0000-000000000000,2026-09-03T11:32:30.472015
71849,220,3,37,1897.8043,0,5693.4129,00000000-0000-0000-0000-000000000000,2026-09-03T11:32:30.472018
71849,221,4,23,421.3766,0.05,1601.2311,00000000-0000-0000-0000-000000000000,2026-09-03T11:32:30.472020
71849,222,10,53,2286.2387,0,22862.387,00000000-0000-0000-0000-000000000000,2026-09-03T11:32:30.472023
71850,223,7,46,217.6539,0.2,1218.8618,00000000-0000-0000-0000-000000000000,2026-09-03T11:32:30.472026
71850,224,6,53,1475.0367,0.05,8407.7092,00000000-0000-0000-0000-000000000000,2026-09-03T11:32:30.472029
71850,225,3,36,609.0427,0.2,1461.7025,00000000-0000-0000-0000-000000000000,2026-09-03T11:32:30.472031
71850,226,4,38,2259.3793,0,9037.5172,00000000-0000-0000-0000-000000000000,2026-09-03T11:32:30.472034
71851,227,10,24,934.0647,0.15,7939.55,00000000-0000-0000-0000-000000000000,2026-09-03T11:32:30.472037
71851,228,1,33,91.6483,0.15,77.9011,00000000-0000-0000-0000-000000000000,2026-09-03T11:32:30.472040
71851,229,5,53,3008.477,0.05,14290.2657,00000000-0000-0000-0000-000000000000,2026-09-03T11:32:30.472042
71851,230,8,24,19.7344,0.15,134.1939,00000000-0000-0000-0000-000000000000,2026-09-03T11:32:30.472045
71852,231,3,3,2964.2415,0,8892.7245,00000000-0000-0000-0000-000000000000,2026-09-03T11:32:30.472048
71852,232,2,37,1914.2846,0.15,3254.2838,00000000-0000-0000-0000-000000000000,2026-09-03T11:32:30.472051
71852,233,3,39,3359.8085,0.2,8063.5404,00000000-0000-0000-0000-000000000000,2026-09-03T11:32:30.472053
71852,234,2,24,172.1365,0,344.273,00000000-0000-0000-0000-000000000000,2026-09-03T11:32:30.472057
71853,235,10,3,3088.5873,0,30885.873,00000000-0000-0000-0000-000000000000,2026-09-03T11:32:30.472060
71853,236,10,3,985.43,0.1,8868.87,00000000-0000-0000-0000-000000000000,2026-09-03T11:32:30.472063
71853,237,3,23,2050.8877,0,6152.6631,00000000-0000-0000-0000-000000000000,2026-09-03T11:32:30.472066
71854,238,1,11,872.959,0,872.959,00000000-0000-0000-0000-000000000000,2026-09-03T11:32:30.472069
71854,239,1,10,863.928,0,863.928,00000000-0000-0000-0000-000000000000,2026-09-03T11:32:30.472071
71855,240,6,23,3171.48,0.2,15223.104,00000000-0000-0000-0000-000000000000,2026-09-03T11:32:30.472074
71855,241,2,40,2988.7395,0,5977.479,00000000-0000-0000-0000-000000000000,2026-09-03T11:32:30.472077
71855,242,6,19,3097.7295,0,18586.377,00000000-0000-0000-0000-000000000000,2026-09-03T11:32:30.472079
71856,243,1,15,2788.7891,0.15,2370.4707,00000000-0000-0000-0000-000000000000,2026-09-03T11:32:30.472083
71856,244,9,53,2995.0535,0.1,24259.9334,00000000-0000-0000-0000-000000000000,2026-09-03T11:32:30.472085
71856,245,5,45,1944.8002,0.1,8751.6009,00000000-0000-0000-0000-000000000000,2026-09-03T11:32:30.472088
71857,246,4,13,2186.9979,0.2,6998.3933,00000000-0000-0000-0000-000000000000,2026-09-03T11:32:30.472091
71857,247,4,26,3064.2631,0,12257.0524,00000000-0000-0000-0000-000000000000,2026-09-03T11:32:30.472094
71858,248,1,52,2076.4133,0,2076.4133,00000000-0000-0000-0000-000000000000,2026-09-03T11:32:30.472097
71858,249,10,48,1885.5387,0,18855.387,00000000-0000-0000-0000-000000000000,2026-09-03T11:32:30.472099
71859,250,2,9,3499.3761,0,6998.7522,00000000-0000-0000-0000-000000000000,2026-09-03T11:32:30.472103
71859,251,5,49,2912.47,0.2,11649.88,00000000-0000-0000-0000-000000000000,2026-09-03T11:32:30.472106
71859,252,10,4,953.0777,0,9530.777,00000000-0000-0000-0000-000000000000,2026-09-03T11:32:30.472108
71859,253,10,26,1560.7153,0,15607.153,00000000-0000-0000-0000-000000000000,2026-09-03T11:32:30.472116
71859,254,10,39,1102.5687,0.2,8820.5496,00000000-0000-0000-0000-000000000000,2026-09-03T11:32:30.472119
71860,255,2,10,477.3016,0,954.6032,00000000-0000-0000-0000-000000000000,2026-09-03T11:32:30.472122
71860,256,7,13,857.1167,0.05,5699.8261,00000000-0000-0000-0000-000000000000,2026-09-03T11:32:30.472125
71860,257,5,38,272.6363,0.05,1295.0224,00000000-0000-0000-0000-000000000000,2026-09-03T11:32:30.472127
71860,258,2,1,1307.2165,0,2614.433,00000000-0000-0000-0000-000000000000,2026-09-03T11:32:30.472130
71860,259,5,42,1349.9184,0.1,6074.6328,00000000-0000-0000-0000-000000000000,2026-09-03T11:32:30.472133
71861,260,6,40,1986.5867,0.05,11323.5442,00000000-0000-0000-0000-000000000000,2026-09-03T11:32:30.472136
71862,261,7,29,2054.9894,0,14384.9258,00000000-0000-0000-0000-000000000000,2026-09-03T11:32:30.472139
71863,262,8,24,2463.4373,0,19707.4984,00000000-0000-0000-0000-000000000000,2026-09-03T11:32:30.472142
71864,263,7,18,2531.6895,0,17721.8265,00000000-0000-0000-0000-000000000000,2026-09-03T11:32:30.472145
71864,264,9,41,1662.3494,0,14961.1446,00000000-0000-0000-0000-000000000000,2026-09-03T11:32:30.472147
71865,265,3,45,889.0421,0,2667.1263,00000000-0000-0000-0000-000000000000,2026-09-03T11:32:30.472150
71865,266,7,8,98.6629,0.1,621.5763,00000000-0000-0000-0000-000000000000,2026-09-03T11:32:30.472153
71865,267,4,2,1575.5054,0.2,5041.6173,00000000-0000-0000-0000-000000000000,2026-09-03T11:32:30.472156
71865,268,3,43,25.738,0.1,69.4926,00000000-0000-0000-0000-000000000000,2026-09-03T11:32:30.472158
71866,269,3,18,3159.3263,0,9477.9789,00000000-0000-0000-0000-000000000000,2026-09-03T11:32:30.472161
71866,270,2,5,223.1846,0,446.3692,00000000-0000-0000-0000-000000000000,2026-09-03T11:32:30.472165
71866,271,6,23,1244.8767,0,7469.2602,00000000-0000-0000-0000-000000000000,2026-09-03T11:32:30.472167
71866,272,5,14,44.6665,0,223.3325,00000000-0000-0000-0000-000000000000,2026-09-03T11:32:30.472170
71866,273,2,38,2522.0858,0,5044.1716,00000000-0000-0000-0000-000000000000,2026-09-03T11:32:30.472173
71867,274,1,34,1055.2993,0.15,897.0044,00000000-0000-0000-0000-000000000000,2026-09-03T11:32:30.472176
71868,275,8,41,1703.0495,0.1,12261.9564,00000000-0000-0000-0000-000000000000,2026-09-03T11:32:30.472181
71868,276,10,9,497.4049,0.05,4725.3466,00000000-0000-0000-0000-000000000000,2026-09-03T11:32:30.472184
71868,277,5,9,1316.5225,0.15,5595.2206,00000000-0000-0000-0000-000000000000,2026-09-03T11:32:30.472196
71868,278,9,35,545.1057,0,4905.9513,00000000-0000-0000-0000-000000000000,2026-09-03T11:32:30.472199
71869,279,6,45,2481.604,0,14889.624,00000000-0000-0000-0000-000000000000,2026-09-03T11:32:30.472202
71869,280,2,38,3261.8803,0.2,5219.0085,00000000-0000-0000-0000-000000000000,2026-09-03T11:32:30.472204
71870,281,5,50,2578.4787,0,12892.3935,00000000-0000-0000-0000-000000000000,2026-09-03T11:32:30.472207
71870,282,1,28,1904.1331,0.05,1808.9264,00000000-0000-0000-0000-000000000000,2026-09-03T11:32:30.472210
71871,283,10,13,2222.8253,0.2,17782.6024,00000000-0000-0000-0000-000000000000,2026-09-03T11:32:30.472213
71871,284,3,38,3366.132,0,10098.396,00000000-0000-0000-0000-000000000000,2026-09-03T11:32:30.472215
71871,285,7,23,2067.5916,0.1,13025.8271,00000000-0000-0000-0000-000000000000,2026-09-03T11:32:30.472218
71871,286,10,4,342.5098,0.2,2740.0784,00000000-0000-0000-0000-000000000000,2026-09-03T11:32:30.472221
71872,287,9,43,1197.6236,0.15,9161.8205,00000000-0000-0000-0000-000000000000,2026-09-03T11:32:30.472224
71872,288,5,4,1021.5281,0.05,4852.2585,00000000-0000-0000-0000-000000000000,2026-09-03T11:32:30.472226
71873,289,6,48,1174.0669,0.1,6339.9613,00000000-0000-0000-0000-000000000000,2026-09-03T11:32:30.472229
71873,290,9,11,1850.248,0,16652.232,00000000-0000-0000-0000-000000000000,2026-09-03T11:32:30.472232
71873,291,7,46,3404.5852,0,23832.0964,00000000-0000-0000-0000-000000000000,2026-09-03T11:32:30.472235
71873,292,7,51,2780.1341,0,19460.9387,00000000-0000-0000-0000-000000000000,2026-09-03T11:32:30.472237
71873,293,9,18,609.9348,0.15,4666.0012,00000000-0000-0000-0000-000000000000,2026-09-03T11:32:30.472240
71874,294,10,50,1693.07,0.15,14391.095,00000000-0000-0000-0000-000000000000,2026-09-03T11:32:30.472242
71874,295,4,50,597.3033,0,2389.2132,00000000-0000-0000-0000-000000000000,2026-09-03T11:32:30.472245
71874,296,6,6,2235.3914,0,13412.3484,00000000-0000-0000-0000-000000000000,2026-09-03T11:32:30.472278
71874,297,3,36,2752.2173,0.05,7843.8193,00000000-0000-0000-0000-000000000000,2026-09-03T11:32:30.472282
71875,298,6,1,612.4212,0.2,2939.6218,00000000-0000-0000-0000-000000000000,2026-09-03T11:32:30.472285
71875,299,3,23,2644.8871,0.1,7141.1952,00000000-0000-0000-0000-000000000000,2026-09-03T11:32:30.472316
71876,300,8,12,596.3292,0,4770.6336,00000000-0000-0000-0000-000000000000,2026-09-03T11:32:30.472322
71876,301,10,49,1938.1225,0,19381.225,00000000-0000-0000-0000-000000000000,2026-09-03T11:32:30.472325
71876,302,1,6,889.3126,0,889.3126,00000000-0000-0000-0000-000000000000,2026-09-03T11:32:30.472327
71876,303,3,16,2980.275,0,8940.825,00000000-0000-0000-0000-000000000000,2026-09-03T11:32:30.472330
71877,304,10,12,314.2914,0.1,2828.6226,00000000-0000-0000-0000-000000000000,2026-09-03T11:32:30.472333
71877,305,1,39,2083.1356,0.2,1666.5085,00000000-0000-0000-0000-000000000000,2026-09-03T11:32:30.472336
71877,306,7,11,2460.5581,0.05,16362.7114,00000000-0000-0000-0000-000000000000,2026-09-03T11:32:30.472348
71878,307,7,1,148.7535,0.05,989.2108,00000000-0000-0000-0000-000000000000,2026-09-03T11:32:30.472352
71878,308,6,53,925.3439,0.2,4441.6507,00000000-0000-0000-0000-000000000000,2026-09-03T11:32:30.472354
71878,309,6,28,2938.6107,0.1,15868.4978,00000000-0000-0000-0000-000000000000,2026-09-03T11:32:30.472357
71878,310,8,54,687.7765,0,5502.212,00000000-0000-0000-0000-000000000000,2026-09-03T11:32:30.472361
71879,311,4,40,2268.0855,0,9072.342,00000000-0000-0000-0000-000000000000,2026-09-03T11:32:30.472378
71879,312,2,37,271.3004,0.15,461.2107,00000000-0000-0000-0000-000000000000,2026-09-03T11:32:30.472382
71879,313,4,35,776.425,0,3105.7,00000000-0000-0000-0000-000000000000,2026-09-03T11:32:30.472385
71880,314,5,54,629.9516,0,3149.758,00000000-0000-0000-0000-000000000000,2026-09-03T11:32:30.472389
71880,315,10,15,1628.2444,0,16282.444,00000000-0000-0000-0000-000000000000,2026-09-03T11:32:30.472391
71880,316,1,27,1344.302,0,1344.302,00000000-0000-0000-0000-000000000000,2026-09-03T11:32:30.472394
71880,317,3,30,3378.166,0.1,9121.0482,00000000-0000-0000-0000-000000000000,2026-09-03T11:32:30.472397
71880,318,6,26,1705.6288,0,10233.7728,00000000-0000-0000-0000-000000000000,2026-09-03T11:32:30.472399
71881,319,7,54,1406.8141,0.15,8370.5439,00000000-0000-0000-0000-000000000000,2026-09-03T11:32:30.472402
71881,320,7,9,2943.4948,0.05,19574.2404,00000000-0000-0000-0000-000000000000,2026-09-03T11:32:30.472405
71881,321,9,46,1374.3189,0,12368.8701,00000000-0000-0000-0000-000000000000,2026-09-03T11:32:30.472408
71882,322,6,15,46.0286,0.1,248.5544,00000000-0000-0000-0000-000000000000,2026-09-03T11:32:30.472411
71882,323,5,28,1625.9706,0,8129.853,00000000-0000-0000-0000-000000000000,2026-09-03T11:32:30.472414
71882,324,7,43,324.5597,0.2,1817.5343,00000000-0000-0000-0000-000000000000,2026-09-03T11:32:30.472416
71883,325,2,14,3002.29,0.15,5103.893,00000000-0000-0000-0000-000000000000,2026-09-03T11:32:30.472419
71883,326,7,8,3440.8054,0,24085.6378,00000000-0000-0000-0000-000000000000,2026-09-03T11:32:30.472422
71884,327,10,17,2253.7703,0.2,18030.1624,00000000-0000-0000-0000-000000000000,2026-09-03T11:32:30.472425
71885,328,5,9,2496.804,0.05,11859.819,00000000-0000-0000-0000-000000000000,2026-09-03T11:32:30.472428
71885,329,2,25,3286.0324,0.15,5586.2551,00000000-0000-0000-0000-000000000000,2026-09-03T11:32:30.472430
71885,330,5,8,1227.8915,0.2,4911.566,00000000-0000-0000-0000-000000000000,2026-09-03T11:32:30.472433
71886,331,8,43,1614.5858,0.05,12270.8521,00000000-0000-0000-0000-000000000000,2026-09-03T11:32:30.472436
71886,332,6,31,3132.7113,0.1,16916.641,00000000-0000-0000-0000-000000000000,2026-09-03T11:32:30.472439
71887,333,1,28,3131.0917,0.2,2504.8734,00000000-0000-0000-0000-000000000000,2026-09-03T11:32:30.472441
71887,334,5,39,3006.6992,0,15033.496,00000000-0000-0000-0000-000000000000,2026-09-03T11:32:30.472444
71887,335,1,53,1030.188,0.1,927.1692,00000000-0000-0000-0000-000000000000,2026-09-03T11:32:30.472447
71887,336,2,31,978.2768,0.05,1858.7259,00000000-0000-0000-0000-000000000000,2026-09-03T11:32:30.472449
71888,337,9,36,3005.6345,0,27050.7105,00000000-0000-0000-0000-000000000000,2026-09-03T11:32:30.472452
71888,338,8,40,1550.4172,0,12403.3376,00000000-0000-0000-0000-000000000000,2026-09-03T11:32:30.472455
71888,339,3,20,2158.0803,0,6474.2409,00000000-0000-0000-0000-000000000000,2026-09-03T11:32:30.472458
71889,340,5,36,153.7055,0,768.5275,00000000-0000-0000-0000-000000000000,2026-09-03T11:32:30.472475
71889,341,5,50,774.9825,0,3874.9125,00000000-0000-0000-0000-000000000000,2026-09-03T11:32:30.472491
71890,342,3,15,281.4152,0.05,802.0333,00000000-0000-0000-0000-000000000000,2026-09-03T11:32:30.472495
71890,343,6,51,947.6521,0.05,5401.617,00000000-0000-0000-0000-000000000000,2026-09-03T11:32:30.472498
71890,344,7,37,695.3335,0.2,3893.8676,00000000-0000-0000-0000-000000000000,2026-09-03T11:32:30.472513
71891,345,1,11,1575.7371,0.2,1260.5897,00000000-0000-0000-0000-000000000000,2026-09-03T11:32:30.472521
71891,346,9,24,1262.6846,0,11364.1614,00000000-0000-0000-0000-000000000000,2026-09-03T11:32:30.472524
71891,347,3,27,2611.2969,0.05,7442.1962,00000000-0000-0000-0000-000000000000,2026-09-03T11:32:30.472557
71892,348,8,12,1991.6917,0,15933.5336,00000000-0000-0000-0000-000000000000,2026-09-03T11:32:30.472563
71892,349,5,5,700.5314,0.05,3327.5241,00000000-0000-0000-0000-000000000000,2026-09-03T11:32:30.472568
71892,350,10,22,2288.401,0,22884.01,00000000-0000-0000-0000-000000000000,2026-09-03T11:32:30.472570
71892,351,6,41,802.7065,0.2,3852.9912,00000000-0000-0000-0000-000000000000,2026-09-03T11:32:30.472573
71892,352,5,12,3100.871,0.05,14729.1372,00000000-0000-0000-0000-000000000000,2026-09-03T11:32:30.472576
71893,353,4,21,1373.9438,0,5495.7752,00000000-0000-0000-0000-000000000000,2026-09-03T11:32:30.472579
71894,354,1,38,2115.8865,0.2,1692.7092,00000000-0000-0000-0000-000000000000,2026-09-03T11:32:30.472585
71894,355,9,5,2735.7337,0.05,23390.5231,00000000-0000-0000-0000-000000000000,2026-09-03T11:32:30.472587
71894,356,1,20,923.8573,0.05,877.6644,00000000-0000-0000-0000-000000000000,2026-09-03T11:32:30.472590
71894,357,7,48,1715.6633,0.15,10208.1966,00000000-0000-0000-0000-000000000000,2026-09-03T11:32:30.472593
71894,358,8,33,337.5827,0,2700.6616,00000000-0000-0000-0000-000000000000,2026-09-03T11:32:30.472595
71895,359,8,4,924.1149,0,7392.9192,00000000-0000-0000-0000-000000000000,2026-09-03T11:32:30.472598
71895,360,2,35,1392.6657,0.05,2646.0648,00000000-0000-0000-0000-000000000000,2026-09-03T11:32:30.472601
71895,361,6,27,2636.022,0.2,12652.9056,00000000-0000-0000-0000-000000000000,2026-09-03T11:32:30.472604
71895,362,8,9,904.8612,0.05,6876.9451,00000000-0000-0000-0000-000000000000,2026-09-03T11:32:30.472606
71895,363,4,26,2381.2337,0.05,9048.6881,00000000-0000-0000-0000-000000000000,2026-09-03T11:32:30.472609
71896,364,2,24,3236.9109,0.2,5179.0574,00000000-0000-0000-0000-000000000000,2026-09-03T11:32:30.472612
71896,365,2,34,2310.3343,0.15,3927.5683,00000000-0000-0000-0000-000000000000,2026-09-03T11:32:30.472615
71896,366,10,37,1310.9569,0.1,11798.6121,00000000-0000-0000-0000-000000000000,2026-09-03T11:32:30.472618
71896,367,3,29,127.1177,0,381.3531,00000000-0000-0000-0000-000000000000,2026-09-03T11:32:30.472620
71896,368,3,37,1669.069,0.15,4256.126,00000000-0000-0000-0000-000000000000,2026-09-03T11:32:30.472623
71897,369,5,22,48.7145,0.1,219.2152,00000000-0000-0000-0000-000000000000,2026-09-03T11:32:30.472626
71898,370,9,25,2444.29,0.15,18698.8185,00000000-0000-0000-0000-000000000000,2026-09-03T11:32:30.472630
71899,371,6,27,1022.2952,0,6133.7712,00000000-0000-0000-0000-000000000000,2026-09-03T11:32:30.472633
71900,372,4,46,126.099,0,504.396,00000000-0000-0000-0000-000000000000,2026-09-03T11:32:30.472636
71900,373,7,38,875.4455,0,6128.1185,00000000-0000-0000-0000-000000000000,2026-09-03T11:32:30.472639
71900,374,1,26,1787.0942,0,1787.0942,00000000-0000-0000-0000-000000000000,2026-09-03T11:32:30.472642
71900,375,4,2,1695.834,0.05,6444.1692,00000000-0000-0000-0000-000000000000,2026-09-03T11:32:30.472645
71901,376,2,36,1653.8012,0.2,2646.0819,00000000-0000-0000-0000-000000000000,2026-09-03T11:32:30.472648
71901,377,3,27,3266.2257,0,9798.6771,00000000-0000-0000-0000-000000000000,2026-09-03T11:32:30.472650
71901,378,8,37,1441.991,0.2,9228.7424,00000000-0000-0000-0000-000000000000,2026-09-03T11:32:30.472654
71901,379,2,40,2251.882,0.2,3603.0112,00000000-0000-0000-0000-000000000000,2026-09-03T11:32:30.472656
71902,380,9,42,2701.1298,0.05,23094.6598,00000000-0000-0000-0000-000000000000,2026-09-03T11:32:30.472659
71903,381,9,49,1513.8686,0,13624.8174,00000000-0000-0000-0000-000000000000,2026-09-03T11:32:30.472664
71903,382,1,25,1159.9214,0.1,1043.9293,00000000-0000-0000-0000-000000000000,2026-09-03T11:32:30.472667
71903,383,10,27,1652.8414,0,16528.414,00000000-0000-0000-0000-000000000000,2026-09-03T11:32:30.472670
71903,384,3,45,723.1827,0.15,1844.1159,00000000-0000-0000-0000-000000000000,2026-09-03T11:32:30.472673
71903,385,9,49,1807.48,0.1,14640.588,00000000-0000-0000-0000-000000000000,2026-09-03T11:32:30.472687
71904,386,6,52,3456.0659,0,20736.3954,00000000-0000-0000-0000-000000000000,2026-09-03T11:32:30.472753
71904,387,1,43,3479.9565,0,3479.9565,00000000-0000-0000-0000-000000000000,2026-09-03T11:32:30.472760
71904,388,3,9,2232.4342,0.1,6027.5723,00000000-0000-0000-0000-000000000000,2026-09-03T11:32:30.472763
71904,389,8,4,2901.241,0.15,19728.4388,00000000-0000-0000-0000-000000000000,2026-09-03T11:32:30.472766
71905,390,7,49,2271.2118,0.1,14308.6343,00000000-0000-0000-0000-000000000000,2026-09-03T11:32:30.472785
71905,391,9,26,2453.5542,0,22081.9878,00000000-0000-0000-0000-000000000000,2026-09-03T11:32:30.472787
71905,392,1,27,2392.951,0.05,2273.3034,00000000-0000-0000-0000-000000000000,2026-09-03T11:32:30.472791
71906,393,1,49,728.7053,0.2,582.9642,00000000-0000-0000-0000-000000000000,2026-09-03T11:32:30.472794
71906,394,3,37,253.3512,0.2,608.0429,00000000-0000-0000-0000-000000000000,2026-09-03T11:32:30.472797
71906,395,1,31,3258.9546,0.15,2770.1114,00000000-0000-0000-0000-000000000000,2026-09-03T11:32:30.472800
71906,396,10,38,678.8859,0.2,5431.0872,00000000-0000-0000-0000-000000000000,2026-09-03T11:32:30.472802
71907,397,10,6,2685.9145,0.1,24173.2305,00000000-0000-0000-0000-000000000000,2026-09-03T11:32:30.472805
71907,398,9,11,2358.4346,0.1,19103.3203,00000000-0000-0000-0000-000000000000,2026-09-03T11:32:30.472808
71908,399,7,45,428.7931,0,3001.5517,00000000-0000-0000-0000-000000000000,2026-09-03T11:32:30.472811
71908,400,4,50,1136.775,0.2,3637.68,00000000-0000-0000-0000-000000000000,2026-09-03T11:32:30.472814
71908,401,2,30,2816.9471,0.05,5352.1995,00000000-0000-0000-0000-000000000000,2026-09-03T11:32:30.472817
71908,402,9,28,2584.0067,0,23256.0603,00000000-0000-0000-0000-000000000000,2026-09-03T11:32:30.472821
71909,403,7,38,2141.5034,0,14990.5238,00000000-0000-0000-0000-000000000000,2026-09-03T11:32:30.472824
71909,404,4,46,1028.8592,0,4115.4368,00000000-0000-0000-0000-000000000000,2026-09-03T11:32:30.472826
71909,405,4,6,2437.1416,0.1,8773.7098,00000000-0000-0000-0000-000000000000,2026-09-03T11:32:30.472829
71910,406,10,45,3352.1681,0,33521.681,00000000-0000-0000-0000-000000000000,2026-09-03T11:32:30.472832
71910,407,6,50,77.2791,0,463.6746,00000000-0000-0000-0000-000000000000,2026-09-03T11:32:30.472834
71911,408,8,2,2140.6303,0.05,16268.7903,00000000-0000-0000-0000-000000000000,2026-09-03T11:32:30.472837
71911,409,3,5,3478.6548,0.1,9392.368,00000000-0000-0000-0000-000000000000,2026-09-03T11:32:30.472840
71911,410,9,29,2163.0865,0.2,15574.2228,00000000-0000-0000-0000-000000000000,2026-09-03T11:32:30.472843
71911,411,5,39,672.5797,0,3362.8985,00000000-0000-0000-0000-000000000000,2026-09-03T11:32:30.472845
71911,412,4,36,1861.4518,0,7445.8072,00000000-0000-0000-0000-000000000000,2026-09-03T11:32:30.472848
71912,413,4,52,2601.322,0,10405.288,00000000-0000-0000-0000-000000000000,2026-09-03T11:32:30.472851
71912,414,2,30,199.5192,0,399.0384,00000000-0000-0000-0000-000000000000,2026-09-03T11:32:30.472853
71912,415,7,31,2539.1304,0,17773.9128,00000000-0000-0000-0000-000000000000,2026-09-03T11:32:30.472856
71912,416,7,41,1761.9728,0,12333.8096,00000000-0000-0000-0000-000000000000,2026-09-03T11:32:30.472858
71912,417,5,43,1325.399,0.15,5632.9457,00000000-0000-0000-0000-000000000000,2026-09-03T11:32:30.472861
71913,418,9,38,2375.5249,0,21379.7241,00000000-0000-0000-0000-000000000000,2026-09-03T11:32:30.472864
71913,419,1,7,3024.3041,0.2,2419.4433,00000000-0000-0000-0000-000000000000,2026-09-03T11:32:30.472867
71914,420,10,47,2280.2149,0,22802.149,00000000-0000-0000-0000-000000000000,2026-09-03T11:32:30.472870
71914,421,9,6,2307.0125,0.2,16610.49,00000000-0000-0000-0000-000000000000,2026-09-03T11:32:30.472873
71914,422,8,50,1156.7008,0,9253.6064,00000000-0000-0000-0000-000000000000,2026-09-03T11:32:30.472875
71914,423,1,39,171.8709,0.05,163.2774,00000000-0000-0000-0000-000000000000,2026-09-03T11:32:30.472878
71915,424,1,29,1448.8093,0,1448.8093,00000000-0000-0000-0000-000000000000,2026-09-03T11:32:30.472881
71915,425,1,33,3080.6259,0,3080.6259,00000000-0000-0000-0000-000000000000,2026-09-03T11:32:30.472883
71916,426,2,30,119.7447,0.15,203.566,00000000-0000-0000-0000-000000000000,2026-09-03T11:32:30.472886
71916,427,9,11,566.0758,0,5094.6822,00000000-0000-0000-0000-000000000000,2026-09-03T11:32:30.472889
71916,428,9,12,2106.2276,0.05,18008.246,00000000-0000-0000-0000-000000000000,2026-09-03T11:32:30.472892
71916,429,5,54,2282.9741,0.2,9131.8964,00000000-0000-0000-0000-000000000000,2026-09-03T11:32:30.472894
71916,430,6,49,1054.0244,0.1,5691.7318,00000000-0000-0000-0000-000000000000,2026-09-03T11:32:30.472897
71917,431,8,10,2315.1917,0,18521.5336,00000000-0000-0000-0000-000000000000,2026-09-03T11:32:30.472900
71918,432,6,37,1781.6718,0.1,9621.0277,00000000-0000-0000-0000-000000000000,2026-09-03T11:32:30.472903
71918,433,8,41,651.639,0.15,4431.1452,00000000-0000-0000-0000-000000000000,2026-09-03T11:32:30.472905
71918,434,7,35,971.8792,0,6803.1544,00000000-0000-0000-0000-000000000000,2026-09-03T11:32:30.472908
71918,435,2,47,17.616,0.1,31.7088,00000000-0000-0000-0000-000000000000,2026-09-03T11:32:30.472911
71918,436,2,11,2103.4444,0.05,3996.5444,00000000-0000-0000-0000-000000000000,2026-09-03T11:32:30.472913
71919,437,1,36,1427.4443,0,1427.4443,00000000-0000-0000-0000-000000000000,2026-09-03T11:32:30.472916
71919,438,1,16,125.4967,0,125.4967,00000000-0000-0000-0000-000000000000,2026-09-03T11:32:30.472919
71919,439,1,41,2190.9025,0.05,2081.3574,00000000-0000-0000-0000-000000000000,2026-09-03T11:32:30.472923
71919,440,7,13,2653.3608,0,18573.5256,00000000-0000-0000-0000-000000000000,2026-09-03T11:32:30.472925
71920,441,6,52,989.3325,0,5935.995,00000000-0000-0000-0000-000000000000,2026-09-03T11:32:30.472928
71920,442,3,42,2086.0688,0.15,5319.4754,00000000-0000-0000-0000-000000000000,2026-09-03T11:32:30.472931
71920,443,8,1,893.2554,0.1,6431.4389,00000000-0000-0000-0000-000000000000,2026-09-03T11:32:30.472934
71921,444,5,52,633.463,0.15,2692.2177,00000000-0000-0000-0000-000000000000,2026-09-03T11:32:30.472937
71922,445,6,14,1050.9155,0.15,5359.6691,00000000-0000-0000-0000-000000000000,2026-09-03T11:32:30.472940
71922,446,10,6,1433.2983,0,14332.983,00000000-0000-0000-0000-000000000000,2026-09-03T11:32:30.472943
71923,447,6,16,3349.3172,0.05,19091.108,00000000-0000-0000-0000-000000000000,2026-09-03T11:32:30.472946
71923,448,5,37,41.2527,0.1,185.6371,00000000-0000-0000-0000-000000000000,2026-09-03T11:32:30.472949
71924,449,1,16,1423.691,0.2,1138.9528,00000000-0000-0000-0000-000000000000,2026-09-03T11:32:30.472952
71924,450,8,1,2139.0566,0.15,14545.5849,00000000-0000-0000-0000-000000000000,2026-09-03T11:32:30.472955
71924,451,5,16,470.1885,0.2,1880.754,00000000-0000-0000-0000-000000000000,2026-09-03T11:32:30.472958
71924,452,5,3,1320.2599,0,6601.2995,00000000-0000-0000-0000-000000000000,2026-09-03T11:32:30.472961
71925,453,7,17,1248.4607,0.15,7428.3412,00000000-0000-0000-0000-000000000000,2026-09-03T11:32:30.472964
71925,454,9,53,1759.3002,0,15833.7018,00000000-0000-0000-0000-000000000000,2026-09-03T11:32:30.472966
71925,455,5,44,1544.2578,0,7721.289,00000000-0000-0000-0000-000000000000,2026-09-03T11:32:30.473037
71926,456,7,53,3398.4316,0.2,19031.217,00000000-0000-0000-0000-000000000000,2026-09-03T11:32:30.473041
71927,457,9,10,2942.9965,0.1,23838.2717,00000000-0000-0000-0000-000000000000,2026-09-03T11:32:30.473045
71927,458,10,29,424.809,0.2,3398.472,00000000-0000-0000-0000-000000000000,2026-09-03T11:32:30.473048
71927,459,9,24,3493.2908,0,31439.6172,00000000-0000-0000-0000-000000000000,2026-09-03T11:32:30.473051
71928,460,7,10,3287.3549,0.05,21860.9101,00000000-0000-0000-0000-000000000000,2026-09-03T11:32:30.473056
71928,461,4,28,3496.7289,0,13986.9156,00000000-0000-0000-0000-000000000000,2026-09-03T11:32:30.473059
71928,462,8,39,144.1569,0.05,1095.5924,00000000-0000-0000-0000-000000000000,2026-09-03T11:32:30.473061
71929,463,5,38,3395.8445,0.05,16130.2614,00000000-0000-0000-0000-000000000000,2026-09-03T11:32:30.473064
71929,464,10,20,267.1786,0,2671.786,00000000-0000-0000-0000-000000000000,2026-09-03T11:32:30.473067
71929,465,3,9,1988.6472,0.05,5667.6445,00000000-0000-0000-0000-000000000000,2026-09-03T11:32:30.473070
71929,466,3,39,2622.2466,0,7866.7398,00000000-0000-0000-0000-000000000000,2026-09-03T11:32:30.473072
71929,467,3,27,1840.2776,0,5520.8328,00000000-0000-0000-0000-000000000000,2026-09-03T11:32:30.473075
71930,468,7,27,2173.3903,0,15213.7321,00000000-0000-0000-0000-000000000000,2026-09-03T11:32:30.473078
71930,469,10,38,1399.5614,0.05,13295.8333,00000000-0000-0000-0000-000000000000,2026-09-03T11:32:30.473082
71930,470,6,25,1434.5532,0,8607.3192,00000000-0000-0000-0000-000000000000,2026-09-03T11:32:30.473084
71930,471,10,43,2139.8522,0.1,19258.6698,00000000-0000-0000-0000-000000000000,2026-09-03T11:32:30.473087
71930,472,10,51,2875.7121,0.1,25881.4089,00000000-0000-0000-0000-000000000000,2026-09-03T11:32:30.473090
71931,473,9,48,875.3397,0,7878.0573,00000000-0000-0000-0000-000000000000,2026-09-03T11:32:30.473092
71931,474,9,33,1676.3328,0.05,14332.6454,00000000-0000-0000-0000-000000000000,2026-09-03T11:32:30.473095
71931,475,8,40,1629.3297,0.05,12382.9057,00000000-0000-0000-0000-000000000000,2026-09-03T11:32:30.473098
71931,476,7,1,663.6458,0.2,3716.4165,00000000-0000-0000-0000-000000000000,2026-09-03T11:32:30.473100
71931,477,5,34,1060.8665,0,5304.3325,00000000-0000-0000-0000-000000000000,2026-09-03T11:32:30.473103
71932,478,5,39,180.5065,0.2,722.026,00000000-0000-0000-0000-000000000000,2026-09-03T11:32:30.473106
71932,479,6,13,2847.7137,0,17086.2822,00000000-0000-0000-0000-000000000000,2026-09-03T11:32:30.473109
71933,480,10,6,1852.3019,0,18523.019,00000000-0000-0000-0000-000000000000,2026-09-03T11:32:30.473112
71933,481,7,1,550.1051,0,3850.7357,00000000-0000-0000-0000-000000000000,2026-09-03T11:32:30.473114
71933,482,5,20,112.3651,0,561.8255,00000000-0000-0000-0000-000000000000,2026-09-03T11:32:30.473117
71933,483,8,26,183.3495,0.15,1246.7766,00000000-0000-0000-0000-000000000000,2026-09-03T11:32:30.473120
71933,484,2,51,522.3114,0.1,940.1605,00000000-0000-0000-0000-000000000000,2026-09-03T11:32:30.473122
71934,485,4,3,2596.7574,0.15,8828.9752,00000000-0000-0000-0000-000000000000,2026-09-03T11:32:30.473126
71934,486,10,5,3048.796,0.15,25914.766,00000000-0000-0000-0000-000000000000,2026-09-03T11:32:30.473128
71934,487,1,14,769.8678,0,769.8678,00000000-0000-0000-0000-000000000000,2026-09-03T11:32:30.473131
71935,488,6,10,2842.2306,0.05,16200.7144,00000000-0000-0000-0000-000000000000,2026-09-03T11:32:30.473134
71935,489,9,31,3154.9554,0.2,22715.6789,00000000-0000-0000-0000-000000000000,2026-09-03T11:32:30.473137
71935,490,10,35,472.0595,0.1,4248.5355,00000000-0000-0000-0000-000000000000,2026-09-03T11:32:30.473139
71935,491,7,20,1527.3778,0,10691.6446,00000000-0000-0000-0000-000000000000,2026-09-03T11:32:30.473142
71935,492,3,19,567.5935,0.2,1362.2244,00000000-0000-0000-0000-000000000000,2026-09-03T11:32:30.473145
71936,493,3,4,1159.9778,0.15,2957.9434,00000000-0000-0000-0000-000000000000,2026-09-03T11:32:30.473148
71937,494,4,2,647.4536,0,2589.8144,00000000-0000-0000-0000-000000000000,2026-09-03T11:32:30.473150
71937,495,7,28,2000.0947,0.05,13300.6298,00000000-0000-0000-0000-000000000000,2026-09-03T11:32:30.473153
71937,496,2,40,2134.1229,0.2,3414.5966,00000000-0000-0000-0000-000000000000,2026-09-03T11:32:30.473156
71937,497,10,26,3302.0375,0.1,29718.3375,00000000-0000-0000-0000-000000000000,2026-09-03T11:32:30.473158
71937,498,9,53,446.6072,0.1,3617.5183,00000000-0000-0000-0000-000000000000,2026-09-03T11:32:30.473161
71938,499,6,26,2275.1321,0.2,10920.6341,00000000-0000-0000-0000-000000000000,2026-09-03T11:32:30.473164
71939,500,2,31,469.663,0,939.326,00000000-0000-0000-0000-000000000000,2026-09-03T11:32:30.473167
71939,501,1,29,2309.4973,0,2309.4973,00000000-0000-0000-0000-000000000000,2026-09-03T11:32:30.473170
71939,502,2,34,2158.7477,0.05,4101.6206,00000000-0000-0000-0000-000000000000,2026-09-03T11:32:30.473172
71939,503,8,10,1512.8409,0,12102.7272,00000000-0000-0000-0000-000000000000,2026-09-03T11:32:30.473175
71939,504,5,1,2654.3579,0.15,11281.0211,00000000-0000-0000-0000-000000000000,2026-09-03T11:32:30.473178
71940,505,8,17,875.2018,0,7001.6144,00000000-0000-0000-0000-000000000000,2026-09-03T11:32:30.473181
71940,506,6,15,430.6008,0,2583.6048,00000000-0000-0000-0000-000000000000,2026-09-03T11:32:30.473183
71940,507,4,31,3375.6344,0.15,11477.157,00000000-0000-0000-0000-000000000000,2026-09-03T11:32:30.473187
71941,508,2,1,1111.9624,0.05,2112.7286,00000000-0000-0000-0000-000000000000,2026-09-03T11:32:30.473190
71941,509,8,13,190.886,0.05,1450.7336,00000000-0000-0000-0000-000000000000,2026-09-03T11:32:30.473192
71941,510,8,23,2251.8489,0,18014.7912,00000000-0000-0000-0000-000000000000,2026-09-03T11:32:30.473195
71941,511,2,49,226.7635,0.05,430.8506,00000000-0000-0000-0000-000000000000,2026-09-03T11:32:30.473197
71941,512,3,3,2018.8396,0.15,5148.041,00000000-0000-0000-0000-000000000000,2026-09-03T11:32:30.473200
71942,513,10,48,2435.5842,0.2,19484.6736,00000000-0000-0000-0000-000000000000,2026-09-03T11:32:30.473222
71942,514,2,38,2927.0296,0.1,5268.6533,00000000-0000-0000-0000-000000000000,2026-09-03T11:32:30.473230
71943,515,4,30,1809.5711,0,7238.2844,00000000-0000-0000-0000-000000000000,2026-09-03T11:32:30.473234
71943,516,3,52,150.6986,0,452.0958,00000000-0000-0000-0000-000000000000,2026-09-03T11:32:30.473237
71944,517,5,29,2982.7266,0,14913.633,00000000-0000-0000-0000-000000000000,2026-09-03T11:32:30.473240
71944,518,1,50,1010.2729,0.1,909.2456,00000000-0000-0000-0000-000000000000,2026-09-03T11:32:30.473243
71944,519,1,29,955.5583,0.05,907.7804,00000000-0000-0000-0000-000000000000,2026-09-03T11:32:30.473246
71945,520,4,21,1461.78,0,5847.12,00000000-0000-0000-0000-000000000000,2026-09-03T11:32:30.473250
71945,521,8,27,3452.6933,0,27621.5464,00000000-0000-0000-0000-000000000000,2026-09-03T11:32:30.473253
71945,522,10,5,1131.5212,0.2,9052.1696,00000000-0000-0000-0000-000000000000,2026-09-03T11:32:30.473257
71945,523,1,45,2754.6323,0.15,2341.4375,00000000-0000-0000-0000-000000000000,2026-09-03T11:32:30.473260
71945,524,6,6,1955.1973,0.2,9384.947,00000000-0000-0000-0000-000000000000,2026-09-03T11:32:30.473263
71946,525,3,35,2435.8171,0.15,6211.3336,00000000-0000-0000-0000-000000000000,2026-09-03T11:32:30.473267
71946,526,5,23,2079.8824,0,10399.412,00000000-0000-0000-0000-000000000000,2026-09-03T11:32:30.473269
71946,527,1,39,1348.5081,0,1348.5081,00000000-0000-0000-0000-000000000000,2026-09-03T11:32:30.473272
71946,528,6,33,2850.6612,0.1,15393.5705,00000000-0000-0000-0000-000000000000,2026-09-03T11:32:30.473275
71947,529,2,47,1211.6529,0.1,2180.9752,00000000-0000-0000-0000-000000000000,2026-09-03T11:32:30.473278
71948,530,8,17,1130.1537,0.2,7232.9837,00000000-0000-0000-0000-000000000000,2026-09-03T11:32:30.473281
71949,531,7,43,2516.9132,0.1,15856.5532,00000000-0000-0000-0000-000000000000,2026-09-03T11:32:30.473284
71949,532,2,26,1286.4515,0.1,2315.6127,00000000-0000-0000-0000-000000000000,2026-09-03T11:32:30.473287
71949,533,8,1,173.6496,0.05,1319.737,00000000-0000-0000-0000-000000000000,2026-09-03T11:32:30.473289
71950,534,4,54,1004.847,0.1,3617.4492,00000000-0000-0000-0000-000000000000,2026-09-03T11:32:30.473293
71951,535,5,8,2511.7175,0,12558.5875,00000000-0000-0000-0000-000000000000,2026-09-03T11:32:30.473296
71952,536,4,39,974.2571,0,3897.0284,00000000-0000-0000-0000-000000000000,2026-09-03T11:32:30.473299
71952,537,9,10,3231.6867,0.15,24722.4033,00000000-0000-0000-0000-000000000000,2026-09-03T11:32:30.473302
71952,538,9,2,631.9566,0.2,4550.0875,00000000-0000-0000-0000-000000000000,2026-09-03T11:32:30.473304
71952,539,7,26,2386.5945,0.1,15035.5454,00000000-0000-0000-0000-000000000000,2026-09-03T11:32:30.473307
71952,540,1,16,2693.6196,0.2,2154.8957,00000000-0000-0000-0000-000000000000,2026-09-03T11:32:30.473310
71953,541,9,36,1307.3961,0.2,9413.2519,00000000-0000-0000-0000-000000000000,2026-09-03T11:32:30.473314
71953,542,1,43,1403.6973,0,1403.6973,00000000-0000-0000-0000-000000000000,2026-09-03T11:32:30.473317
71953,543,1,10,1562.408,0.1,1406.1672,00000000-0000-0000-0000-000000000000,2026-09-03T11:32:30.473320
71953,544,10,45,1377.1801,0,13771.801,00000000-0000-0000-0000-000000000000,2026-09-03T11:32:30.473323
71953,545,5,45,1189.432,0.05,5649.802,00000000-0000-0000-0000-000000000000,2026-09-03T11:32:30.473325
71954,546,4,47,2485.436,0,9941.744,00000000-0000-0000-0000-000000000000,2026-09-03T11:32:30.473328
71954,547,7,9,836.1877,0.15,4975.3168,00000000-0000-0000-0000-000000000000,2026-09-03T11:32:30.473331
71954,548,10,30,708.3055,0,7083.055,00000000-0000-0000-0000-000000000000,2026-09-03T11:32:30.473333
71954,549,1,33,1056.9339,0.2,845.5471,00000000-0000-0000-0000-000000000000,2026-09-03T11:32:30.473336
71955,550,7,32,3151.0095,0.2,17645.6532,00000000-0000-0000-0000-000000000000,2026-09-03T11:32:30.473339
71955,551,10,36,158.5745,0.15,1347.8832,00000000-0000-0000-0000-000000000000,2026-09-03T11:32:30.473342
71955,552,10,11,1695.5581,0,16955.581,00000000-0000-0000-0000-000000000000,2026-09-03T11:32:30.473344
71955,553,2,39,153.1817,0.15,260.4089,00000000-0000-0000-0000-000000000000,2026-09-03T11:32:30.473347
71955,554,9,54,2450.5274,0,22054.7466,00000000-0000-0000-0000-000000000000,2026-09-03T11:32:30.473349
71956,555,2,13,3031.128,0,6062.256,00000000-0000-0000-0000-000000000000,2026-09-03T11:32:30.473353
71956,556,7,25,2385.8156,0,16700.7092,00000000-0000-0000-0000-000000000000,2026-09-03T11:32:30.473355
71956,557,9,18,359.9073,0,3239.1657,00000000-0000-0000-0000-000000000000,2026-09-03T11:32:30.473358
71957,558,6,11,1191.3767,0,7148.2602,00000000-0000-0000-0000-000000000000,2026-09-03T11:32:30.473360
71957,559,3,43,2803.1953,0,8409.5859,00000000-0000-0000-0000-000000000000,2026-09-03T11:32:30.473363
71957,560,7,3,426.374,0.1,2686.1562,00000000-0000-0000-0000-000000000000,2026-09-03T11:32:30.473365
71957,561,3,10,1040.4875,0.05,2965.3894,00000000-0000-0000-0000-000000000000,2026-09-03T11:32:30.473368
71957,562,10,31,73.1322,0,731.322,00000000-0000-0000-0000-000000000000,2026-09-03T11:32:30.473371
71958,563,6,46,1671.4103,0,10028.4618,00000000-0000-0000-0000-000000000000,2026-09-03T11:32:30.473375
71959,564,1,35,1043.9679,0.15,887.3727,00000000-0000-0000-0000-000000000000,2026-09-03T11:32:30.473378
71959,565,3,41,2379.3474,0.15,6067.3359,00000000-0000-0000-0000-000000000000,2026-09-03T11:32:30.473381
71959,566,8,49,3134.946,0,25079.568,00000000-0000-0000-0000-000000000000,2026-09-03T11:32:30.473384
71960,567,2,53,1019.5713,0.15,1733.2712,00000000-0000-0000-0000-000000000000,2026-09-03T11:32:30.473387
71961,568,4,37,2007.3093,0.15,6824.8516,00000000-0000-0000-0000-000000000000,2026-09-03T11:32:30.473390
71961,569,8,52,960.3246,0.2,6146.0774,00000000-0000-0000-0000-000000000000,2026-09-03T11:32:30.473392
71961,570,3,27,1362.3259,0.05,3882.6288,00000000-0000-0000-0000-000000000000,2026-09-03T11:32:30.473395
71961,571,10,25,637.5089,0,6375.089,00000000-0000-0000-0000-000000000000,2026-09-03T11:32:30.473398
71961,572,4,1,3230.7433,0,12922.9732,00000000-0000-0000-0000-000000000000,2026-09-03T11:32:30.473400
71962,573,9,20,2624.1507,0,23617.3563,00000000-0000-0000-0000-000000000000,2026-09-03T11:32:30.473403
71962,574,8,53,67.3891,0,539.1128,00000000-0000-0000-0000-000000000000,2026-09-03T11:32:30.473406
71963,575,4,25,3176.1837,0,12704.7348,00000000-0000-0000-0000-000000000000,2026-09-03T11:32:30.473409
71963,576,6,53,1814.1087,0,10884.6522,00000000-0000-0000-0000-000000000000,2026-09-03T11:32:30.473411
71963,577,1,26,190.8999,0,190.8999,00000000-0000-0000-0000-000000000000,2026-09-03T11:32:30.473414
71963,578,1,24,1391.376,0.05,1321.8072,00000000-0000-0000-0000-000000000000,2026-09-03T11:32:30.473417
71963,579,9,42,163.6186,0.15,1251.6823,00000000-0000-0000-0000-000000000000,2026-09-03T11:32:30.473419
71964,580,5,54,2267.9579,0.05,10772.8,00000000-0000-0000-0000-000000000000,2026-09-03T11:32:30.473423
71965,581,2,1,2187.2166,0.1,3936.9899,00000000-0000-0000-0000-000000000000,2026-09-03T11:32:30.473426
71966,582,2,11,2057.3794,0.1,3703.2829,00000000-0000-0000-0000-000000000000,2026-09-03T11:32:30.473429
71966,583,4,41,214.8709,0.15,730.5611,00000000-0000-0000-0000-000000000000,2026-09-03T11:32:30.473432
71967,584,1,39,509.6368,0,509.6368,00000000-0000-0000-0000-000000000000,2026-09-03T11:32:30.473435
71968,585,4,50,1192.9928,0.15,4056.1755,00000000-0000-0000-0000-000000000000,2026-09-03T11:32:30.473438
71968,586,6,37,3300.2245,0.2,15841.0776,00000000-0000-0000-0000-000000000000,2026-09-03T11:32:30.473440
71968,587,6,15,1641.5432,0.1,8864.3333,00000000-0000-0000-0000-000000000000,2026-09-03T11:32:30.473443
71969,588,3,26,2014.9286,0.2,4835.8286,00000000-0000-0000-0000-000000000000,2026-09-03T11:32:30.473446
71970,589,9,28,182.8911,0.15,1399.1169,00000000-0000-0000-0000-000000000000,2026-09-03T11:32:30.473449
71971,590,6,53,474.3373,0.05,2703.7226,00000000-0000-0000-0000-000000000000,2026-09-03T11:32:30.473452
71972,591,6,17,3271.2122,0.15,16683.1822,00000000-0000-0000-0000-000000000000,2026-09-03T11:32:30.473455
71972,592,10,9,2841.5077,0.15,24152.8155,00000000-0000-0000-0000-000000000000,2026-09-03T11:32:30.473458
71972,593,9,39,163.0182,0,1467.1638,00000000-0000-0000-0000-000000000000,2026-09-03T11:32:30.473461
71972,594,6,15,992.4904,0,5954.9424,00000000-0000-0000-0000-000000000000,2026-09-03T11:32:30.473464
71973,595,1,41,326.0647,0.1,293.4582,00000000-0000-0000-0000-000000000000,2026-09-03T11:32:30.473467
71973,596,9,39,1968.0987,0.15,15055.9551,00000000-0000-0000-0000-000000000000,2026-09-03T11:32:30.473470
71973,597,6,34,1368.6209,0.15,6979.9666,00000000-0000-0000-0000-000000000000,2026-09-03T11:32:30.473473
71973,598,5,49,747.6512,0.2,2990.6048,00000000-0000-0000-0000-000000000000,2026-09-03T11:32:30.473475
71973,599,3,11,1162.2979,0.05,3312.549,00000000-0000-0000-0000-000000000000,2026-09-03T11:32:30.473478
71974,600,3,8,2781.7649,0,8345.2947,00000000-0000-0000-0000-000000000000,2026-09-03T11:32:30.473481
71974,601,1,21,1731.6988,0.05,1645.1139,00000000-0000-0000-0000-000000000000,2026-09-03T11:32:30.473483
71974,602,1,16,2450.9456,0.05,2328.3983,00000000-0000-0000-0000-000000000000,2026-09-03T11:32:30.473486
71974,603,2,52,3393.5811,0.05,6447.8041,00000000-0000-0000-0000-000000000000,2026-09-03T11:32:30.473488
71974,604,5,35,1475.7968,0,7378.984,00000000-0000-0000-0000-000000000000,2026-09-03T11:32:30.473491
71975,605,5,29,116.3869,0,581.9345,00000000-0000-0000-0000-000000000000,2026-09-03T11:32:30.473494
71975,606,7,26,3024.2877,0,21170.0139,00000000-0000-0000-0000-000000000000,2026-09-03T11:32:30.473496
71975,607,6,52,65.9637,0,395.7822,00000000-0000-0000-0000-000000000000,2026-09-03T11:32:30.473499
71975,608,9,24,3480.1252,0,31321.1268,00000000-0000-0000-0000-000000000000,2026-09-03T11:32:30.473502
71976,609,1,5,257.8118,0,257.8118,00000000-0000-0000-0000-000000000000,2026-09-03T11:32:30.473505
71977,610,2,28,814.0941,0.15,1383.96,00000000-0000-0000-0000-000000000000,2026-09-03T11:32:30.473508
71977,611,6,28,1744.706,0,10468.236,00000000-0000-0000-0000-000000000000,2026-09-03T11:32:30.473511
71977,612,8,37,198.3504,0.1,1428.1229,00000000-0000-0000-0000-000000000000,2026-09-03T11:32:30.473513
71977,613,3,17,225.8159,0,677.4477,00000000-0000-0000-0000-000000000000,2026-09-03T11:32:30.473516
71978,614,10,21,271.9361,0,2719.361,00000000-0000-0000-0000-000000000000,2026-09-03T11:32:30.473519
71978,615,5,4,1083.4917,0.1,4875.7127,00000000-0000-0000-0000-000000000000,2026-09-03T11:32:30.473522
71978,616,6,14,2486.6966,0,14920.1796,00000000-0000-0000-0000-000000000000,2026-09-03T11:32:30.473525
71979,617,8,38,2383.2328,0,19065.8624,00000000-0000-0000-0000-000000000000,2026-09-03T11:32:30.473528
71980,618,2,37,1124.4195,0.05,2136.3971,00000000-0000-0000-0000-000000000000,2026-09-03T11:32:30.473531
71981,619,10,35,2657.0647,0.1,23913.5823,00000000-0000-0000-0000-000000000000,2026-09-03T11:32:30.473534
71982,620,5,46,1527.198,0.15,6490.5915,00000000-0000-0000-0000-000000000000,2026-09-03T11:32:30.473537
71982,621,7,22,1422.1089,0,9954.7623,00000000-0000-0000-0000-000000000000,2026-09-03T11:32:30.473539
71982,622,9,16,1365.318,0,12287.862,00000000-0000-0000-0000-000000000000,2026-09-03T11:32:30.473542
71982,623,10,32,689.8809,0,6898.809,00000000-0000-0000-0000-000000000000,2026-09-03T11:32:30.473544
71983,624,8,26,2198.9324,0.1,15832.3133,00000000-0000-0000-0000-000000000000,2026-09-03T11:32:30.473547
71983,625,6,44,1918.8158,0,11512.8948,00000000-0000-0000-0000-000000000000,2026-09-03T11:32:30.473550
71983,626,3,16,1645.7889,0.2,3949.8934,00000000-0000-0000-0000-000000000000,2026-09-03T11:32:30.473552
71984,627,2,35,2968.0017,0.2,4748.8027,00000000-0000-0000-0000-000000000000,2026-09-03T11:32:30.473558
71984,628,1,52,936.1036,0.2,748.8829,00000000-0000-0000-0000-000000000000,2026-09-03T11:32:30.473562
71984,629,3,11,2251.9377,0.1,6080.2318,00000000-0000-0000-0000-000000000000,2026-09-03T11:32:30.473564
71984,630,7,32,99.1117,0,693.7819,00000000-0000-0000-0000-000000000000,2026-09-03T11:32:30.473567
71985,631,3,45,767.3784,0.2,1841.7082,00000000-0000-0000-0000-000000000000,2026-09-03T11:32:30.473570
71985,632,8,14,2475.574,0.15,16833.9032,00000000-0000-0000-0000-000000000000,2026-09-03T11:32:30.473572
71986,633,7,19,744.0632,0.2,4166.7539,00000000-0000-0000-0000-000000000000,2026-09-03T11:32:30.473575
71986,634,9,9,914.1762,0,8227.5858,00000000-0000-0000-0000-000000000000,2026-09-03T11:32:30.473578
71987,635,7,52,847.855,0,5934.985,00000000-0000-0000-0000-000000000000,2026-09-03T11:32:30.473581
71987,636,7,40,3136.2356,0.05,20855.9667,00000000-0000-0000-0000-000000000000,2026-09-03T11:32:30.473583
71987,637,3,17,3009.5371,0.15,7674.3196,00000000-0000-0000-0000-000000000000,2026-09-03T11:32:30.473586
71988,638,10,46,1543.1432,0,15431.432,00000000-0000-0000-0000-000000000000,2026-09-03T11:32:30.473589
71988,639,9,22,566.4933,0.15,4333.6737,00000000-0000-0000-0000-000000000000,2026-09-03T11:32:30.473592
71989,640,3,2,173.102,0,519.306,00000000-0000-0000-0000-000000000000,2026-09-03T11:32:30.473595
71989,641,1,5,2017.5585,0,2017.5585,00000000-0000-0000-0000-000000000000,2026-09-03T11:32:30.473598
71990,642,3,34,2162.7972,0,6488.3916,00000000-0000-0000-0000-000000000000,2026-09-03T11:32:30.473600
71990,643,4,20,983.362,0,3933.448,00000000-0000-0000-0000-000000000000,2026-09-03T11:32:30.473603
71990,644,10,38,1736.3076,0,17363.076,00000000-0000-0000-0000-000000000000,2026-09-03T11:32:30.473606
71990,645,1,52,1843.1966,0.1,1658.8769,00000000-0000-0000-0000-000000000000,2026-09-03T11:32:30.473609
71991,646,2,22,1166.584,0,2333.168,00000000-0000-0000-0000-000000000000,2026-09-03T11:32:30.473612
71991,647,6,9,2951.1665,0.15,15050.9491,00000000-0000-0000-0000-000000000000,2026-09-03T11:32:30.473615
71991,648,8,21,3139.4801,0,25115.8408,00000000-0000-0000-0000-000000000000,2026-09-03T11:32:30.473617
71991,649,10,40,1533.0971,0.15,13031.3253,00000000-0000-0000-0000-000000000000,2026-09-03T11:32:30.473620
71992,650,2,2,714.0709,0,1428.1418,00000000-0000-0000-0000-000000000000,2026-09-03T11:32:30.473623
71993,651,5,16,2511.0073,0.05,11927.2847,00000000-0000-0000-0000-000000000000,2026-09-03T11:32:30.473626
71994,652,7,41,2360.2869,0,16522.0083,00000000-0000-0000-0000-000000000000,2026-09-03T11:32:30.473629
71994,653,3,32,2539.2251,0,7617.6753,00000000-0000-0000-0000-000000000000,2026-09-03T11:32:30.473632
71995,654,4,5,1641.3636,0,6565.4544,00000000-0000-0000-0000-000000000000,2026-09-03T11:32:30.473635
71995,655,9,45,1455.4445,0.15,11134.1504,00000000-0000-0000-0000-000000000000,2026-09-03T11:32:30.473637
71995,656,7,20,3360.7158,0.05,22348.7601,00000000-0000-0000-0000-000000000000,2026-09-03T11:32:30.473640
71995,657,8,1,2558.0953,0,20464.7624,00000000-0000-0000-0000-000000000000,2026-09-03T11:32:30.473642
71996,658,4,25,1959.2058,0,7836.8232,00000000-0000-0000-0000-000000000000,2026-09-03T11:32:30.473645
71996,659,10,21,2793.5209,0,27935.209,00000000-0000-0000-0000-000000000000,2026-09-03T11:32:30.473648
71997,660,5,9,2187.4282,0.2,8749.7128,00000000-0000-0000-0000-000000000000,2026-09-03T11:32:30.473650
71997,661,1,41,2209.309,0,2209.309,00000000-0000-0000-0000-000000000000,2026-09-03T11:32:30.473654
71998,662,1,9,2770.8881,0,2770.8881,00000000-0000-0000-0000-000000000000,2026-09-03T11:32:30.473656
71998,663,1,44,3143.3459,0,3143.3459,00000000-0000-0000-0000-000000000000,2026-09-03T11:32:30.473659
71998,664,8,51,2271.5331,0.05,17263.6516,00000000-0000-0000-0000-000000000000,2026-09-03T11:32:30.473661
71998,665,3,28,2657.5516,0.1,7175.3893,00000000-0000-0000-0000-000000000000,2026-09-03T11:32:30.473664
71999,666,10,1,1476.6655,0,14766.655,00000000-0000-0000-0000-000000000000,2026-09-03T11:32:30.473667
71999,667,3,1,2948.0822,0.05,8402.0343,00000000-0000-0000-0000-000000000000,2026-09-03T11:32:30.473669
71999,668,7,13,2951.266,0,20658.862,00000000-0000-0000-0000-000000000000,2026-09-03T11:32:30.473672
71999,669,6,41,2818.9274,0.15,14376.5297,00000000-0000-0000-0000-000000000000,2026-09-03T11:32:30.473675
72000,670,5,27,3091.8032,0.2,12367.2128,00000000-0000-0000-0000-000000000000,2026-09-03T11:32:30.473678
72000,671,10,29,2553.9605,0,25539.605,00000000-0000-0000-0000-000000000000,2026-09-03T11:32:30.473680
72000,672,8,42,942.7576,0.1,6787.8547,00000000-0000-0000-0000-000000000000,2026-09-03T11:32:30.473683
72000,673,9,14,2055.8308,0,18502.4772,00000000-0000-0000-0000-000000000000,2026-09-03T11:32:30.473685
72001,674,8,48,2449.45,0.1,17636.04,00000000-0000-0000-0000-000000000000,2026-09-03T11:32:30.473689
72001,675,5,54,2014.3608,0.1,9064.6236,00000000-0000-0000-0000-000000000000,2026-09-03T11:32:30.473691
72001,676,2,17,3490.4229,0.2,5584.6766,00000000-0000-0000-0000-000000000000,2026-09-03T11:32:30.473694
72001,677,9,28,2099.6099,0.15,16062.0157,00000000-0000-0000-0000-000000000000,2026-09-03T11:32:30.473697
72001,678,10,21,129.9921,0.15,1104.9328,00000000-0000-0000-0000-000000000000,2026-09-03T11:32:30.473700
72002,679,10,45,59.5791,0,595.791,00000000-0000-0000-0000-000000000000,2026-09-03T11:32:30.473703
72002,680,3,53,2803.5206,0,8410.5618,00000000-0000-0000-0000-000000000000,2026-09-03T11:32:30.473706
72002,681,7,19,1465.1413,0.2,8204.7913,00000000-0000-0000-0000-000000000000,2026-09-03T11:32:30.473708
72003,682,4,38,455.1809,0.15,1547.6151,00000000-0000-0000-0000-000000000000,2026-09-03T11:32:30.473712
72003,683,2,9,907.8371,0.05,1724.8905,00000000-0000-0000-0000-000000000000,2026-09-03T11:32:30.473714
72004,684,10,46,557.7502,0.1,5019.7518,00000000-0000-0000-0000-000000000000,2026-09-03T11:32:30.473717
72005,685,2,22,2821.4797,0,5642.9594,00000000-0000-0000-0000-000000000000,2026-09-03T11:32:30.473720
72005,686,6,15,2159.5533,0.1,11661.5878,00000000-0000-0000-0000-000000000000,2026-09-03T11:32:30.473723
72005,687,2,12,887.6576,0,1775.3152,00000000-0000-0000-0000-000000000000,2026-09-03T11:32:30.473725
72005,688,3,9,2400.8454,0.05,6842.4094,00000000-0000-0000-0000-000000000000,2026-09-03T11:32:30.473728
72005,689,10,34,3184.5706,0.2,25476.5648,00000000-0000-0000-0000-000000000000,2026-09-03T11:32:30.473731
72006,690,3,53,3287.2734,0,9861.8202,00000000-0000-0000-0000-000000000000,2026-09-03T11:32:30.473734
72006,691,3,22,3114.3679,0.15,7941.6381,00000000-0000-0000-0000-000000000000,2026-09-03T11:32:30.473736
72006,692,9,45,1397.9439,0.05,11952.4203,00000000-0000-0000-0000-000000000000,2026-09-03T11:32:30.473739
72007,693,9,34,234.1068,0.1,1896.2651,00000000-0000-0000-0000-000000000000,2026-09-03T11:32:30.473742
72007,694,4,29,503.2899,0,2013.1596,00000000-0000-0000-0000-000000000000,2026-09-03T11:32:30.473744
72007,695,8,4,1845.25,0.1,13285.8,00000000-0000-0000-0000-000000000000,2026-09-03T11:32:30.473747
72007,696,5,5,1161.099,0.1,5224.9455,00000000-0000-0000-0000-000000000000,2026-09-03T11:32:30.473750
72008,697,2,47,1832.3263,0.05,3481.42,00000000-0000-0000-0000-000000000000,2026-09-03T11:32:30.473753
72008,698,5,37,707.7505,0.15,3007.9396,00000000-0000-0000-0000-000000000000,2026-09-03T11:32:30.473755
72008,699,5,30,2252.094,0.05,10697.4465,00000000-0000-0000-0000-000000000000,2026-09-03T11:32:30.473758
72008,700,10,35,2619.101,0.1,23571.909,00000000-0000-0000-0000-000000000000,2026-09-03T11:32:30.473760
72009,701,6,33,1376.0384,0.2,6604.9843,00000000-0000-0000-0000-000000000000,2026-09-03T11:32:30.473764
72009,702,10,18,1505.0509,0.05,14297.9835,00000000-0000-0000-0000-000000000000,2026-09-03T11:32:30.473766
72009,703,7,13,1990.1179,0.2,11144.6602,00000000-0000-0000-0000-000000000000,2026-09-03T11:32:30.473769
72010,704,10,29,852.6321,0,8526.321,00000000-0000-0000-0000-000000000000,2026-09-03T11:32:30.473772
72010,705,2,4,548.0369,0.05,1041.2701,00000000-0000-0000-0000-000000000000,2026-09-03T11:32:30.473775
72010,706,10,10,2939.5433,0,29395.433,00000000-0000-0000-0000-000000000000,2026-09-03T11:32:30.473777
72010,707,7,9,1465.9611,0.05,9748.6413,00000000-0000-0000-0000-000000000000,2026-09-03T11:32:30.473780
72010,708,6,23,35.8575,0.05,204.3878,00000000-0000-0000-0000-000000000000,2026-09-03T11:32:30.473782
72011,709,9,27,2566.2676,0.15,19631.9471,00000000-0000-0000-0000-000000000000,2026-09-03T11:32:30.473786
72011,710,8,43,3329.2805,0,26634.244,00000000-0000-0000-0000-000000000000,2026-09-03T11:32:30.473788
72011,711,6,21,3244.4938,0.05,18493.6147,00000000-0000-0000-0000-000000000000,2026-09-03T11:32:30.473791
72012,712,2,12,3110.7515,0,6221.503,00000000-0000-0000-0000-000000000000,2026-09-03T11:32:30.473794
72012,713,5,1,899.1323,0.05,4270.8784,00000000-0000-0000-0000-000000000000,2026-09-03T11:32:30.473796
72012,714,9,29,33.9016,0.05,289.8587,00000000-0000-0000-0000-000000000000,2026-09-03T11:32:30.473799
72013,715,7,52,1828.3581,0.2,10238.8054,00000000-0000-0000-0000-000000000000,2026-09-03T11:32:30.473802
72013,716,5,44,1863.0312,0,9315.156,00000000-0000-0000-0000-000000000000,2026-09-03T11:32:30.473804
72013,717,7,25,210.6395,0,1474.4765,00000000-0000-0000-0000-000000000000,2026-09-03T11:32:30.473807
72014,718,3,12,901.1854,0,2703.5562,00000000-0000-0000-0000-000000000000,2026-09-03T11:32:30.473810
72014,719,5,17,3122.2917,0.2,12489.1668,00000000-0000-0000-0000-000000000000,2026-09-03T11:32:30.473812
72014,720,10,40,249.8017,0.1,2248.2153,00000000-0000-0000-0000-000000000000,2026-09-03T11:32:30.473815
72015,721,3,52,3266.0073,0,9798.0219,00000000-0000-0000-0000-000000000000,2026-09-03T11:32:30.473818
72015,722,4,34,2969.625,0,11878.5,00000000-0000-0000-0000-000000000000,2026-09-03T11:32:30.473821
72015,723,7,2,1428.8103,0.1,9001.5049,00000000-0000-0000-0000-000000000000,2026-09-03T11:32:30.473823
72015,724,6,53,1798.8298,0,10792.9788,00000000-0000-0000-0000-000000000000,2026-09-03T11:32:30.473826
72016,725,2,29,3036.7478,0.15,5162.4713,00000000-0000-0000-0000-000000000000,2026-09-03T11:32:30.473829
72016,726,7,13,79.3807,0,555.6649,00000000-0000-0000-0000-000000000000,2026-09-03T11:32:30.473831
72016,727,5,52,169.0807,0.1,760.8632,00000000-0000-0000-0000-000000000000,2026-09-03T11:32:30.473834
72016,728,4,33,3278.7682,0,13115.0728,00000000-0000-0000-0000-000000000000,2026-09-03T11:32:30.473836
72017,729,6,47,222.0633,0,1332.3798,00000000-0000-0000-0000-000000000000,2026-09-03T11:32:30.473839
72017,730,9,15,179.3046,0.1,1452.3673,00000000-0000-0000-0000-000000000000,2026-09-03T11:32:30.473842
72017,731,5,48,116.0848,0.1,522.3816,00000000-0000-0000-0000-000000000000,2026-09-03T11:32:30.473845
72017,732,10,1,251.3793,0,2513.793,00000000-0000-0000-0000-000000000000,2026-09-03T11:32:30.473847
72018,733,2,53,2697.8514,0.15,4586.3474,00000000-0000-0000-0000-000000000000,2026-09-03T11:32:30.473850
72018,734,8,53,2129.833,0.1,15334.7976,00000000-0000-0000-0000-000000000000,2026-09-03T11:32:30.473853
72018,735,3,54,3134.6803,0.05,8933.8389,00000000-0000-0000-0000-000000000000,2026-09-03T11:32:30.473855
72018,736,9,18,961.8486,0,8656.6374,00000000-0000-0000-0000-000000000000,2026-09-03T11:32:30.473858
72018,737,7,40,392.2104,0,2745.4728,00000000-0000-0000-0000-000000000000,2026-09-03T11:32:30.473860
72019,738,6,3,1847.9274,0,11087.5644,00000000-0000-0000-0000-000000000000,2026-09-03T11:32:30.473863
72019,739,7,49,1629.495,0,11406.465,00000000-0000-0000-0000-000000000000,2026-09-03T11:32:30.473866
72019,740,9,1,2422.6426,0,21803.7834,00000000-0000-0000-0000-000000000000,2026-09-03T11:32:30.473868
72020,741,4,37,1133.3196,0.15,3853.2866,00000000-0000-0000-0000-000000000000,2026-09-03T11:32:30.473871
72020,742,6,38,886.7396,0,5320.4376,00000000-0000-0000-0000-000000000000,2026-09-03T11:32:30.473874
72020,743,9,3,2901.0707,0.2,20887.709,00000000-0000-0000-0000-000000000000,2026-09-03T11:32:30.473876
72020,744,1,11,499.8418,0.05,474.8497,00000000-0000-0000-0000-000000000000,2026-09-03T11:32:30.473879
72020,745,5,10,2513.1224,0,12565.612,00000000-0000-0000-0000-000000000000,2026-09-03T11:32:30.473882
72021,746,6,34,2806.9934,0,16841.9604,00000000-0000-0000-0000-000000000000,2026-09-03T11:32:30.473885
72022,747,6,34,3412.6007,0,20475.6042,00000000-0000-0000-0000-000000000000,2026-09-03T11:32:30.473888
72022,748,1,30,988.4797,0.2,790.7838,00000000-0000-0000-0000-000000000000,2026-09-03T11:32:30.473891
72022,749,3,3,677.3222,0,2031.9666,00000000-0000-0000-0000-000000000000,2026-09-03T11:32:30.473893
72022,750,8,43,803.4783,0.1,5785.0438,00000000-0000-0000-0000-000000000000,2026-09-03T11:32:30.473896
72022,751,9,28,1614.8288,0,14533.4592,00000000-0000-0000-0000-000000000000,2026-09-03T11:32:30.473898
72023,752,2,43,1275.3839,0,2550.7678,00000000-0000-0000-0000-000000000000,2026-09-03T11:32:30.473902
72023,753,7,48,1087.5814,0.1,6851.7628,00000000-0000-0000-0000-000000000000,2026-09-03T11:32:30.473904
72023,754,9,47,942.8938,0.15,7213.1376,00000000-0000-0000-0000-000000000000,2026-09-03T11:32:30.473907
72023,755,9,34,564.7945,0,5083.1505,00000000-0000-0000-0000-000000000000,2026-09-03T11:32:30.473909
72024,756,9,26,2938.4557,0,26446.1013,00000000-0000-0000-0000-000000000000,2026-09-03T11:32:30.473912
72024,757,5,7,2440.1965,0.2,9760.786,00000000-0000-0000-0000-000000000000,2026-09-03T11:32:30.473915
72025,758,4,11,1476.7934,0,5907.1736,00000000-0000-0000-0000-000000000000,2026-09-03T11:32:30.473918
72025,759,1,48,3399.0484,0.05,3229.096,00000000-0000-0000-0000-000000000000,2026-09-03T11:32:30.473921
72025,760,9,25,2253.4594,0.15,17238.9644,00000000-0000-0000-0000-000000000000,2026-09-03T11:32:30.473924
72025,761,5,11,2510.346,0.2,10041.384,00000000-0000-0000-0000-000000000000,2026-09-03T11:32:30.473927
72025,762,8,19,1612.7707,0.2,10321.7325,00000000-0000-0000-0000-000000000000,2026-09-03T11:32:30.473930
72026,763,8,13,742.1565,0.2,4749.8016,00000000-0000-0000-0000-000000000000,2026-09-03T11:32:30.473933
72026,764,7,12,2452.2805,0.05,16307.6653,00000000-0000-0000-0000-000000000000,2026-09-03T11:32:30.473936
72026,765,2,24,2953.5511,0,5907.1022,00000000-0000-0000-0000-000000000000,2026-09-03T11:32:30.473938
72026,766,9,52,332.0318,0.2,2390.629,00000000-0000-0000-0000-000000000000,2026-09-03T11:32:30.473941
72026,767,9,33,2677.6033,0.05,22893.5082,00000000-0000-0000-0000-000000000000,2026-09-03T11:32:30.473944
72027,768,7,53,1039.2047,0,7274.4329,00000000-0000-0000-0000-000000000000,2026-09-03T11:32:30.473946
72027,769,10,20,1272.7302,0,12727.302,00000000-0000-0000-0000-000000000000,2026-09-03T11:32:30.473949
72028,770,1,27,2183.7728,0.1,1965.3955,00000000-0000-0000-0000-000000000000,2026-09-03T11:32:30.473952
72028,771,3,30,3248.2002,0,9744.6006,00000000-0000-0000-0000-000000000000,2026-09-03T11:32:30.473954
72028,772,8,8,2540.0152,0,20320.1216,00000000-0000-0000-0000-000000000000,2026-09-03T11:32:30.473957
72028,773,10,2,1581.5818,0.1,14234.2362,00000000-0000-0000-0000-000000000000,2026-09-03T11:32:30.473960
72029,774,8,44,3094.8231,0,24758.5848,00000000-0000-0000-0000-000000000000,2026-09-03T11:32:30.473963
72029,775,1,46,2898.0606,0,2898.0606,00000000-0000-0000-0000-000000000000,2026-09-03T11:32:30.473966
72030,776,9,41,1114.0908,0,10026.8172,00000000-0000-0000-0000-000000000000,2026-09-03T11:32:30.473969
72030,777,9,18,2235.7903,0,20122.1127,00000000-0000-0000-0000-000000000000,2026-09-03T11:32:30.473971
72030,778,10,21,2836.6201,0.05,26947.891,00000000-0000-0000-0000-000000000000,2026-09-03T11:32:30.473974
72030,779,8,27,2464.4016,0,19715.2128,00000000-0000-0000-0000-000000000000,2026-09-03T11:32:30.473976
72031,780,10,34,1105.7211,0,11057.211,00000000-0000-0000-0000-000000000000,2026-09-03T11:32:30.473980
72031,781,9,35,280.1048,0.2,2016.7546,00000000-0000-0000-0000-000000000000,2026-09-03T11:32:30.473982
72031,782,8,48,2188.8602,0,17510.8816,00000000-0000-0000-0000-000000000000,2026-09-03T11:32:30.473985
72031,783,2,23,743.357,0.1,1338.0426,00000000-0000-0000-0000-000000000000,2026-09-03T11:32:30.473987
72032,784,10,4,236.1589,0.05,2243.5095,00000000-0000-0000-0000-000000000000,2026-09-03T11:32:30.473991
72032,785,6,33,1956.814,0,11740.884,00000000-0000-0000-0000-000000000000,2026-09-03T11:32:30.473994
72032,786,7,11,3456.6061,0.2,19356.9942,00000000-0000-0000-0000-000000000000,2026-09-03T11:32:30.473996
72032,787,4,33,1423.4048,0.1,5124.2573,00000000-0000-0000-0000-000000000000,2026-09-03T11:32:30.473999
72032,788,8,27,929.8752,0.1,6695.1014,00000000-0000-0000-0000-000000000000,2026-09-03T11:32:30.474001
72033,789,3,2,1842.6815,0.2,4422.4356,00000000-0000-0000-0000-000000000000,2026-09-03T11:32:30.474005
72033,790,2,10,2401.515,0.05,4562.8785,00000000-0000-0000-0000-000000000000,2026-09-03T11:32:30.474008
72034,791,2,12,2081.9356,0.15,3539.2905,00000000-0000-0000-0000-000000000000,2026-09-03T11:32:30.474011
72034,792,10,2,409.6619,0.15,3482.1261,00000000-0000-0000-0000-000000000000,2026-09-03T11:32:30.474013
72035,793,9,7,2586.4148,0.1,20949.9599,00000000-0000-0000-0000-000000000000,2026-09-03T11:32:30.474017
72035,794,9,34,549.8552,0.1,4453.8271,00000000-0000-0000-0000-000000000000,2026-09-03T11:32:30.474019
72035,795,2,33,2256.0782,0.2,3609.7251,00000000-0000-0000-0000-000000000000,2026-09-03T11:32:30.474022
72036,796,8,1,2856.0229,0,22848.1832,00000000-0000-0000-0000-000000000000,2026-09-03T11:32:30.474025
72036,797,10,3,3204.7752,0.05,30445.3644,00000000-0000-0000-0000-000000000000,2026-09-03T11:32:30.474028
72037,798,3,15,174.2929,0.1,470.5908,00000000-0000-0000-0000-000000000000,2026-09-03T11:32:30.474032
72038,799,9,10,2729.8818,0.1,22112.0426,00000000-0000-0000-0000-000000000000,2026-09-03T11:32:30.474035
72038,800,4,15,1362.8016,0.1,4906.0858,00000000-0000-0000-0000-000000000000,2026-09-03T11:32:30.474037
72038,801,9,43,969.4043,0.15,7415.9429,00000000-0000-0000-0000-000000000000,2026-09-03T11:32:30.474040
72038,802,5,39,3254.6423,0.05,15459.5509,00000000-0000-0000-0000-000000000000,2026-09-03T11:32:30.474043
72039,803,6,3,3225.4076,0,19352.4456,00000000-0000-0000-0000-000000000000,2026-09-03T11:32:30.474045
72039,804,8,33,1478.3237,0,11826.5896,00000000-0000-0000-0000-000000000000,2026-09-03T11:32:30.474048
72039,805,9,51,2153.5002,0.2,15505.2014,00000000-0000-0000-0000-000000000000,2026-09-03T11:32:30.474050
72039,806,4,22,2556.324,0,10225.296,00000000-0000-0000-0000-000000000000,2026-09-03T11:32:30.474053
72040,807,8,29,2419.9043,0,19359.2344,00000000-0000-0000-0000-000000000000,2026-09-03T11:32:30.474056
72040,808,3,54,834.0785,0,2502.2355,00000000-0000-0000-0000-000000000000,2026-09-03T11:32:30.474058
72040,809,2,21,2820.8186,0,5641.6372,00000000-0000-0000-0000-000000000000,2026-09-03T11:32:30.474061
72041,810,6,29,1197.52,0,7185.12,00000000-0000-0000-0000-000000000000,2026-09-03T11:32:30.474064
72041,811,6,9,2369.6558,0,14217.9348,00000000-0000-0000-0000-000000000000,2026-09-03T11:32:30.474066
72041,812,8,40,2256.539,0.1,16247.0808,00000000-0000-0000-0000-000000000000,2026-09-03T11:32:30.474069
72042,813,4,34,2367.5015,0.15,8049.5051,00000000-0000-0000-0000-000000000000,2026-09-03T11:32:30.474072
72042,814,5,17,965.7311,0.2,3862.9244,00000000-0000-0000-0000-000000000000,2026-09-03T11:32:30.474074
72042,815,9,35,166.0466,0,1494.4194,00000000-0000-0000-0000-000000000000,2026-09-03T11:32:30.474077
72042,816,5,5,740.2357,0,3701.1785,00000000-0000-0000-0000-000000000000,2026-09-03T11:32:30.474079
72042,817,1,42,1086.905,0.05,1032.5597,00000000-0000-0000-0000-000000000000,2026-09-03T11:32:30.474082
72043,818,6,4,2636.3742,0,15818.2452,00000000-0000-0000-0000-000000000000,2026-09-03T11:32:30.474085
72044,819,2,21,1408.0813,0.05,2675.3545,00000000-0000-0000-0000-000000000000,2026-09-03T11:32:30.474089
72044,820,9,39,2200.9704,0.05,18818.2969,00000000-0000-0000-0000-000000000000,2026-09-03T11:32:30.474091
72045,821,8,29,2605.3545,0.1,18758.5524,00000000-0000-0000-0000-000000000000,2026-09-03T11:32:30.474094
72046,822,3,15,1567.9663,0,4703.8989,00000000-0000-0000-0000-000000000000,2026-09-03T11:32:30.474097
72046,823,5,23,2239.4454,0,11197.227,00000000-0000-0000-0000-000000000000,2026-09-03T11:32:30.474100
72046,824,5,27,1497.9674,0,7489.837,00000000-0000-0000-0000-000000000000,2026-09-03T11:32:30.474103
72046,825,5,2,3417.3802,0.1,15378.2109,00000000-0000-0000-0000-000000000000,2026-09-03T11:32:30.474106
72046,826,7,47,3203.2782,0,22422.9474,00000000-0000-0000-0000-000000000000,2026-09-03T11:32:30.474109
72047,827,1,5,3338.6882,0.2,2670.9506,00000000-0000-0000-0000-000000000000,2026-09-03T11:32:30.474112
72047,828,10,21,1517.7024,0,15177.024,00000000-0000-0000-0000-000000000000,2026-09-03T11:32:30.474115
72047,829,8,33,1684.3828,0.2,10780.0499,00000000-0000-0000-0000-000000000000,2026-09-03T11:32:30.474117
72047,830,2,23,2320.049,0.2,3712.0784,00000000-0000-0000-0000-000000000000,2026-09-03T11:32:30.474120
72048,831,8,46,3307.7125,0,26461.7,00000000-0000-0000-0000-000000000000,2026-09-03T11:32:30.474123
72048,832,3,43,3210.3178,0.1,8667.8581,00000000-0000-0000-0000-000000000000,2026-09-03T11:32:30.474125
72048,833,9,26,1542.746,0,13884.714,00000000-0000-0000-0000-000000000000,2026-09-03T11:32:30.474128
72048,834,4,46,3366.4444,0.2,10772.6221,00000000-0000-0000-0000-000000000000,2026-09-03T11:32:30.474130
72048,835,2,22,141.7331,0.1,255.1196,00000000-0000-0000-0000-000000000000,2026-09-03T11:32:30.474133
72049,836,5,42,1295.3278,0.15,5505.1431,00000000-0000-0000-0000-000000000000,2026-09-03T11:32:30.474136
72049,837,4,15,581.2342,0.2,1859.9494,00000000-0000-0000-0000-000000000000,2026-09-03T11:32:30.474139
72049,838,7,48,620.9257,0,4346.4799,00000000-0000-0000-0000-000000000000,2026-09-03T11:32:30.474141
72049,839,6,41,1311.2405,0.1,7080.6987,00000000-0000-0000-0000-000000000000,2026-09-03T11:32:30.474144
72049,840,4,38,2588.6429,0.1,9319.1144,00000000-0000-0000-0000-000000000000,2026-09-03T11:32:30.474146
72050,841,8,14,2791.8684,0,22334.9472,00000000-0000-0000-0000-000000000000,2026-09-03T11:32:30.474149
72050,842,7,31,1056.62,0.2,5917.072,00000000-0000-0000-0000-000000000000,2026-09-03T11:32:30.474152
72050,843,3,47,2484.4763,0.05,7080.7575,00000000-0000-0000-0000-000000000000,2026-09-03T11:32:30.474155
72050,844,10,23,436.9377,0.15,3713.9705,00000000-0000-0000-0000-000000000000,2026-09-03T11:32:30.474158
72051,845,8,18,999.1897,0,7993.5176,00000000-0000-0000-0000-000000000000,2026-09-03T11:32:30.474161
72051,846,2,28,2595.1256,0.1,4671.2261,00000000-0000-0000-0000-000000000000,2026-09-03T11:32:30.474164
72051,847,6,1,232.1107,0,1392.6642,00000000-0000-0000-0000-000000000000,2026-09-03T11:32:30.474166
72051,848,2,33,3319.583,0,6639.166,00000000-0000-0000-0000-000000000000,2026-09-03T11:32:30.474169
72051,849,10,36,2328.7713,0.05,22123.3273,00000000-0000-0000-0000-000000000000,2026-09-03T11:32:30.474172
72052,850,2,15,2262.9012,0,4525.8024,00000000-0000-0000-0000-000000000000,2026-09-03T11:32:30.474175
72053,851,8,25,2933.8422,0.15,19950.127,00000000-0000-0000-0000-000000000000,2026-09-03T11:32:30.474178
72053,852,10,17,2449.6862,0,24496.862,00000000-0000-0000-0000-000000000000,2026-09-03T11:32:30.474181
72053,853,8,52,2862.3715,0,22898.972,00000000-0000-0000-0000-000000000000,2026-09-03T11:32:30.474183
72054,854,3,38,1014.4274,0.15,2586.7899,00000000-0000-0000-0000-000000000000,2026-09-03T11:32:30.474187
72054,855,3,35,2838.1735,0.2,6811.6164,00000000-0000-0000-0000-000000000000,2026-09-03T11:32:30.474190
72054,856,4,13,1423.6876,0.15,4840.5378,00000000-0000-0000-0000-000000000000,2026-09-03T11:32:30.474193
72054,857,3,28,2699.5704,0,8098.7112,00000000-0000-0000-0000-000000000000,2026-09-03T11:32:30.474195
72055,858,1,37,3392.663,0.15,2883.7636,00000000-0000-0000-0000-000000000000,2026-09-03T11:32:30.474199
72055,859,7,46,2543.7714,0.1,16025.7598,00000000-0000-0000-0000-000000000000,2026-09-03T11:32:30.474201
72055,860,9,13,2868.9035,0,25820.1315,00000000-0000-0000-0000-000000000000,2026-09-03T11:32:30.474204
72056,861,2,39,1326.1194,0.05,2519.6269,00000000-0000-0000-0000-000000000000,2026-09-03T11:32:30.474207
72056,862,7,28,2614.4296,0.05,17385.9568,00000000-0000-0000-0000-000000000000,2026-09-03T11:32:30.474210
72056,863,3,21,3334.3873,0,10003.1619,00000000-0000-0000-0000-000000000000,2026-09-03T11:32:30.474213
72056,864,5,12,2615.6532,0,13078.266,00000000-0000-0000-0000-000000000000,2026-09-03T11:32:30.474215
72057,865,3,9,479.1512,0.2,1149.9629,00000000-0000-0000-0000-000000000000,2026-09-03T11:32:30.474218
72058,866,9,3,947.6404,0.1,7675.8872,00000000-0000-0000-0000-000000000000,2026-09-03T11:32:30.474221
72058,867,8,28,262.5731,0,2100.5848,00000000-0000-0000-0000-000000000000,2026-09-03T11:32:30.474224
72059,868,8,23,780.2682,0.05,5930.0383,00000000-0000-0000-0000-000000000000,2026-09-03T11:32:30.474227
72059,869,2,31,2164.0174,0,4328.0348,00000000-0000-0000-0000-000000000000,2026-09-03T11:32:30.474229
72059,870,2,21,3026.2126,0.1,5447.1827,00000000-0000-0000-0000-000000000000,2026-09-03T11:32:30.474232
72059,871,5,53,532.5226,0,2662.613,00000000-0000-0000-0000-000000000000,2026-09-03T11:32:30.474235
72059,872,5,2,1418.5828,0,7092.914,00000000-0000-0000-0000-000000000000,2026-09-03T11:32:30.474238
72060,873,6,5,583.074,0,3498.444,00000000-0000-0000-0000-000000000000,2026-09-03T11:32:30.474241
72060,874,7,24,1608.145,0.2,9005.612,00000000-0000-0000-0000-000000000000,2026-09-03T11:32:30.474243
72060,875,3,52,1525.6407,0,4576.9221,00000000-0000-0000-0000-000000000000,2026-09-03T11:32:30.474246
72060,876,2,36,1325.3605,0,2650.721,00000000-0000-0000-0000-000000000000,2026-09-03T11:32:30.474248
72060,877,3,25,1349.2181,0.05,3845.2716,00000000-0000-0000-0000-000000000000,2026-09-03T11:32:30.474251
72061,878,6,48,242.0305,0.1,1306.9647,00000000-0000-0000-0000-000000000000,2026-09-03T11:32:30.474255
72061,879,10,41,3167.0397,0.05,30086.8771,00000000-0000-0000-0000-000000000000,2026-09-03T11:32:30.474257
72062,880,3,41,1252.4924,0.2,3005.9818,00000000-0000-0000-0000-000000000000,2026-09-03T11:32:30.474260
72062,881,8,25,647.6499,0.15,4404.0193,00000000-0000-0000-0000-000000000000,2026-09-03T11:32:30.474263
72062,882,2,20,2979.3194,0,5958.6388,00000000-0000-0000-0000-000000000000,2026-09-03T11:32:30.474265
72063,883,9,21,166.9844,0,1502.8596,00000000-0000-0000-0000-000000000000,2026-09-03T11:32:30.474269
72063,884,6,22,18.6557,0,111.9342,00000000-0000-0000-0000-000000000000,2026-09-03T11:32:30.474271
72063,885,4,54,231.7751,0.15,788.0353,00000000-0000-0000-0000-000000000000,2026-09-03T11:32:30.474274
72063,886,5,44,3279.4011,0,16397.0055,00000000-0000-0000-0000-000000000000,2026-09-03T11:32:30.474276
72063,887,7,31,902.8048,0.1,5687.6702,00000000-0000-0000-0000-000000000000,2026-09-03T11:32:30.474279
72064,888,4,37,640.1821,0.1,2304.6556,00000000-0000-0000-0000-000000000000,2026-09-03T11:32:30.474282
72064,889,4,15,12.7697,0.05,48.5249,00000000-0000-0000-0000-000000000000,2026-09-03T11:32:30.474284
72065,890,5,25,891.8914,0,4459.457,00000000-0000-0000-0000-000000000000,2026-09-03T11:32:30.474287
72066,891,5,38,1314.5319,0.05,6244.0265,00000000-0000-0000-0000-000000000000,2026-09-03T11:32:30.474291
72067,892,2,17,529.371,0,1058.742,00000000-0000-0000-0000-000000000000,2026-09-03T11:32:30.474294
72067,893,8,34,2441.4212,0.1,17578.2326,00000000-0000-0000-0000-000000000000,2026-09-03T11:32:30.474297
72068,894,6,14,1638.2829,0.2,7863.7579,00000000-0000-0000-0000-000000000000,2026-09-03T11:32:30.474300
72068,895,1,19,231.7115,0.2,185.3692,00000000-0000-0000-0000-000000000000,2026-09-03T11:32:30.474302
72068,896,5,16,58.7344,0,293.672,00000000-0000-0000-0000-000000000000,2026-09-03T11:32:30.474305
72068,897,7,28,1548.4348,0.15,9213.1871,00000000-0000-0000-0000-000000000000,2026-09-03T11:32:30.474307
72068,898,1,45,340.7074,0,340.7074,00000000-0000-0000-0000-000000000000,2026-09-03T11:32:30.474310
72069,899,1,4,2817.3252,0.1,2535.5927,00000000-0000-0000-0000-000000000000,2026-09-03T11:32:30.474313
72069,900,9,31,358.6694,0.15,2743.8209,00000000-0000-0000-0000-000000000000,2026-09-03T11:32:30.474316
72069,901,5,14,3377.9519,0,16889.7595,00000000-0000-0000-0000-000000000000,2026-09-03T11:32:30.474318
72069,902,2,5,2042.2169,0,4084.4338,00000000-0000-0000-0000-000000000000,2026-09-03T11:32:30.474321
72069,903,8,35,883.0955,0.05,6711.5258,00000000-0000-0000-0000-000000000000,2026-09-03T11:32:30.474323
72070,904,1,32,606.1976,0,606.1976,00000000-0000-0000-0000-000000000000,2026-09-03T11:32:30.474326
72070,905,9,30,2796.527,0,25168.743,00000000-0000-0000-0000-000000000000,2026-09-03T11:32:30.474329
72070,906,7,41,349.6391,0.1,2202.7263,00000000-0000-0000-0000-000000000000,2026-09-03T11:32:30.474331
72070,907,5,9,1840.5242,0.05,8742.49,00000000-0000-0000-0000-000000000000,2026-09-03T11:32:30.474334
72071,908,1,27,2665.8415,0.2,2132.6732,00000000-0000-0000-0000-000000000000,2026-09-03T11:32:30.474337
72071,909,1,10,2251.6787,0.15,1913.9269,00000000-0000-0000-0000-000000000000,2026-09-03T11:32:30.474340
72071,910,10,43,3024.3997,0.2,24195.1976,00000000-0000-0000-0000-000000000000,2026-09-03T11:32:30.474342
72072,911,2,24,862.925,0.2,1380.68,00000000-0000-0000-0000-000000000000,2026-09-03T11:32:30.474345
72072,912,4,1,3297.8093,0,13191.2372,00000000-0000-0000-0000-000000000000,2026-09-03T11:32:30.474348
72073,913,4,4,126.0089,0,504.0356,00000000-0000-0000-0000-000000000000,2026-09-03T11:32:30.474351
72073,914,7,22,655.718,0.1,4131.0234,00000000-0000-0000-0000-000000000000,2026-09-03T11:32:30.474353
72073,915,6,45,3419.0557,0.15,17437.1841,00000000-0000-0000-0000-000000000000,2026-09-03T11:32:30.474356
72073,916,3,11,75.8454,0,227.5362,00000000-0000-0000-0000-000000000000,2026-09-03T11:32:30.474359
72074,917,5,51,2595.7425,0,12978.7125,00000000-0000-0000-0000-000000000000,2026-09-03T11:32:30.474361
72074,918,7,31,545.3749,0.05,3626.7431,00000000-0000-0000-0000-000000000000,2026-09-03T11:32:30.474364
72074,919,2,17,137.972,0,275.944,00000000-0000-0000-0000-000000000000,2026-09-03T11:32:30.474366
72075,920,3,2,2587.4883,0.1,6986.2184,00000000-0000-0000-0000-000000000000,2026-09-03T11:32:30.474369
72075,921,7,28,343.1152,0.2,1921.4451,00000000-0000-0000-0000-000000000000,2026-09-03T11:32:30.474372
72075,922,9,10,3125.9992,0,28133.9928,00000000-0000-0000-0000-000000000000,2026-09-03T11:32:30.474374
72076,923,5,3,483.5352,0,2417.676,00000000-0000-0000-0000-000000000000,2026-09-03T11:32:30.474377
72076,924,4,38,119.96,0,479.84,00000000-0000-0000-0000-000000000000,2026-09-03T11:32:30.474380
72077,925,1,24,652.8204,0,652.8204,00000000-0000-0000-0000-000000000000,2026-09-03T11:32:30.474383
72077,926,1,7,1328.4547,0.15,1129.1865,00000000-0000-0000-0000-000000000000,2026-09-03T11:32:30.474385
72078,927,2,8,2653.7041,0.2,4245.9266,00000000-0000-0000-0000-000000000000,2026-09-03T11:32:30.474389
72078,928,9,20,2655.9947,0,23903.9523,00000000-0000-0000-0000-000000000000,2026-09-03T11:32:30.474408
72078,929,2,13,739.6749,0.1,1331.4148,00000000-0000-0000-0000-000000000000,2026-09-03T11:32:30.474411
72078,930,6,12,805.109,0,4830.654,00000000-0000-0000-0000-000000000000,2026-09-03T11:32:30.474414
72078,931,4,11,1814.4108,0,7257.6432,00000000-0000-0000-0000-000000000000,2026-09-03T11:32:30.474417
72079,932,6,54,2567.9516,0,15407.7096,00000000-0000-0000-0000-000000000000,2026-09-03T11:32:30.474420
72079,933,5,22,3011.1152,0.15,12797.2396,00000000-0000-0000-0000-000000000000,2026-09-03T11:32:30.474422
72080,934,9,26,765.8584,0,6892.7256,00000000-0000-0000-0000-000000000000,2026-09-03T11:32:30.474425
72080,935,5,40,1051.4196,0.2,4205.6784,00000000-0000-0000-0000-000000000000,2026-09-03T11:32:30.474428
72081,936,3,17,1504.4068,0,4513.2204,00000000-0000-0000-0000-000000000000,2026-09-03T11:32:30.474431
72081,937,7,13,2046.9379,0.05,13612.137,00000000-0000-0000-0000-000000000000,2026-09-03T11:32:30.474433
72081,938,1,47,944.0032,0.15,802.4027,00000000-0000-0000-0000-000000000000,2026-09-03T11:32:30.474436
72081,939,4,28,2837.737,0,11350.948,00000000-0000-0000-0000-000000000000,2026-09-03T11:32:30.474438
72082,940,4,18,2231.9343,0.05,8481.3503,00000000-0000-0000-0000-000000000000,2026-09-03T11:32:30.474441
72082,941,6,12,2319.9298,0.1,12527.6209,00000000-0000-0000-0000-000000000000,2026-09-03T11:32:30.474444
72082,942,4,23,2180.1883,0.2,6976.6026,00000000-0000-0000-0000-000000000000,2026-09-03T11:32:30.474447
72082,943,2,22,1422.6328,0.2,2276.2125,00000000-0000-0000-0000-000000000000,2026-09-03T11:32:30.474449
72083,944,6,53,3490.5031,0.05,19895.8677,00000000-0000-0000-0000-000000000000,2026-09-03T11:32:30.474473
72083,945,2,18,1170.4795,0.2,1872.7672,00000000-0000-0000-0000-000000000000,2026-09-03T11:32:30.474484
72084,946,3,24,2676.4668,0.05,7627.9304,00000000-0000-0000-0000-000000000000,2026-09-03T11:32:30.474496
72084,947,9,4,2758.4944,0.2,19861.1597,00000000-0000-0000-0000-000000000000,2026-09-03T11:32:30.474506
72084,948,7,20,2172.3639,0.05,14446.2199,00000000-0000-0000-0000-000000000000,2026-09-03T11:32:30.474513
72084,949,6,15,377.2401,0.05,2150.2686,00000000-0000-0000-0000-000000000000,2026-09-03T11:32:30.474522
72085,950,6,11,1421.076,0.1,7673.8104,00000000-0000-0000-0000-000000000000,2026-09-03T11:32:30.474532
72085,951,5,49,1017.0171,0.05,4830.8312,00000000-0000-0000-0000-000000000000,2026-09-03T11:32:30.474540
72086,952,4,22,1525.7148,0,6102.8592,00000000-0000-0000-0000-000000000000,2026-09-03T11:32:30.474551
72086,953,7,9,737.2404,0.1,4644.6145,00000000-0000-0000-0000-000000000000,2026-09-03T11:32:30.474559
72086,954,10,36,2668.9937,0.2,21351.9496,00000000-0000-0000-0000-000000000000,2026-09-03T11:32:30.474587
72086,955,4,10,3109.9103,0.15,10573.695,00000000-0000-0000-0000-000000000000,2026-09-03T11:32:30.474590
72087,956,7,32,716.8924,0.15,4265.5098,00000000-0000-0000-0000-000000000000,2026-09-03T11:32:30.474594
72087,957,5,7,3233.9885,0,16169.9425,00000000-0000-0000-0000-000000000000,2026-09-03T11:32:30.474621
72087,958,3,42,1192.2541,0,3576.7623,00000000-0000-0000-0000-000000000000,2026-09-03T11:32:30.474625
72088,959,7,13,3023.3054,0.15,17988.6671,00000000-0000-0000-0000-000000000000,2026-09-03T11:32:30.474628
72088,960,4,21,2609.8639,0.1,9395.51,00000000-0000-0000-0000-000000000000,2026-09-03T11:32:30.474631
72088,961,5,27,957.3725,0.15,4068.8331,00000000-0000-0000-0000-000000000000,2026-09-03T11:32:30.474640
72088,962,7,16,1924.3654,0.1,12123.502,00000000-0000-0000-0000-000000000000,2026-09-03T11:32:30.474643
72089,963,2,26,101.2084,0.2,161.9334,00000000-0000-0000-0000-000000000000,2026-09-03T11:32:30.474646
72089,964,5,37,2560.2444,0,12801.222,00000000-0000-0000-0000-000000000000,2026-09-03T11:32:30.474648
72089,965,4,40,1651.6573,0.15,5615.6348,00000000-0000-0000-0000-000000000000,2026-09-03T11:32:30.474651
72089,966,9,51,2133.3806,0.2,15360.3403,00000000-0000-0000-0000-000000000000,2026-09-03T11:32:30.474654
72089,967,2,23,2303.8828,0.05,4377.3773,00000000-0000-0000-0000-000000000000,2026-09-03T11:32:30.474656
72090,968,2,7,2361.5998,0.1,4250.8796,00000000-0000-0000-0000-000000000000,2026-09-03T11:32:30.474659
72090,969,9,42,1383.8435,0.2,9963.6732,00000000-0000-0000-0000-000000000000,2026-09-03T11:32:30.474662
72091,970,1,16,2434.2873,0,2434.2873,00000000-0000-0000-0000-000000000000,2026-09-03T11:32:30.474665
72091,971,4,31,90.6938,0.2,290.2202,00000000-0000-0000-0000-000000000000,2026-09-03T11:32:30.474668
72092,972,3,50,1334.5932,0.05,3803.5906,00000000-0000-0000-0000-000000000000,2026-09-03T11:32:30.474671
72092,973,2,18,2907.0408,0,5814.0816,00000000-0000-0000-0000-000000000000,2026-09-03T11:32:30.474673
72093,974,8,36,2151.2706,0.2,13768.1318,00000000-0000-0000-0000-000000000000,2026-09-03T11:32:30.474687
72093,975,9,9,3164.3875,0,28479.4875,00000000-0000-0000-0000-000000000000,2026-09-03T11:32:30.474711
72093,976,10,14,1359.2252,0,13592.252,00000000-0000-0000-0000-000000000000,2026-09-03T11:32:30.474714
72093,977,5,26,421.208,0,2106.04,00000000-0000-0000-0000-000000000000,2026-09-03T11:32:30.474716
72093,978,5,51,2745.3027,0.1,12353.8622,00000000-0000-0000-0000-000000000000,2026-09-03T11:32:30.474720
72094,979,5,54,1395.0434,0,6975.217,00000000-0000-0000-0000-000000000000,2026-09-03T11:32:30.474724
72094,980,3,25,513.0829,0.1,1385.3238,00000000-0000-0000-0000-000000000000,2026-09-03T11:32:30.474726
72094,981,6,49,2950.1434,0,17700.8604,00000000-0000-0000-0000-000000000000,2026-09-03T11:32:30.474729
72094,982,4,39,1425.0536,0.2,4560.1715,00000000-0000-0000-0000-000000000000,2026-09-03T11:32:30.474732
72095,983,10,52,1615.4331,0.15,13731.1813,00000000-0000-0000-0000-000000000000,2026-09-03T11:32:30.474742
72096,984,1,14,2210.826,0,2210.826,00000000-0000-0000-0000-000000000000,2026-09-03T11:32:30.474745
72096,985,5,33,1389.9865,0.1,6254.9393,00000000-0000-0000-0000-000000000000,2026-09-03T11:32:30.474748
72096,986,2,12,2964.2172,0,5928.4344,00000000-0000-0000-0000-000000000000,2026-09-03T11:32:30.474800
72096,987,7,46,2250.6886,0.15,13391.5972,00000000-0000-0000-0000-000000000000,2026-09-03T11:32:30.474808
72096,988,2,40,1029.5394,0.05,1956.1249,00000000-0000-0000-0000-000000000000,2026-09-03T11:32:30.474811
72097,989,1,27,1585.7274,0.15,1347.8683,00000000-0000-0000-0000-000000000000,2026-09-03T11:32:30.474815
72097,990,4,14,2389.9289,0.1,8603.744,00000000-0000-0000-0000-000000000000,2026-09-03T11:32:30.474823
72097,991,2,3,1156.9416,0.1,2082.4949,00000000-0000-0000-0000-000000000000,2026-09-03T11:32:30.474827
72097,992,2,11,376.0286,0.05,714.4543,00000000-0000-0000-0000-000000000000,2026-09-03T11:32:30.474830
72098,993,1,8,2750.5827,0.1,2475.5244,00000000-0000-0000-0000-000000000000,2026-09-03T11:32:30.474833
72098,994,4,37,1410.7188,0.15,4796.4439,00000000-0000-0000-0000-000000000000,2026-09-03T11:32:30.474836
72098,995,10,3,2109.6955,0.15,17932.4117,00000000-0000-0000-0000-000000000000,2026-09-03T11:32:30.474839
72099,996,5,18,689.4591,0,3447.2955,00000000-0000-0000-0000-000000000000,2026-09-03T11:32:30.474842
72100,997,7,54,1672.0708,0.15,9948.8213,00000000-0000-0000-0000-000000000000,2026-09-03T11:32:30.474845
72100,998,4,44,1692.2888,0.2,5415.3242,00000000-0000-0000-0000-000000000000,2026-09-03T11:32:30.474848
72101,999,5,3,1871.8421,0,9359.2105,00000000-0000-0000-0000-000000000000,2026-09-03T11:32:30.474851
72101,1000,5,6,2891.0808,0.1,13009.8636,00000000-0000-0000-0000-000000000000,2026-09-03T11:32:30.474873
72101,1001,7,32,2552.0127,0,17864.0889,00000000-0000-0000-0000-000000000000,2026-09-03T11:32:30.474876
72102,1002,5,35,765.6203,0,3828.1015,00000000-0000-0000-0000-000000000000,2026-09-03T11:32:30.474879
72102,1003,1,19,328.0817,0.05,311.6776,00000000-0000-0000-0000-000000000000,2026-09-03T11:32:30.474882
72102,1004,10,43,2028.4133,0.15,17241.513,00000000-0000-0000-0000-000000000000,2026-09-03T11:32:30.474885
72102,1005,1,4,2305.3535,0.2,1844.2828,00000000-0000-0000-0000-000000000000,2026-09-03T11:32:30.474888
72102,1006,3,3,2970.9885,0.15,7576.0207,00000000-0000-0000-0000-000000000000,2026-09-03T11:32:30.474891
72103,1007,7,27,1858.4326,0.2,10407.2226,00000000-0000-0000-0000-000000000000,2026-09-03T11:32:30.474894
72103,1008,9,3,3241.1453,0.05,27711.7923,00000000-0000-0000-0000-000000000000,2026-09-03T11:32:30.474897
72104,1009,1,16,3067.8369,0.1,2761.0532,00000000-0000-0000-0000-000000000000,2026-09-03T11:32:30.474900
72105,1010,4,17,513.8843,0.2,1644.4298,00000000-0000-0000-0000-000000000000,2026-09-03T11:32:30.474903
72105,1011,6,20,1761.785,0.15,8985.1035,00000000-0000-0000-0000-000000000000,2026-09-03T11:32:30.474906
72105,1012,1,14,1941.7751,0,1941.7751,00000000-0000-0000-0000-000000000000,2026-09-03T11:32:30.474909
72106,1013,1,45,699.2114,0.05,664.2508,00000000-0000-0000-0000-000000000000,2026-09-03T11:32:30.474912
72106,1014,2,32,1678.4132,0.15,2853.3024,00000000-0000-0000-0000-000000000000,2026-09-03T11:32:30.474915
72106,1015,2,14,2932.2937,0.1,5278.1287,00000000-0000-0000-0000-000000000000,2026-09-03T11:32:30.474918
72107,1016,6,51,1343.73,0,8062.38,00000000-0000-0000-0000-000000000000,2026-09-03T11:32:30.474921
72107,1017,2,51,1687.1279,0.2,2699.4046,00000000-0000-0000-0000-000000000000,2026-09-03T11:32:30.474923
72107,1018,3,51,1739.3383,0,5218.0149,00000000-0000-0000-0000-000000000000,2026-09-03T11:32:30.474926
72107,1019,5,53,2471.9344,0.1,11123.7048,00000000-0000-0000-0000-000000000000,2026-09-03T11:32:30.474929
72107,1020,5,30,66.6212,0,333.106,00000000-0000-0000-0000-000000000000,2026-09-03T11:32:30.474931
72108,1021,9,52,573.8862,0.1,4648.4782,00000000-0000-0000-0000-000000000000,2026-09-03T11:32:30.474934
72109,1022,3,54,1019.7554,0,3059.2662,00000000-0000-0000-0000-000000000000,2026-09-03T11:32:30.474937
72110,1023,5,21,1613.2242,0.15,6856.2029,00000000-0000-0000-0000-000000000000,2026-09-03T11:32:30.474941
72110,1024,2,50,487.1439,0.05,925.5734,00000000-0000-0000-0000-000000000000,2026-09-03T11:32:30.474944
72110,1025,7,31,3253.7321,0,22776.1247,00000000-0000-0000-0000-000000000000,2026-09-03T11:32:30.474946
72110,1026,8,25,2973.4747,0,23787.7976,00000000-0000-0000-0000-000000000000,2026-09-03T11:32:30.474949
72110,1027,4,39,1038.0285,0.05,3944.5083,00000000-0000-0000-0000-000000000000,2026-09-03T11:32:30.474951
72111,1028,2,3,843.559,0.2,1349.6944,00000000-0000-0000-0000-000000000000,2026-09-03T11:32:30.474954
72112,1029,7,8,1062.8125,0,7439.6875,00000000-0000-0000-0000-000000000000,2026-09-03T11:32:30.474958
72112,1030,3,16,2740.7763,0,8222.3289,00000000-0000-0000-0000-000000000000,2026-09-03T11:32:30.474960
72112,1031,6,19,2248.5401,0,13491.2406,00000000-0000-0000-0000-000000000000,2026-09-03T11:32:30.474962
72112,1032,4,6,3070.6552,0,12282.6208,00000000-0000-0000-0000-000000000000,2026-09-03T11:32:30.474965
72113,1033,7,39,770.1045,0,5390.7315,00000000-0000-0000-0000-000000000000,2026-09-03T11:32:30.474968
72113,1034,3,25,2325.4735,0.15,5929.9574,00000000-0000-0000-0000-000000000000,2026-09-03T11:32:30.475029
72113,1035,5,53,241.8383,0.1,1088.2723,00000000-0000-0000-0000-000000000000,2026-09-03T11:32:30.475032
72114,1036,3,49,1186.6017,0,3559.8051,00000000-0000-0000-0000-000000000000,2026-09-03T11:32:30.475035
72114,1037,5,5,2299.3983,0.15,9772.4428,00000000-0000-0000-0000-000000000000,2026-09-03T11:32:30.475038
72114,1038,6,19,17.0379,0.15,86.8933,00000000-0000-0000-0000-000000000000,2026-09-03T11:32:30.475041
72115,1039,8,38,2525.1171,0,20200.9368,00000000-0000-0000-0000-000000000000,2026-09-03T11:32:30.475044
72115,1040,10,18,1904.3842,0.15,16187.2657,00000000-0000-0000-0000-000000000000,2026-09-03T11:32:30.475065
72115,1041,7,25,1826.8815,0,12788.1705,00000000-0000-0000-0000-000000000000,2026-09-03T11:32:30.475067
72115,1042,10,39,2119.7365,0.1,19077.6285,00000000-0000-0000-0000-000000000000,2026-09-03T11:32:30.475070
72116,1043,6,7,3434.2542,0,20605.5252,00000000-0000-0000-0000-000000000000,2026-09-03T11:32:30.475073
72116,1044,6,28,2072.0563,0.15,10567.4871,00000000-0000-0000-0000-000000000000,2026-09-03T11:32:30.475088
72117,1045,7,14,1224.0597,0.15,7283.1552,00000000-0000-0000-0000-000000000000,2026-09-03T11:32:30.475096
72117,1046,9,19,1286.0149,0.2,9259.3073,00000000-0000-0000-0000-000000000000,2026-09-03T11:32:30.475100
72117,1047,3,29,3103.9293,0.2,7449.4303,00000000-0000-0000-0000-000000000000,2026-09-03T11:32:30.475103
72117,1048,8,10,2237.1488,0,17897.1904,00000000-0000-0000-0000-000000000000,2026-09-03T11:32:30.475106
72118,1049,6,26,1420.6836,0.2,6819.2813,00000000-0000-0000-0000-000000000000,2026-09-03T11:32:30.475109
72118,1050,7,1,1290.6846,0,9034.7922,00000000-0000-0000-0000-000000000000,2026-09-03T11:32:30.475111
72118,1051,1,6,1672.6742,0.15,1421.7731,00000000-0000-0000-0000-000000000000,2026-09-03T11:32:30.475114
72118,1052,5,8,1036.2704,0.15,4404.1492,00000000-0000-0000-0000-000000000000,2026-09-03T11:32:30.475117
72119,1053,7,33,27.7768,0.2,155.5501,00000000-0000-0000-0000-000000000000,2026-09-03T11:32:30.475121
72119,1054,3,17,2272.5041,0.05,6476.6367,00000000-0000-0000-0000-000000000000,2026-09-03T11:32:30.475124
72120,1055,8,50,2758.212,0.1,19859.1264,00000000-0000-0000-0000-000000000000,2026-09-03T11:32:30.475127
72121,1056,7,27,3070.5513,0,21493.8591,00000000-0000-0000-0000-000000000000,2026-09-03T11:32:30.475130
72122,1057,5,52,2102.2727,0.15,8934.659,00000000-0000-0000-0000-000000000000,2026-09-03T11:32:30.475133
72122,1058,3,35,2661.34,0.05,7584.819,00000000-0000-0000-0000-000000000000,2026-09-03T11:32:30.475136
72122,1059,7,11,501.1079,0.05,3332.3675,00000000-0000-0000-0000-000000000000,2026-09-03T11:32:30.475138
72122,1060,2,8,680.6872,0.15,1157.1682,00000000-0000-0000-0000-000000000000,2026-09-03T11:32:30.475141
72122,1061,3,9,1235.5985,0.2,2965.4364,00000000-0000-0000-0000-000000000000,2026-09-03T11:32:30.475143
72123,1062,3,12,508.4601,0,1525.3803,00000000-0000-0000-0000-000000000000,2026-09-03T11:32:30.475146
72123,1063,1,35,1950.6717,0,1950.6717,00000000-0000-0000-0000-000000000000,2026-09-03T11:32:30.475149
72124,1064,3,34,1653.9382,0.2,3969.4517,00000000-0000-0000-0000-000000000000,2026-09-03T11:32:30.475152
72124,1065,10,39,682.1906,0.1,6139.7154,00000000-0000-0000-0000-000000000000,2026-09-03T11:32:30.475155
72124,1066,5,6,1047.0893,0,5235.4465,00000000-0000-0000-0000-000000000000,2026-09-03T11:32:30.475157
72125,1067,5,29,2544.7517,0.1,11451.3826,00000000-0000-0000-0000-000000000000,2026-09-03T11:32:30.475160
72126,1068,6,51,2810.8429,0,16865.0574,00000000-0000-0000-0000-000000000000,2026-09-03T11:32:30.475163
72126,1069,4,23,365.2117,0,1460.8468,00000000-0000-0000-0000-000000000000,2026-09-03T11:32:30.475166
72126,1070,6,13,2337.8783,0.2,11221.8158,00000000-0000-0000-0000-000000000000,2026-09-03T11:32:30.475169
72126,1071,8,10,1122.2086,0.2,7182.135,00000000-0000-0000-0000-000000000000,2026-09-03T11:32:30.475172
72126,1072,9,38,584.9146,0.15,4474.5967,00000000-0000-0000-0000-000000000000,2026-09-03T11:32:30.475174
72127,1073,7,19,3233.1398,0,22631.9786,00000000-0000-0000-0000-000000000000,2026-09-03T11:32:30.475177
72127,1074,6,32,420.634,0.15,2145.2334,00000000-0000-0000-0000-000000000000,2026-09-03T11:32:30.475180
72128,1075,8,34,3432.0994,0.1,24711.1157,00000000-0000-0000-0000-000000000000,2026-09-03T11:32:30.475183
72128,1076,9,2,848.5217,0,7636.6953,00000000-0000-0000-0000-000000000000,2026-09-03T11:32:30.475186
72128,1077,5,7,2981.6907,0,14908.4535,00000000-0000-0000-0000-000000000000,2026-09-03T11:32:30.475188
72128,1078,6,16,2180.9883,0.2,10468.7438,00000000-0000-0000-0000-000000000000,2026-09-03T11:32:30.475191
72128,1079,6,49,1061.4752,0.1,5731.9661,00000000-0000-0000-0000-000000000000,2026-09-03T11:32:30.475193
72129,1080,2,42,2755.3852,0.1,4959.6934,00000000-0000-0000-0000-000000000000,2026-09-03T11:32:30.475196
72129,1081,9,27,926.6032,0.05,7922.4574,00000000-0000-0000-0000-000000000000,2026-09-03T11:32:30.475204
72130,1082,3,36,1014.5513,0.15,2587.1058,00000000-0000-0000-0000-000000000000,2026-09-03T11:32:30.475212
72130,1083,9,44,137.0801,0,1233.7209,00000000-0000-0000-0000-000000000000,2026-09-03T11:32:30.475217
72130,1084,4,2,1948.5747,0.1,7014.8689,00000000-0000-0000-0000-000000000000,2026-09-03T11:32:30.475220
72130,1085,6,32,1355.4853,0.2,6506.3294,00000000-0000-0000-0000-000000000000,2026-09-03T11:32:30.475222
72131,1086,4,30,2252.2392,0,9008.9568,00000000-0000-0000-0000-000000000000,2026-09-03T11:32:30.475225
72131,1087,2,43,1958.5059,0.2,3133.6094,00000000-0000-0000-0000-000000000000,2026-09-03T11:32:30.475228
72131,1088,10,47,519.2223,0,5192.223,00000000-0000-0000-0000-000000000000,2026-09-03T11:32:30.475230
72131,1089,5,16,3168.1043,0.05,15048.4954,00000000-0000-0000-0000-000000000000,2026-09-03T11:32:30.475233
72131,1090,10,37,2878.8474,0.05,27349.0503,00000000-0000-0000-0000-000000000000,2026-09-03T11:32:30.475236
72132,1091,9,21,1123.0884,0,10107.7956,00000000-0000-0000-0000-000000000000,2026-09-03T11:32:30.475239
72133,1092,6,38,3203.2333,0.2,15375.5198,00000000-0000-0000-0000-000000000000,2026-09-03T11:32:30.475242
72133,1093,1,35,2006.8561,0.15,1705.8277,00000000-0000-0000-0000-000000000000,2026-09-03T11:32:30.475245
72133,1094,10,48,2660.8661,0,26608.661,00000000-0000-0000-0000-000000000000,2026-09-03T11:32:30.475248
72134,1095,7,37,2921.0634,0.1,18402.6994,00000000-0000-0000-0000-000000000000,2026-09-03T11:32:30.475251
72135,1096,3,34,2416.2519,0,7248.7557,00000000-0000-0000-0000-000000000000,2026-09-03T11:32:30.475254
72136,1097,1,25,2805.4992,0.05,2665.2242,00000000-0000-0000-0000-000000000000,2026-09-03T11:32:30.475257
72136,1098,7,22,242.7048,0,1698.9336,00000000-0000-0000-0000-000000000000,2026-09-03T11:32:30.475260
72136,1099,4,29,1477.1214,0,5908.4856,00000000-0000-0000-0000-000000000000,2026-09-03T11:32:30.475262
72136,1100,8,3,2648.9496,0,21191.5968,00000000-0000-0000-0000-000000000000,2026-09-03T11:32:30.475265
72136,1101,3,29,299.6503,0,898.9509,00000000-0000-0000-0000-000000000000,2026-09-03T11:32:30.475267
72137,1102,7,43,335.3846,0,2347.6922,00000000-0000-0000-0000-000000000000,2026-09-03T11:32:30.475272
72137,1103,10,36,1964.8843,0,19648.843,00000000-0000-0000-0000-000000000000,2026-09-03T11:32:30.475275
72137,1104,4,41,214.4659,0,857.8636,00000000-0000-0000-0000-000000000000,2026-09-03T11:32:30.475277
72137,1105,4,31,81.5299,0,326.1196,00000000-0000-0000-0000-000000000000,2026-09-03T11:32:30.475280
72138,1106,10,26,2159.7186,0,21597.186,00000000-0000-0000-0000-000000000000,2026-09-03T11:32:30.475283
72138,1107,8,50,1042.2058,0,8337.6464,00000000-0000-0000-0000-000000000000,2026-09-03T11:32:30.475285
72138,1108,3,21,2932.3994,0.2,7037.7586,00000000-0000-0000-0000-000000000000,2026-09-03T11:32:30.475288
72138,1109,1,35,2811.4487,0.2,2249.159,00000000-0000-0000-0000-000000000000,2026-09-03T11:32:30.475291
72139,1110,3,17,2366.8393,0,7100.5179,00000000-0000-0000-0000-000000000000,2026-09-03T11:32:30.475294
72139,1111,9,1,617.6401,0,5558.7609,00000000-0000-0000-0000-000000000000,2026-09-03T11:32:30.475296
72139,1112,2,30,2686.1053,0,5372.2106,00000000-0000-0000-0000-000000000000,2026-09-03T11:32:30.475299
72140,1113,6,22,1084.2716,0.15,5529.7852,00000000-0000-0000-0000-000000000000,2026-09-03T11:32:30.475302
72140,1114,7,39,870.6358,0.2,4875.5605,00000000-0000-0000-0000-000000000000,2026-09-03T11:32:30.475305
72141,1115,6,30,1153.4223,0,6920.5338,00000000-0000-0000-0000-000000000000,2026-09-03T11:32:30.475307
72142,1116,1,25,2961.9974,0.1,2665.7977,00000000-0000-0000-0000-000000000000,2026-09-03T11:32:30.475310
72142,1117,10,52,617.6689,0.05,5867.8546,00000000-0000-0000-0000-000000000000,2026-09-03T11:32:30.475313
72142,1118,5,11,1332.0945,0,6660.4725,00000000-0000-0000-0000-000000000000,2026-09-03T11:32:30.475327
72143,1119,4,15,1588.1026,0,6352.4104,00000000-0000-0000-0000-000000000000,2026-09-03T11:32:30.475332
72143,1120,6,44,2303.4848,0.1,12438.8179,00000000-0000-0000-0000-000000000000,2026-09-03T11:32:30.475335
72143,1121,3,15,2103.2453,0,6309.7359,00000000-0000-0000-0000-000000000000,2026-09-03T11:32:30.475338
72144,1122,3,34,1134.3332,0.1,3062.6996,00000000-0000-0000-0000-000000000000,2026-09-03T11:32:30.475341
72145,1123,1,54,799.9958,0,799.9958,00000000-0000-0000-0000-000000000000,2026-09-03T11:32:30.475344
72145,1124,7,12,497.9769,0.05,3311.5464,00000000-0000-0000-0000-000000000000,2026-09-03T11:32:30.475347
72145,1125,10,39,3167.8254,0.15,26926.5159,00000000-0000-0000-0000-000000000000,2026-09-03T11:32:30.475349
72145,1126,2,32,326.3541,0,652.7082,00000000-0000-0000-0000-000000000000,2026-09-03T11:32:30.475352
72146,1127,3,54,3329.9619,0.1,8990.8971,00000000-0000-0000-0000-000000000000,2026-09-03T11:32:30.475379
72146,1128,2,27,467.2666,0,934.5332,00000000-0000-0000-0000-000000000000,2026-09-03T11:32:30.475382
72146,1129,3,8,1629.3974,0.2,3910.5538,00000000-0000-0000-0000-000000000000,2026-09-03T11:32:30.475384
72147,1130,3,26,2398.8947,0.1,6477.0157,00000000-0000-0000-0000-000000000000,2026-09-03T11:32:30.475396
72147,1131,8,54,1344.7496,0,10757.9968,00000000-0000-0000-0000-000000000000,2026-09-03T11:32:30.475399
72147,1132,3,53,27.2904,0,81.8712,00000000-0000-0000-0000-000000000000,2026-09-03T11:32:30.475402
72148,1133,2,54,2632.8197,0,5265.6394,00000000-0000-0000-0000-000000000000,2026-09-03T11:32:30.475405
72148,1134,9,3,814.8922,0,7334.0298,00000000-0000-0000-0000-000000000000,2026-09-03T11:32:30.475407
72148,1135,6,1,1064.2255,0.2,5108.2824,00000000-0000-0000-0000-000000000000,2026-09-03T11:32:30.475410
72149,1136,2,43,537.7709,0.05,1021.7647,00000000-0000-0000-0000-000000000000,2026-09-03T11:32:30.475449
72149,1137,10,16,2051.7849,0,20517.849,00000000-0000-0000-0000-000000000000,2026-09-03T11:32:30.475452
72150,1138,4,32,748.646,0.1,2695.1256,00000000-0000-0000-0000-000000000000,2026-09-03T11:32:30.475473
72150,1139,10,4,2118.6417,0,21186.417,00000000-0000-0000-0000-000000000000,2026-09-03T11:32:30.475479
72151,1140,3,46,212.8906,0,638.6718,00000000-0000-0000-0000-000000000000,2026-09-03T11:32:30.475482
72152,1141,2,25,2271.6284,0.05,4316.094,00000000-0000-0000-0000-000000000000,2026-09-03T11:32:30.475486
72152,1142,6,25,520.3249,0.2,2497.5595,00000000-0000-0000-0000-000000000000,2026-09-03T11:32:30.475488
72152,1143,5,45,2507.2419,0.15,10655.7781,00000000-0000-0000-0000-000000000000,2026-09-03T11:32:30.475491
72152,1144,6,23,1727.8806,0.1,9330.5552,00000000-0000-0000-0000-000000000000,2026-09-03T11:32:30.475494
72152,1145,1,47,3394.6978,0,3394.6978,00000000-0000-0000-0000-000000000000,2026-09-03T11:32:30.475496
72153,1146,3,15,2031.9912,0.1,5486.3762,00000000-0000-0000-0000-000000000000,2026-09-03T11:32:30.475499
72153,1147,6,47,11.6419,0.2,55.8811,00000000-0000-0000-0000-000000000000,2026-09-03T11:32:30.475502
72153,1148,3,48,2815.267,0,8445.801,00000000-0000-0000-0000-000000000000,2026-09-03T11:32:30.475504
72153,1149,8,30,827.8215,0.05,6291.4434,00000000-0000-0000-0000-000000000000,2026-09-03T11:32:30.475507
72154,1150,6,25,2691.6446,0,16149.8676,00000000-0000-0000-0000-000000000000,2026-09-03T11:32:30.475511
72154,1151,5,54,1020.7923,0.15,4338.3673,00000000-0000-0000-0000-000000000000,2026-09-03T11:32:30.475514
72154,1152,2,40,865.2693,0,1730.5386,00000000-0000-0000-0000-000000000000,2026-09-03T11:32:30.475517
72154,1153,6,13,1042.0221,0.2,5001.7061,00000000-0000-0000-0000-000000000000,2026-09-03T11:32:30.475520
72154,1154,2,6,2375.1003,0.15,4037.6705,00000000-0000-0000-0000-000000000000,2026-09-03T11:32:30.475523
72155,1155,7,46,3409.3819,0.05,22672.3896,00000000-0000-0000-0000-000000000000,2026-09-03T11:32:30.475526
72155,1156,6,12,1503.7587,0,9022.5522,00000000-0000-0000-0000-000000000000,2026-09-03T11:32:30.475529
72155,1157,7,5,2309.3287,0.15,13740.5058,00000000-0000-0000-0000-000000000000,2026-09-03T11:32:30.475532
72155,1158,10,11,446.3254,0.2,3570.6032,00000000-0000-0000-0000-000000000000,2026-09-03T11:32:30.475534
72156,1159,6,31,312.0265,0.15,1591.3352,00000000-0000-0000-0000-000000000000,2026-09-03T11:32:30.475537
72156,1160,2,52,1920.5655,0.05,3649.0744,00000000-0000-0000-0000-000000000000,2026-09-03T11:32:30.475540
72156,1161,3,9,2527.5507,0,7582.6521,00000000-0000-0000-0000-000000000000,2026-09-03T11:32:30.475543
72156,1162,2,26,868.2136,0.15,1475.9631,00000000-0000-0000-0000-000000000000,2026-09-03T11:32:30.475563
72156,1163,8,2,1679.8269,0.1,12094.7537,00000000-0000-0000-0000-000000000000,2026-09-03T11:32:30.475569
72157,1164,7,14,2205.9063,0.05,14669.2769,00000000-0000-0000-0000-000000000000,2026-09-03T11:32:30.475573
72157,1165,3,13,1180.1957,0,3540.5871,00000000-0000-0000-0000-000000000000,2026-09-03T11:32:30.475577
72157,1166,9,23,2397.0042,0,21573.0378,00000000-0000-0000-0000-000000000000,2026-09-03T11:32:30.475579
72157,1167,3,25,2054.3503,0,6163.0509,00000000-0000-0000-0000-000000000000,2026-09-03T11:32:30.475582
72158,1168,9,24,2524.4114,0.15,19311.7472,00000000-0000-0000-0000-000000000000,2026-09-03T11:32:30.475585
72158,1169,2,6,1455.1569,0.05,2764.7981,00000000-0000-0000-0000-000000000000,2026-09-03T11:32:30.475588
72158,1170,10,20,1008.3738,0,10083.738,00000000-0000-0000-0000-000000000000,2026-09-03T11:32:30.475590
72158,1171,1,48,682.0523,0,682.0523,00000000-0000-0000-0000-000000000000,2026-09-03T11:32:30.475593
72158,1172,6,50,864.4958,0.2,4149.5798,00000000-0000-0000-0000-000000000000,2026-09-03T11:32:30.475596
72159,1173,10,45,1998.5936,0.1,17987.3424,00000000-0000-0000-0000-000000000000,2026-09-03T11:32:30.475599
72159,1174,2,14,528.2743,0,1056.5486,00000000-0000-0000-0000-000000000000,2026-09-03T11:32:30.475601
72160,1175,10,43,916.1893,0,9161.893,00000000-0000-0000-0000-000000000000,2026-09-03T11:32:30.475604
72160,1176,7,25,2196.0282,0.2,12297.7579,00000000-0000-0000-0000-000000000000,2026-09-03T11:32:30.475607
72161,1177,9,46,738.3343,0.05,6312.7583,00000000-0000-0000-0000-000000000000,2026-09-03T11:32:30.475611
72161,1178,9,13,909.9129,0.05,7779.7553,00000000-0000-0000-0000-000000000000,2026-09-03T11:32:30.475614
72161,1179,7,22,2807.0513,0.05,18666.8911,00000000-0000-0000-0000-000000000000,2026-09-03T11:32:30.475616
72161,1180,4,34,1999.7352,0,7998.9408,00000000-0000-0000-0000-000000000000,2026-09-03T11:32:30.475619
72161,1181,2,50,496.719,0,993.438,00000000-0000-0000-0000-000000000000,2026-09-03T11:32:30.475621
72162,1182,7,52,2338.8733,0,16372.1131,00000000-0000-0000-0000-000000000000,2026-09-03T11:32:30.475624
72162,1183,7,26,1242.3163,0.15,7391.782,00000000-0000-0000-0000-000000000000,2026-09-03T11:32:30.475627
72162,1184,8,51,1032.0015,0.05,7843.2114,00000000-0000-0000-0000-000000000000,2026-09-03T11:32:30.475630
72163,1185,2,52,3051.5509,0,6103.1018,00000000-0000-0000-0000-000000000000,2026-09-03T11:32:30.475633
72163,1186,5,21,514.3047,0,2571.5235,00000000-0000-0000-0000-000000000000,2026-09-03T11:32:30.475635
72164,1187,4,32,779.9197,0.2,2495.743,00000000-0000-0000-0000-000000000000,2026-09-03T11:32:30.475639
72164,1188,7,21,3326.1361,0,23282.9527,00000000-0000-0000-0000-000000000000,2026-09-03T11:32:30.475641
72164,1189,10,31,3256.9295,0.05,30940.8302,00000000-0000-0000-0000-000000000000,2026-09-03T11:32:30.475645
72165,1190,9,19,918.0202,0.05,7849.0727,00000000-0000-0000-0000-000000000000,2026-09-03T11:32:30.475648
72165,1191,3,18,2064.4952,0,6193.4856,00000000-0000-0000-0000-000000000000,2026-09-03T11:32:30.475650
72165,1192,5,46,2851.3692,0.1,12831.1614,00000000-0000-0000-0000-000000000000,2026-09-03T11:32:30.475653
72165,1193,1,20,1292.9524,0,1292.9524,00000000-0000-0000-0000-000000000000,2026-09-03T11:32:30.475659
72166,1194,1,27,2192.9053,0,2192.9053,00000000-0000-0000-0000-000000000000,2026-09-03T11:32:30.475662
72166,1195,7,21,2029.2947,0.1,12784.5566,00000000-0000-0000-0000-000000000000,2026-09-03T11:32:30.475665
72166,1196,2,10,1346.9405,0,2693.881,00000000-0000-0000-0000-000000000000,2026-09-03T11:32:30.475668
72166,1197,7,50,2866.2978,0,20064.0846,00000000-0000-0000-0000-000000000000,2026-09-03T11:32:30.475670
72167,1198,8,12,2629.9214,0.05,19987.4026,00000000-0000-0000-0000-000000000000,2026-09-03T11:32:30.475673
72167,1199,6,45,2094.4969,0,12566.9814,00000000-0000-0000-0000-000000000000,2026-09-03T11:32:30.475676
72168,1200,4,17,2152.4724,0.1,7748.9006,00000000-0000-0000-0000-000000000000,2026-09-03T11:32:30.475679
72169,1201,3,37,3033.9899,0,9101.9697,00000000-0000-0000-0000-000000000000,2026-09-03T11:32:30.475682
72169,1202,6,1,394.7622,0.05,2250.1445,00000000-0000-0000-0000-000000000000,2026-09-03T11:32:30.475685
72169,1203,4,19,659.3021,0.2,2109.7667,00000000-0000-0000-0000-000000000000,2026-09-03T11:32:30.475688
72170,1204,1,19,1620.5271,0.2,1296.4217,00000000-0000-0000-0000-000000000000,2026-09-03T11:32:30.475691
72170,1205,10,30,3188.3703,0.05,30289.5179,00000000-0000-0000-0000-000000000000,2026-09-03T11:32:30.475694
72170,1206,6,8,3004.3137,0,18025.8822,00000000-0000-0000-0000-000000000000,2026-09-03T11:32:30.475697
72170,1207,1,30,3025.4261,0,3025.4261,00000000-0000-0000-0000-000000000000,2026-09-03T11:32:30.475699
72171,1208,10,34,720.6052,0.15,6125.1442,00000000-0000-0000-0000-000000000000,2026-09-03T11:32:30.475702
72172,1209,9,44,336.6892,0.05,2878.6927,00000000-0000-0000-0000-000000000000,2026-09-03T11:32:30.475705
72172,1210,4,13,2944.6569,0,11778.6276,00000000-0000-0000-0000-000000000000,2026-09-03T11:32:30.475708
72173,1211,1,37,2261.4258,0,2261.4258,00000000-0000-0000-0000-000000000000,2026-09-03T11:32:30.475711
72173,1212,6,5,2448.5216,0,14691.1296,00000000-0000-0000-0000-000000000000,2026-09-03T11:32:30.475713
72173,1213,8,26,2515.0094,0.05,19114.0714,00000000-0000-0000-0000-000000000000,2026-09-03T11:32:30.475716
72173,1214,1,26,2683.1212,0.05,2548.9651,00000000-0000-0000-0000-000000000000,2026-09-03T11:32:30.475723
72174,1215,3,51,1430.4165,0,4291.2495,00000000-0000-0000-0000-000000000000,2026-09-03T11:32:30.475727
72174,1216,7,13,3428.5678,0.1,21599.9771,00000000-0000-0000-0000-000000000000,2026-09-03T11:32:30.475729
72175,1217,3,2,403.7549,0,1211.2647,00000000-0000-0000-0000-000000000000,2026-09-03T11:32:30.475733
72176,1218,9,19,3120.7812,0.15,23873.9762,00000000-0000-0000-0000-000000000000,2026-09-03T11:32:30.475736
72177,1219,7,53,3214.1894,0,22499.3258,00000000-0000-0000-0000-000000000000,2026-09-03T11:32:30.475740
72177,1220,9,14,893.4142,0.2,6432.5822,00000000-0000-0000-0000-000000000000,2026-09-03T11:32:30.475742
72177,1221,4,28,724.0287,0.2,2316.8918,00000000-0000-0000-0000-000000000000,2026-09-03T11:32:30.475745
72177,1222,10,25,2973.4124,0.15,25274.0054,00000000-0000-0000-0000-000000000000,2026-09-03T11:32:30.475747
72177,1223,9,11,90.064,0.2,648.4608,00000000-0000-0000-0000-000000000000,2026-09-03T11:32:30.475750
72178,1224,2,45,2122.3296,0.05,4032.4262,00000000-0000-0000-0000-000000000000,2026-09-03T11:32:30.475753
72178,1225,6,41,731.8908,0,4391.3448,00000000-0000-0000-0000-000000000000,2026-09-03T11:32:30.475756
72178,1226,5,28,2373.3526,0.1,10680.0867,00000000-0000-0000-0000-000000000000,2026-09-03T11:32:30.475759
72178,1227,3,2,3069.7112,0.1,8288.2202,00000000-0000-0000-0000-000000000000,2026-09-03T11:32:30.475761
72178,1228,7,18,1972.3965,0,13806.7755,00000000-0000-0000-0000-000000000000,2026-09-03T11:32:30.475764
72179,1229,2,13,2506.0211,0,5012.0422,00000000-0000-0000-0000-000000000000,2026-09-03T11:32:30.475766
72179,1230,6,49,518.044,0.1,2797.4376,00000000-0000-0000-0000-000000000000,2026-09-03T11:32:30.475774
72179,1231,4,24,3036.4081,0.1,10931.0692,00000000-0000-0000-0000-000000000000,2026-09-03T11:32:30.475779
72179,1232,1,5,184.2155,0.15,156.5832,00000000-0000-0000-0000-000000000000,2026-09-03T11:32:30.475782
72179,1233,5,26,387.9014,0,1939.507,00000000-0000-0000-0000-000000000000,2026-09-03T11:32:30.475785
72180,1234,9,46,1668.4251,0.2,12012.6607,00000000-0000-0000-0000-000000000000,2026-09-03T11:32:30.475788
72181,1235,4,34,1897.7179,0,7590.8716,00000000-0000-0000-0000-000000000000,2026-09-03T11:32:30.475791
72182,1236,1,19,2023.999,0.2,1619.1992,00000000-0000-0000-0000-000000000000,2026-09-03T11:32:30.475794
72182,1237,1,19,900.9303,0,900.9303,00000000-0000-0000-0000-000000000000,2026-09-03T11:32:30.475797
72182,1238,2,23,224.4111,0,448.8222,00000000-0000-0000-0000-000000000000,2026-09-03T11:32:30.475800
72182,1239,6,5,1425.7774,0.1,7699.198,00000000-0000-0000-0000-000000000000,2026-09-03T11:32:30.475802
72182,1240,6,13,2407.9915,0.2,11558.3592,00000000-0000-0000-0000-000000000000,2026-09-03T11:32:30.475805
72183,1241,5,33,2223.7259,0,11118.6295,00000000-0000-0000-0000-000000000000,2026-09-03T11:32:30.475808
72183,1242,5,30,2263.5845,0.05,10752.0264,00000000-0000-0000-0000-000000000000,2026-09-03T11:32:30.475811
72183,1243,1,13,1125.8185,0.1,1013.2367,00000000-0000-0000-0000-000000000000,2026-09-03T11:32:30.475813
72183,1244,1,7,156.7991,0.15,133.2792,00000000-0000-0000-0000-000000000000,2026-09-03T11:32:30.475816
72183,1245,6,25,3228.3886,0.1,17433.2984,00000000-0000-0000-0000-000000000000,2026-09-03T11:32:30.475819
72184,1246,8,36,1571.3516,0.05,11942.2722,00000000-0000-0000-0000-000000000000,2026-09-03T11:32:30.475823
72184,1247,10,3,925.3015,0,9253.015,00000000-0000-0000-0000-000000000000,2026-09-03T11:32:30.475825
72184,1248,2,26,550.1394,0.05,1045.2649,00000000-0000-0000-0000-000000000000,2026-09-03T11:32:30.475829
72185,1249,4,31,1849.6323,0.1,6658.6763,00000000-0000-0000-0000-000000000000,2026-09-03T11:32:30.475832
72185,1250,2,7,2459.0263,0.05,4672.15,00000000-0000-0000-0000-000000000000,2026-09-03T11:32:30.475834
72185,1251,7,52,1286.6896,0.05,8556.4858,00000000-0000-0000-0000-000000000000,2026-09-03T11:32:30.475837
72185,1252,2,6,1815.5832,0.05,3449.6081,00000000-0000-0000-0000-000000000000,2026-09-03T11:32:30.475839
72185,1253,7,29,1994.9383,0.05,13266.3397,00000000-0000-0000-0000-000000000000,2026-09-03T11:32:30.475842
72186,1254,9,13,2031.2073,0.15,15538.7358,00000000-0000-0000-0000-000000000000,2026-09-03T11:32:30.475848
72186,1255,7,5,2327.3446,0,16291.4122,00000000-0000-0000-0000-000000000000,2026-09-03T11:32:30.475851
72186,1256,6,2,1672.9515,0,10037.709,00000000-0000-0000-0000-000000000000,2026-09-03T11:32:30.475854
72187,1257,4,24,3394.0665,0.1,12218.6394,00000000-0000-0000-0000-000000000000,2026-09-03T11:32:30.475857
72187,1258,9,5,671.6737,0,6045.0633,00000000-0000-0000-0000-000000000000,2026-09-03T11:32:30.475859
72187,1259,6,29,2062.338,0.05,11755.3266,00000000-0000-0000-0000-000000000000,2026-09-03T11:32:30.475862
72188,1260,6,16,1913.5588,0,11481.3528,00000000-0000-0000-0000-000000000000,2026-09-03T11:32:30.475865
72188,1261,10,50,3455.9872,0.1,31103.8848,00000000-0000-0000-0000-000000000000,2026-09-03T11:32:30.475868
72189,1262,7,26,579.1997,0,4054.3979,00000000-0000-0000-0000-000000000000,2026-09-03T11:32:30.475882
72189,1263,8,50,2311.509,0,18492.072,00000000-0000-0000-0000-000000000000,2026-09-03T11:32:30.475885
72189,1264,9,3,2454.3928,0,22089.5352,00000000-0000-0000-0000-000000000000,2026-09-03T11:32:30.475887
72189,1265,9,53,242.2101,0,2179.8909,00000000-0000-0000-0000-000000000000,2026-09-03T11:32:30.475897
72189,1266,7,36,944.2194,0.05,6279.059,00000000-0000-0000-0000-000000000000,2026-09-03T11:32:30.475900
72190,1267,1,53,2120.5857,0,2120.5857,00000000-0000-0000-0000-000000000000,2026-09-03T11:32:30.475903
72190,1268,1,10,3063.653,0,3063.653,00000000-0000-0000-0000-000000000000,2026-09-03T11:32:30.475906
72190,1269,4,11,2762.539,0,11050.156,00000000-0000-0000-0000-000000000000,2026-09-03T11:32:30.475908
72190,1270,3,31,3154.316,0.05,8989.8006,00000000-0000-0000-0000-000000000000,2026-09-03T11:32:30.475911
72191,1271,4,17,1510.6913,0.1,5438.4887,00000000-0000-0000-0000-000000000000,2026-09-03T11:32:30.475914
72191,1272,6,52,1115.1287,0.15,5687.1564,00000000-0000-0000-0000-000000000000,2026-09-03T11:32:30.475917
72191,1273,3,21,2587.8967,0,7763.6901,00000000-0000-0000-0000-000000000000,2026-09-03T11:32:30.475919
72191,1274,6,20,448.9789,0.1,2424.4861,00000000-0000-0000-0000-000000000000,2026-09-03T11:32:30.475922
72192,1275,1,52,381.6687,0,381.6687,00000000-0000-0000-0000-000000000000,2026-09-03T11:32:30.475925
72192,1276,4,1,1909.8461,0.2,6111.5075,00000000-0000-0000-0000-000000000000,2026-09-03T11:32:30.475928
72192,1277,8,9,1877.7464,0.1,13519.7741,00000000-0000-0000-0000-000000000000,2026-09-03T11:32:30.475930
72192,1278,1,41,3102.1438,0.2,2481.715,00000000-0000-0000-0000-000000000000,2026-09-03T11:32:30.475933
72193,1279,9,46,2681.6848,0,24135.1632,00000000-0000-0000-0000-000000000000,2026-09-03T11:32:30.475936
72193,1280,8,31,2957.6928,0.05,22478.4653,00000000-0000-0000-0000-000000000000,2026-09-03T11:32:30.475939
72193,1281,2,8,1601.0231,0.15,2721.7393,00000000-0000-0000-0000-000000000000,2026-09-03T11:32:30.475942
72193,1282,5,9,3077.0809,0.1,13846.8641,00000000-0000-0000-0000-000000000000,2026-09-03T11:32:30.475945
72194,1283,8,42,457.6681,0.15,3112.1431,00000000-0000-0000-0000-000000000000,2026-09-03T11:32:30.475948
72194,1284,4,1,1768.8006,0.05,6721.4423,00000000-0000-0000-0000-000000000000,2026-09-03T11:32:30.475951
72194,1285,1,29,2733.0123,0,2733.0123,00000000-0000-0000-0000-000000000000,2026-09-03T11:32:30.475953
72195,1286,3,46,521.0297,0,1563.0891,00000000-0000-0000-0000-000000000000,2026-09-03T11:32:30.475956
72196,1287,5,32,501.4349,0,2507.1745,00000000-0000-0000-0000-000000000000,2026-09-03T11:32:30.475959
72196,1288,1,23,765.9561,0.15,651.0627,00000000-0000-0000-0000-000000000000,2026-09-03T11:32:30.475962
72196,1289,8,31,2588.6192,0.05,19673.5059,00000000-0000-0000-0000-000000000000,2026-09-03T11:32:30.475964
72197,1290,7,8,2653.2955,0.2,14858.4548,00000000-0000-0000-0000-000000000000,2026-09-03T11:32:30.475968
72198,1291,2,25,2043.1491,0.05,3881.9833,00000000-0000-0000-0000-000000000000,2026-09-03T11:32:30.475971
72198,1292,7,23,1283.0284,0.1,8083.0789,00000000-0000-0000-0000-000000000000,2026-09-03T11:32:30.475974
72198,1293,8,27,2703.8638,0.05,20549.3649,00000000-0000-0000-0000-000000000000,2026-09-03T11:32:30.475976
72198,1294,10,47,1043.0248,0.1,9387.2232,00000000-0000-0000-0000-000000000000,2026-09-03T11:32:30.475979
72198,1295,4,13,2387.6024,0.1,8595.3686,00000000-0000-0000-0000-000000000000,2026-09-03T11:32:30.475981
72199,1296,1,40,2728.6356,0,2728.6356,00000000-0000-0000-0000-000000000000,2026-09-03T11:32:30.475984
72199,1297,3,53,2499.7657,0,7499.2971,00000000-0000-0000-0000-000000000000,2026-09-03T11:32:30.475987
72199,1298,7,44,2940.2948,0,20582.0636,00000000-0000-0000-0000-000000000000,2026-09-03T11:32:30.475989
72200,1299,10,13,695.0056,0.05,6602.5532,00000000-0000-0000-0000-000000000000,2026-09-03T11:32:30.475992
72200,1300,3,54,3350.586,0,10051.758,00000000-0000-0000-0000-000000000000,2026-09-03T11:32:30.475995
72200,1301,5,16,317.9698,0,1589.849,00000000-0000-0000-0000-000000000000,2026-09-03T11:32:30.475997
72201,1302,1,24,2464.9373,0.05,2341.6904,00000000-0000-0000-0000-000000000000,2026-09-03T11:32:30.476001
72201,1303,4,27,2429.5453,0.05,9232.2721,00000000-0000-0000-0000-000000000000,2026-09-03T11:32:30.476003
72201,1304,6,32,184.7403,0,1108.4418,00000000-0000-0000-0000-000000000000,2026-09-03T11:32:30.476006
72201,1305,2,6,2762.182,0.1,4971.9276,00000000-0000-0000-0000-000000000000,2026-09-03T11:32:30.476009
72201,1306,1,48,3178.4764,0,3178.4764,00000000-0000-0000-0000-000000000000,2026-09-03T11:32:30.476011
72202,1307,3,27,163.0582,0.05,464.7159,00000000-0000-0000-0000-000000000000,2026-09-03T11:32:30.476015
72203,1308,3,26,117.2477,0,351.7431,00000000-0000-0000-0000-000000000000,2026-09-03T11:32:30.476018
72204,1309,4,43,1966.2324,0.15,6685.1902,00000000-0000-0000-0000-000000000000,2026-09-03T11:32:30.476021
72204,1310,6,39,923.1731,0.05,5262.0867,00000000-0000-0000-0000-000000000000,2026-09-03T11:32:30.476023
72204,1311,4,15,1600.4429,0.1,5761.5944,00000000-0000-0000-0000-000000000000,2026-09-03T11:32:30.476026
72205,1312,4,23,1018.6881,0.1,3667.2772,00000000-0000-0000-0000-000000000000,2026-09-03T11:32:30.476062
72205,1313,10,12,1727.0682,0,17270.682,00000000-0000-0000-0000-000000000000,2026-09-03T11:32:30.476066
72205,1314,7,31,386.2114,0.1,2433.1318,00000000-0000-0000-0000-000000000000,2026-09-03T11:32:30.476068
72206,1315,7,16,328.601,0,2300.207,00000000-0000-0000-0000-000000000000,2026-09-03T11:32:30.476071
72206,1316,9,27,3396.3442,0.15,25982.0331,00000000-0000-0000-0000-000000000000,2026-09-03T11:32:30.476074
72206,1317,5,44,3447.4796,0.05,16375.5281,00000000-0000-0000-0000-000000000000,2026-09-03T11:32:30.476087
72206,1318,3,2,2912.8229,0.2,6990.775,00000000-0000-0000-0000-000000000000,2026-09-03T11:32:30.476090
72206,1319,8,45,3069.3214,0,24554.5712,00000000-0000-0000-0000-000000000000,2026-09-03T11:32:30.476093
72207,1320,7,24,2862.3309,0.05,19034.5005,00000000-0000-0000-0000-000000000000,2026-09-03T11:32:30.476096
72207,1321,3,20,520.4219,0.1,1405.1391,00000000-0000-0000-0000-000000000000,2026-09-03T11:32:30.476098
72208,1322,10,11,1890.1539,0,18901.539,00000000-0000-0000-0000-000000000000,2026-09-03T11:32:30.476101
72208,1323,3,19,3459.8695,0.05,9860.6281,00000000-0000-0000-0000-000000000000,2026-09-03T11:32:30.476104
72208,1324,1,45,19.1219,0.2,15.2975,00000000-0000-0000-0000-000000000000,2026-09-03T11:32:30.476107
72208,1325,3,2,3083.2233,0.15,7862.2194,00000000-0000-0000-0000-000000000000,2026-09-03T11:32:30.476110
72209,1326,2,20,1375.0192,0,2750.0384,00000000-0000-0000-0000-000000000000,2026-09-03T11:32:30.476113
72209,1327,1,21,2336.2235,0.05,2219.4123,00000000-0000-0000-0000-000000000000,2026-09-03T11:32:30.476116
72209,1328,9,50,310.1975,0,2791.7775,00000000-0000-0000-0000-000000000000,2026-09-03T11:32:30.476118
72209,1329,3,32,1189.3423,0,3568.0269,00000000-0000-0000-0000-000000000000,2026-09-03T11:32:30.476120
72209,1330,4,47,3072.1666,0.05,11674.2331,00000000-0000-0000-0000-000000000000,2026-09-03T11:32:30.476123
72210,1331,4,16,3078.0878,0.15,10465.4985,00000000-0000-0000-0000-000000000000,2026-09-03T11:32:30.476126
72211,1332,4,25,3146.1155,0.2,10067.5696,00000000-0000-0000-0000-000000000000,2026-09-03T11:32:30.476129
72211,1333,4,52,2097.9717,0.2,6713.5094,00000000-0000-0000-0000-000000000000,2026-09-03T11:32:30.476132
72211,1334,1,47,54.8935,0,54.8935,00000000-0000-0000-0000-000000000000,2026-09-03T11:32:30.476134
72212,1335,10,38,2066.7718,0.1,18600.9462,00000000-0000-0000-0000-000000000000,2026-09-03T11:32:30.476137
72213,1336,9,8,240.2231,0.05,2053.9075,00000000-0000-0000-0000-000000000000,2026-09-03T11:32:30.476141
72213,1337,5,53,2547.6433,0.2,10190.5732,00000000-0000-0000-0000-000000000000,2026-09-03T11:32:30.476144
72214,1338,9,42,3385.4461,0,30469.0149,00000000-0000-0000-0000-000000000000,2026-09-03T11:32:30.476146
72214,1339,6,45,3438.5663,0,20631.3978,00000000-0000-0000-0000-000000000000,2026-09-03T11:32:30.476149
72214,1340,6,35,3331.9192,0,19991.5152,00000000-0000-0000-0000-000000000000,2026-09-03T11:32:30.476151
72214,1341,3,40,3083.9263,0.1,8326.601,00000000-0000-0000-0000-000000000000,2026-09-03T11:32:30.476154
72214,1342,4,4,2393.4704,0.1,8616.4934,00000000-0000-0000-0000-000000000000,2026-09-03T11:32:30.476156
72215,1343,8,27,2474.9071,0.15,16829.3683,00000000-0000-0000-0000-000000000000,2026-09-03T11:32:30.476160
72215,1344,7,26,1492.1944,0,10445.3608,00000000-0000-0000-0000-000000000000,2026-09-03T11:32:30.476162
72215,1345,1,33,604.674,0.15,513.9729,00000000-0000-0000-0000-000000000000,2026-09-03T11:32:30.476165
72216,1346,7,34,499.7536,0,3498.2752,00000000-0000-0000-0000-000000000000,2026-09-03T11:32:30.476168
72217,1347,10,20,1227.2775,0.2,9818.22,00000000-0000-0000-0000-000000000000,2026-09-03T11:32:30.476172
72218,1348,8,1,3130.5118,0,25044.0944,00000000-0000-0000-0000-000000000000,2026-09-03T11:32:30.476175
72218,1349,4,5,3052.6341,0.15,10378.9559,00000000-0000-0000-0000-000000000000,2026-09-03T11:32:30.476178
72218,1350,2,3,3477.3435,0.2,5563.7496,00000000-0000-0000-0000-000000000000,2026-09-03T11:32:30.476181
72218,1351,9,14,3428.3788,0.15,26227.0978,00000000-0000-0000-0000-000000000000,2026-09-03T11:32:30.476184
72219,1352,7,32,39.2008,0.1,246.965,00000000-0000-0000-0000-000000000000,2026-09-03T11:32:30.476187
72219,1353,8,40,3255.2413,0.1,23437.7374,00000000-0000-0000-0000-000000000000,2026-09-03T11:32:30.476189
72220,1354,2,36,1022.8535,0,2045.707,00000000-0000-0000-0000-000000000000,2026-09-03T11:32:30.476192
72220,1355,5,9,2050.0081,0,10250.0405,00000000-0000-0000-0000-000000000000,2026-09-03T11:32:30.476195
72220,1356,4,31,2338.7583,0.1,8419.5299,00000000-0000-0000-0000-000000000000,2026-09-03T11:32:30.476197
72220,1357,6,42,3495.4567,0.15,17826.8292,00000000-0000-0000-0000-000000000000,2026-09-03T11:32:30.476200
72220,1358,2,26,110.4479,0.15,187.7614,00000000-0000-0000-0000-000000000000,2026-09-03T11:32:30.476203
72221,1359,2,33,1500.7214,0.15,2551.2264,00000000-0000-0000-0000-000000000000,2026-09-03T11:32:30.476206
72221,1360,3,43,1738.3862,0.05,4954.4007,00000000-0000-0000-0000-000000000000,2026-09-03T11:32:30.476209
72221,1361,4,27,1862.3886,0.2,5959.6435,00000000-0000-0000-0000-000000000000,2026-09-03T11:32:30.476212
72221,1362,9,34,3244.6609,0.05,27741.8507,00000000-0000-0000-0000-000000000000,2026-09-03T11:32:30.476215
72222,1363,7,50,95.766,0.15,569.8077,00000000-0000-0000-0000-000000000000,2026-09-03T11:32:30.476218
72222,1364,8,26,2740.2856,0,21922.2848,00000000-0000-0000-0000-000000000000,2026-09-03T11:32:30.476220
72222,1365,3,28,609.9225,0,1829.7675,00000000-0000-0000-0000-000000000000,2026-09-03T11:32:30.476223
72223,1366,9,1,1528.0849,0.1,12377.4877,00000000-0000-0000-0000-000000000000,2026-09-03T11:32:30.476226
72223,1367,4,29,1998.8672,0.15,6796.1485,00000000-0000-0000-0000-000000000000,2026-09-03T11:32:30.476229
72223,1368,7,53,2256.099,0,15792.693,00000000-0000-0000-0000-000000000000,2026-09-03T11:32:30.476232
72223,1369,9,42,1143.7776,0,10293.9984,00000000-0000-0000-0000-000000000000,2026-09-03T11:32:30.476234
72224,1370,9,39,2369.1643,0.15,18124.1069,00000000-0000-0000-0000-000000000000,2026-09-03T11:32:30.476237
72224,1371,10,38,12.3584,0,123.584,00000000-0000-0000-0000-000000000000,2026-09-03T11:32:30.476240
72224,1372,10,35,854.0128,0,8540.128,00000000-0000-0000-0000-000000000000,2026-09-03T11:32:30.476243
72224,1373,6,40,380.5419,0,2283.2514,00000000-0000-0000-0000-000000000000,2026-09-03T11:32:30.476245
72224,1374,3,28,1673.408,0.05,4769.2128,00000000-0000-0000-0000-000000000000,2026-09-03T11:32:30.476251
72225,1375,8,25,3411.1149,0.2,21831.1354,00000000-0000-0000-0000-000000000000,2026-09-03T11:32:30.476254
72225,1376,4,36,1044.3865,0.1,3759.7914,00000000-0000-0000-0000-000000000000,2026-09-03T11:32:30.476257
72225,1377,9,2,1299.0577,0.15,9937.7914,00000000-0000-0000-0000-000000000000,2026-09-03T11:32:30.476259
72226,1378,5,8,112.3486,0,561.743,00000000-0000-0000-0000-000000000000,2026-09-03T11:32:30.476262
72226,1379,7,22,2708.4914,0,18959.4398,00000000-0000-0000-0000-000000000000,2026-09-03T11:32:30.476265
72226,1380,4,37,1695.1323,0.1,6102.4763,00000000-0000-0000-0000-000000000000,2026-09-03T11:32:30.476268
72227,1381,10,23,3337.3569,0,33373.569,00000000-0000-0000-0000-000000000000,2026-09-03T11:32:30.476271
72228,1382,9,35,1234.7069,0,11112.3621,00000000-0000-0000-0000-000000000000,2026-09-03T11:32:30.476274
72228,1383,2,54,1550.4902,0.15,2635.8333,00000000-0000-0000-0000-000000000000,2026-09-03T11:32:30.476276
72228,1384,7,3,3419.7147,0.1,21544.2026,00000000-0000-0000-0000-000000000000,2026-09-03T11:32:30.476279
72228,1385,6,50,205.7278,0.15,1049.2118,00000000-0000-0000-0000-000000000000,2026-09-03T11:32:30.476281
72229,1386,3,17,25.2262,0.1,68.1107,00000000-0000-0000-0000-000000000000,2026-09-03T11:32:30.476284
72230,1387,3,34,2084.3368,0.15,5315.0588,00000000-0000-0000-0000-000000000000,2026-09-03T11:32:30.476288
72230,1388,8,23,3318.1506,0.1,23890.6843,00000000-0000-0000-0000-000000000000,2026-09-03T11:32:30.476290
72230,1389,4,42,2241.6875,0,8966.75,00000000-0000-0000-0000-000000000000,2026-09-03T11:32:30.476293
72231,1390,4,2,2711.0556,0.1,9759.8002,00000000-0000-0000-0000-000000000000,2026-09-03T11:32:30.476296
72232,1391,6,41,364.847,0,2189.082,00000000-0000-0000-0000-000000000000,2026-09-03T11:32:30.476299
72233,1392,7,54,232.6894,0.1,1465.9432,00000000-0000-0000-0000-000000000000,2026-09-03T11:32:30.476302
72234,1393,10,49,1731.9926,0,17319.926,00000000-0000-0000-0000-000000000000,2026-09-03T11:32:30.476305
72235,1394,10,23,1411.2356,0.15,11995.5026,00000000-0000-0000-0000-000000000000,2026-09-03T11:32:30.476308
72236,1395,4,13,3484.1679,0,13936.6716,00000000-0000-0000-0000-000000000000,2026-09-03T11:32:30.476311
72236,1396,2,41,1434.1793,0,2868.3586,00000000-0000-0000-0000-000000000000,2026-09-03T11:32:30.476313
72237,1397,1,1,64.7137,0,64.7137,00000000-0000-0000-0000-000000000000,2026-09-03T11:32:30.476316
72237,1398,4,2,2740.782,0.05,10414.9716,00000000-0000-0000-0000-000000000000,2026-09-03T11:32:30.476319
72237,1399,5,51,3292.0664,0.2,13168.2656,00000000-0000-0000-0000-000000000000,2026-09-03T11:32:30.476322
72237,1400,7,9,612.9362,0.05,4076.0257,00000000-0000-0000-0000-000000000000,2026-09-03T11:32:30.476325
72237,1401,10,29,915.8727,0.2,7326.9816,00000000-0000-0000-0000-000000000000,2026-09-03T11:32:30.476327
72238,1402,5,2,844.8709,0.2,3379.4836,00000000-0000-0000-0000-000000000000,2026-09-03T11:32:30.476331
72238,1403,8,51,2443.5288,0,19548.2304,00000000-0000-0000-0000-000000000000,2026-09-03T11:32:30.476333
72238,1404,5,20,2419.4246,0.2,9677.6984,00000000-0000-0000-0000-000000000000,2026-09-03T11:32:30.476336
72239,1405,6,27,3311.6694,0.1,17883.0148,00000000-0000-0000-0000-000000000000,2026-09-03T11:32:30.476339
72239,1406,5,4,2377.2298,0.05,11291.8416,00000000-0000-0000-0000-000000000000,2026-09-03T11:32:30.476343
72239,1407,8,51,2524.0602,0.1,18173.2334,00000000-0000-0000-0000-000000000000,2026-09-03T11:32:30.476346
72239,1408,5,17,736.8924,0.15,3131.7927,00000000-0000-0000-0000-000000000000,2026-09-03T11:32:30.476348
72240,1409,2,18,773.8556,0,1547.7112,00000000-0000-0000-0000-000000000000,2026-09-03T11:32:30.476351
72240,1410,9,35,1339.0521,0.05,11448.8955,00000000-0000-0000-0000-000000000000,2026-09-03T11:32:30.476354
72240,1411,6,33,2322.6835,0.05,13239.2959,00000000-0000-0000-0000-000000000000,2026-09-03T11:32:30.476357
72241,1412,5,33,2335.2372,0.2,9340.9488,00000000-0000-0000-0000-000000000000,2026-09-03T11:32:30.476360
72241,1413,9,48,702.064,0,6318.576,00000000-0000-0000-0000-000000000000,2026-09-03T11:32:30.476362
72242,1414,9,28,2318.1131,0,20863.0179,00000000-0000-0000-0000-000000000000,2026-09-03T11:32:30.476365
72242,1415,7,54,2208.6339,0.2,12368.3498,00000000-0000-0000-0000-000000000000,2026-09-03T11:32:30.476368
72243,1416,5,34,763.2618,0.05,3625.4936,00000000-0000-0000-0000-000000000000,2026-09-03T11:32:30.476371
72243,1417,1,43,1103.0325,0,1103.0325,00000000-0000-0000-0000-000000000000,2026-09-03T11:32:30.476374
72243,1418,6,34,2841.8001,0.05,16198.2606,00000000-0000-0000-0000-000000000000,2026-09-03T11:32:30.476376
72243,1419,10,19,1653.7884,0.1,14884.0956,00000000-0000-0000-0000-000000000000,2026-09-03T11:32:30.476379
72244,1420,7,50,565.1477,0.15,3362.6288,00000000-0000-0000-0000-000000000000,2026-09-03T11:32:30.476383
72244,1421,4,43,2816.5948,0.1,10139.7413,00000000-0000-0000-0000-000000000000,2026-09-03T11:32:30.476385
72245,1422,7,39,1059.6735,0.2,5934.1716,00000000-0000-0000-0000-000000000000,2026-09-03T11:32:30.476388
72245,1423,9,3,2419.8758,0.2,17423.1058,00000000-0000-0000-0000-000000000000,2026-09-03T11:32:30.476391
72245,1424,5,21,1252.5484,0.2,5010.1936,00000000-0000-0000-0000-000000000000,2026-09-03T11:32:30.476393
72246,1425,1,39,1270.5118,0.15,1079.935,00000000-0000-0000-0000-000000000000,2026-09-03T11:32:30.476396
72247,1426,8,11,1866.7207,0.05,14187.0773,00000000-0000-0000-0000-000000000000,2026-09-03T11:32:30.476400
72247,1427,1,30,2567.5291,0,2567.5291,00000000-0000-0000-0000-000000000000,2026-09-03T11:32:30.476402
72248,1428,10,49,988.4706,0.2,7907.7648,00000000-0000-0000-0000-000000000000,2026-09-03T11:32:30.476405
72248,1429,8,29,694.5671,0,5556.5368,00000000-0000-0000-0000-000000000000,2026-09-03T11:32:30.476408
72249,1430,3,38,3202.2274,0.05,9126.3481,00000000-0000-0000-0000-000000000000,2026-09-03T11:32:30.476411
72249,1431,6,43,1108.4156,0.15,5652.9196,00000000-0000-0000-0000-000000000000,2026-09-03T11:32:30.476414
72250,1432,2,27,853.495,0,1706.99,00000000-0000-0000-0000-000000000000,2026-09-03T11:32:30.476429
72251,1433,2,23,1179.4379,0,2358.8758,00000000-0000-0000-0000-000000000000,2026-09-03T11:32:30.476434
72251,1434,1,20,144.1959,0,144.1959,00000000-0000-0000-0000-000000000000,2026-09-03T11:32:30.476437
72252,1435,9,7,90.8271,0,817.4439,00000000-0000-0000-0000-000000000000,2026-09-03T11:32:30.476440
72252,1436,4,5,1097.6651,0,4390.6604,00000000-0000-0000-0000-000000000000,2026-09-03T11:32:30.476442
72252,1437,10,17,496.0494,0.05,4712.4693,00000000-0000-0000-0000-000000000000,2026-09-03T11:32:30.476445
72253,1438,8,40,2887.0309,0.2,18476.9978,00000000-0000-0000-0000-000000000000,2026-09-03T11:32:30.476448
72253,1439,6,13,3006.069,0.2,14429.1312,00000000-0000-0000-0000-000000000000,2026-09-03T11:32:30.476451
72254,1440,2,8,2793.2305,0.15,4748.4919,00000000-0000-0000-0000-000000000000,2026-09-03T11:32:30.476455
72255,1441,10,2,844.1121,0,8441.121,00000000-0000-0000-0000-000000000000,2026-09-03T11:32:30.476459
72255,1442,3,26,968.9516,0.2,2325.4838,00000000-0000-0000-0000-000000000000,2026-09-03T11:32:30.476461
72256,1443,5,10,654.4305,0.05,3108.5449,00000000-0000-0000-0000-000000000000,2026-09-03T11:32:30.476465
72256,1444,7,12,1934.2487,0.2,10831.7927,00000000-0000-0000-0000-000000000000,2026-09-03T11:32:30.476468
72256,1445,2,45,2823.374,0,5646.748,00000000-0000-0000-0000-000000000000,2026-09-03T11:32:30.476471
72257,1446,4,34,1837.2683,0.05,6981.6195,00000000-0000-0000-0000-000000000000,2026-09-03T11:32:30.476474
72258,1447,6,23,1943.4852,0.15,9911.7745,00000000-0000-0000-0000-000000000000,2026-09-03T11:32:30.476477
72258,1448,5,41,1031.0191,0,5155.0955,00000000-0000-0000-0000-000000000000,2026-09-03T11:32:30.476479
72259,1449,10,53,3419.029,0.2,27352.232,00000000-0000-0000-0000-000000000000,2026-09-03T11:32:30.476482
72259,1450,10,15,3181.9111,0,31819.111,00000000-0000-0000-0000-000000000000,2026-09-03T11:32:30.476485
72259,1451,8,43,1141.3845,0,9131.076,00000000-0000-0000-0000-000000000000,2026-09-03T11:32:30.476487
72259,1452,6,54,3157.551,0,18945.306,00000000-0000-0000-0000-000000000000,2026-09-03T11:32:30.476490
72260,1453,4,45,1101.1991,0.15,3744.0769,00000000-0000-0000-0000-000000000000,2026-09-03T11:32:30.476493
72260,1454,7,9,1593.6066,0,11155.2462,00000000-0000-0000-0000-000000000000,2026-09-03T11:32:30.476495
72260,1455,2,27,1663.933,0.1,2995.0794,00000000-0000-0000-0000-000000000000,2026-09-03T11:32:30.476498
72261,1456,5,25,707.2892,0.05,3359.6237,00000000-0000-0000-0000-000000000000,2026-09-03T11:32:30.476501
72261,1457,3,6,343.1845,0.2,823.6428,00000000-0000-0000-0000-000000000000,2026-09-03T11:32:30.476504
72261,1458,8,24,2340.6246,0.2,14979.9974,00000000-0000-0000-0000-000000000000,2026-09-03T11:32:30.476506
72261,1459,3,49,3371.9962,0.15,8598.5903,00000000-0000-0000-0000-000000000000,2026-09-03T11:32:30.476509
72262,1460,3,49,908.0751,0,2724.2253,00000000-0000-0000-0000-000000000000,2026-09-03T11:32:30.476512
72262,1461,5,34,1490.8592,0.1,6708.8664,00000000-0000-0000-0000-000000000000,2026-09-03T11:32:30.476515
72262,1462,8,26,423.6637,0.2,2711.4477,00000000-0000-0000-0000-000000000000,2026-09-03T11:32:30.476518
72262,1463,10,4,567.6453,0.1,5108.8077,00000000-0000-0000-0000-000000000000,2026-09-03T11:32:30.476520
72263,1464,10,54,2002.8596,0,20028.596,00000000-0000-0000-0000-000000000000,2026-09-03T11:32:30.476523
72263,1465,4,40,1515.8909,0,6063.5636,00000000-0000-0000-0000-000000000000,2026-09-03T11:32:30.476526
72263,1466,7,48,2096.018,0,14672.126,00000000-0000-0000-0000-000000000000,2026-09-03T11:32:30.476528
72263,1467,5,22,1734.3107,0,8671.5535,00000000-0000-0000-0000-000000000000,2026-09-03T11:32:30.476531
72264,1468,10,53,2495.8465,0.15,21214.6953,00000000-0000-0000-0000-000000000000,2026-09-03T11:32:30.476534
72265,1469,3,44,1894.0866,0.2,4545.8078,00000000-0000-0000-0000-000000000000,2026-09-03T11:32:30.476537
72265,1470,8,15,2466.6069,0.05,18746.2124,00000000-0000-0000-0000-000000000000,2026-09-03T11:32:30.476541
72265,1471,3,49,2371.6787,0,7115.0361,00000000-0000-0000-0000-000000000000,2026-09-03T11:32:30.476543
72265,1472,4,53,761.4425,0.2,2436.616,00000000-0000-0000-0000-000000000000,2026-09-03T11:32:30.476546
72265,1473,9,3,2716.143,0.1,22000.7583,00000000-0000-0000-0000-000000000000,2026-09-03T11:32:30.476549
72266,1474,2,43,1762.2655,0.2,2819.6248,00000000-0000-0000-0000-000000000000,2026-09-03T11:32:30.476552
72266,1475,1,10,1028.2157,0,1028.2157,00000000-0000-0000-0000-000000000000,2026-09-03T11:32:30.476554
72266,1476,4,26,1298.8477,0.2,4156.3126,00000000-0000-0000-0000-000000000000,2026-09-03T11:32:30.476557
72267,1477,3,36,1288.2745,0.2,3091.8588,00000000-0000-0000-0000-000000000000,2026-09-03T11:32:30.476560
72267,1478,4,7,623.2078,0.15,2118.9065,00000000-0000-0000-0000-000000000000,2026-09-03T11:32:30.476562
72267,1479,8,24,869.6446,0,6957.1568,00000000-0000-0000-0000-000000000000,2026-09-03T11:32:30.476565
72268,1480,3,39,1551.0563,0.05,4420.5105,00000000-0000-0000-0000-000000000000,2026-09-03T11:32:30.476568
72268,1481,6,19,2137.6222,0,12825.7332,00000000-0000-0000-0000-000000000000,2026-09-03T11:32:30.476570
72268,1482,5,41,2070.7406,0.15,8800.6476,00000000-0000-0000-0000-000000000000,2026-09-03T11:32:30.476573
72269,1483,9,46,687.3479,0,6186.1311,00000000-0000-0000-0000-000000000000,2026-09-03T11:32:30.476576
72269,1484,4,28,718.9002,0,2875.6008,00000000-0000-0000-0000-000000000000,2026-09-03T11:32:30.476579
72269,1485,4,51,3091.4341,0,12365.7364,00000000-0000-0000-0000-000000000000,2026-09-03T11:32:30.476582
72270,1486,3,43,3104.2292,0.15,7915.7845,00000000-0000-0000-0000-000000000000,2026-09-03T11:32:30.476585
72271,1487,2,21,1698.4934,0,3396.9868,00000000-0000-0000-0000-000000000000,2026-09-03T11:32:30.476588
72271,1488,10,8,65.1408,0,651.408,00000000-0000-0000-0000-000000000000,2026-09-03T11:32:30.476590
72271,1489,10,9,3321.0458,0.05,31549.9351,00000000-0000-0000-0000-000000000000,2026-09-03T11:32:30.476593
72271,1490,6,52,1370.4957,0.2,6578.3794,00000000-0000-0000-0000-000000000000,2026-09-03T11:32:30.476596
72271,1491,4,11,234.1671,0.05,889.835,00000000-0000-0000-0000-000000000000,2026-09-03T11:32:30.476598
72272,1492,3,44,399.2841,0.05,1137.9597,00000000-0000-0000-0000-000000000000,2026-09-03T11:32:30.476601
72272,1493,1,47,2154.1991,0.15,1831.0692,00000000-0000-0000-0000-000000000000,2026-09-03T11:32:30.476604
72272,1494,10,10,1766.9349,0,17669.349,00000000-0000-0000-0000-000000000000,2026-09-03T11:32:30.476607
72272,1495,9,16,556.9908,0.1,4511.6255,00000000-0000-0000-0000-000000000000,2026-09-03T11:32:30.476609
72272,1496,6,29,1395.775,0,8374.65,00000000-0000-0000-0000-000000000000,2026-09-03T11:32:30.476612
72273,1497,8,8,2381.0969,0.05,18096.3364,00000000-0000-0000-0000-000000000000,2026-09-03T11:32:30.476615
72273,1498,3,37,2707.3374,0,8122.0122,00000000-0000-0000-0000-000000000000,2026-09-03T11:32:30.476617
72274,1499,1,29,2391.7318,0.05,2272.1452,00000000-0000-0000-0000-000000000000,2026-09-03T11:32:30.476620
72274,1500,10,48,2255.7079,0,22557.079,00000000-0000-0000-0000-000000000000,2026-09-03T11:32:30.476623
72274,1501,2,24,2169.439,0.15,3688.0463,00000000-0000-0000-0000-000000000000,2026-09-03T11:32:30.476625
72274,1502,5,18,3023.2267,0,15116.1335,00000000-0000-0000-0000-000000000000,2026-09-03T11:32:30.476628
72274,1503,3,1,1119.1081,0,3357.3243,00000000-0000-0000-0000-000000000000,2026-09-03T11:32:30.476630
72275,1504,9,16,2718.6369,0.05,23244.3455,00000000-0000-0000-0000-000000000000,2026-09-03T11:32:30.476633
72275,1505,10,3,1966.01,0.1,17694.09,00000000-0000-0000-0000-000000000000,2026-09-03T11:32:30.476636
72276,1506,6,4,2609.2686,0,15655.6116,00000000-0000-0000-0000-000000000000,2026-09-03T11:32:30.476639
72276,1507,9,26,603.6525,0,5432.8725,00000000-0000-0000-0000-000000000000,2026-09-03T11:32:30.476641
72277,1508,4,42,2666.7012,0,10666.8048,00000000-0000-0000-0000-000000000000,2026-09-03T11:32:30.476645
72277,1509,1,39,2729.0988,0,2729.0988,00000000-0000-0000-0000-000000000000,2026-09-03T11:32:30.476647
72277,1510,4,18,2735.2402,0.2,8752.7686,00000000-0000-0000-0000-000000000000,2026-09-03T11:32:30.476650
72277,1511,8,44,1434.2234,0.15,9752.7191,00000000-0000-0000-0000-000000000000,2026-09-03T11:32:30.476653
72278,1512,9,46,1048.6151,0,9437.5359,00000000-0000-0000-0000-000000000000,2026-09-03T11:32:30.476655
72278,1513,7,35,2535.3688,0,17747.5816,00000000-0000-0000-0000-000000000000,2026-09-03T11:32:30.476658
72278,1514,2,16,1772.4103,0,3544.8206,00000000-0000-0000-0000-000000000000,2026-09-03T11:32:30.476661
72279,1515,3,5,2330.9574,0.05,6643.2286,00000000-0000-0000-0000-000000000000,2026-09-03T11:32:30.476664
72279,1516,6,7,179.154,0.2,859.9392,00000000-0000-0000-0000-000000000000,2026-09-03T11:32:30.476667
72279,1517,7,4,860.4585,0,6023.2095,00000000-0000-0000-0000-000000000000,2026-09-03T11:32:30.476669
72279,1518,3,10,360.9197,0,1082.7591,00000000-0000-0000-0000-000000000000,2026-09-03T11:32:30.476672
72279,1519,9,43,20.1978,0,181.7802,00000000-0000-0000-0000-000000000000,2026-09-03T11:32:30.476674
72280,1520,4,12,600.0158,0.2,1920.0506,00000000-0000-0000-0000-000000000000,2026-09-03T11:32:30.476677
72280,1521,4,44,120.0267,0.1,432.0961,00000000-0000-0000-0000-000000000000,2026-09-03T11:32:30.476680
72280,1522,7,34,2561.9022,0.2,14346.6523,00000000-0000-0000-0000-000000000000,2026-09-03T11:32:30.476682
72280,1523,7,15,434.2391,0.2,2431.739,00000000-0000-0000-0000-000000000000,2026-09-03T11:32:30.476685
72280,1524,4,35,1459.5224,0,5838.0896,00000000-0000-0000-0000-000000000000,2026-09-03T11:32:30.476688
72281,1525,2,42,2371.8115,0.15,4032.0795,00000000-0000-0000-0000-000000000000,2026-09-03T11:32:30.476691
72281,1526,4,48,3285.0563,0.05,12483.2139,00000000-0000-0000-0000-000000000000,2026-09-03T11:32:30.476693
72281,1527,8,48,1337.5109,0,10700.0872,00000000-0000-0000-0000-000000000000,2026-09-03T11:32:30.476696
72281,1528,5,42,1790.8797,0.15,7611.2387,00000000-0000-0000-0000-000000000000,2026-09-03T11:32:30.476699
72281,1529,3,3,1706.4609,0.05,4863.4136,00000000-0000-0000-0000-000000000000,2026-09-03T11:32:30.476701
72282,1530,2,17,90.7403,0,181.4806,00000000-0000-0000-0000-000000000000,2026-09-03T11:32:30.476704
72283,1531,1,30,2734.0962,0.05,2597.3914,00000000-0000-0000-0000-000000000000,2026-09-03T11:32:30.476707
72284,1532,9,24,1523.6186,0,13712.5674,00000000-0000-0000-0000-000000000000,2026-09-03T11:32:30.476710
72285,1533,9,54,2782.6509,0.15,21287.2794,00000000-0000-0000-0000-000000000000,2026-09-03T11:32:30.476713
72286,1534,4,30,1129.0371,0,4516.1484,00000000-0000-0000-0000-000000000000,2026-09-03T11:32:30.476716
72286,1535,2,49,32.405,0,64.81,00000000-0000-0000-0000-000000000000,2026-09-03T11:32:30.476719
72286,1536,10,49,394.3509,0.2,3154.8072,00000000-0000-0000-0000-000000000000,2026-09-03T11:32:30.476722
72286,1537,5,24,290.9566,0,1454.783,00000000-0000-0000-0000-000000000000,2026-09-03T11:32:30.476725
72286,1538,7,39,915.8006,0,6410.6042,00000000-0000-0000-0000-000000000000,2026-09-03T11:32:30.476727
72287,1539,6,22,504.7707,0.05,2877.193,00000000-0000-0000-0000-000000000000,2026-09-03T11:32:30.476730
72287,1540,10,12,1369.3037,0,13693.037,00000000-0000-0000-0000-000000000000,2026-09-03T11:32:30.476733
72287,1541,2,16,1592.7831,0.05,3026.2879,00000000-0000-0000-0000-000000000000,2026-09-03T11:32:30.476736
72287,1542,2,45,1542.7759,0.15,2622.719,00000000-0000-0000-0000-000000000000,2026-09-03T11:32:30.476739
72288,1543,3,28,1756.661,0.2,4215.9864,00000000-0000-0000-0000-000000000000,2026-09-03T11:32:30.476742
72288,1544,7,7,849.4067,0,5945.8469,00000000-0000-0000-0000-000000000000,2026-09-03T11:32:30.476745
72288,1545,7,50,479.3073,0.05,3187.3935,00000000-0000-0000-0000-000000000000,2026-09-03T11:32:30.476748
72288,1546,1,24,1547.7614,0,1547.7614,00000000-0000-0000-0000-000000000000,2026-09-03T11:32:30.476751
72288,1547,8,7,1278.4629,0,10227.7032,00000000-0000-0000-0000-000000000000,2026-09-03T11:32:30.476753
72289,1548,9,31,1910.2024,0.2,13753.4573,00000000-0000-0000-0000-000000000000,2026-09-03T11:32:30.476756
72289,1549,1,11,2618.5646,0.2,2094.8517,00000000-0000-0000-0000-000000000000,2026-09-03T11:32:30.476759
72290,1550,5,43,768.7798,0.15,3267.3142,00000000-0000-0000-0000-000000000000,2026-09-03T11:32:30.476762
72290,1551,5,20,1338.9248,0,6694.624,00000000-0000-0000-0000-000000000000,2026-09-03T11:32:30.476765
72291,1552,8,28,3101.2548,0,24810.0384,00000000-0000-0000-0000-000000000000,2026-09-03T11:32:30.476768
72291,1553,1,19,724.7294,0,724.7294,00000000-0000-0000-0000-000000000000,2026-09-03T11:32:30.476770
72291,1554,2,52,3330.484,0,6660.968,00000000-0000-0000-0000-000000000000,2026-09-03T11:32:30.476772
72291,1555,2,44,1605.205,0.2,2568.328,00000000-0000-0000-0000-000000000000,2026-09-03T11:32:30.476775
72292,1556,2,24,617.6641,0.15,1050.029,00000000-0000-0000-0000-000000000000,2026-09-03T11:32:30.476778
72292,1557,4,8,657.6352,0.1,2367.4867,00000000-0000-0000-0000-000000000000,2026-09-03T11:32:30.476781
72292,1558,7,14,2107.3696,0.1,13276.4285,00000000-0000-0000-0000-000000000000,2026-09-03T11:32:30.476783
72293,1559,5,25,924.1423,0,4620.7115,00000000-0000-0000-0000-000000000000,2026-09-03T11:32:30.476786
72293,1560,10,25,1103.0461,0.1,9927.4149,00000000-0000-0000-0000-000000000000,2026-09-03T11:32:30.476789
72293,1561,1,14,2080.1118,0.05,1976.1062,00000000-0000-0000-0000-000000000000,2026-09-03T11:32:30.476792
72293,1562,4,1,1327.1415,0.1,4777.7094,00000000-0000-0000-0000-000000000000,2026-09-03T11:32:30.476795
72294,1563,8,44,981.2808,0,7850.2464,00000000-0000-0000-0000-000000000000,2026-09-03T11:32:30.476798
72295,1564,7,47,3222.6641,0,22558.6487,00000000-0000-0000-0000-000000000000,2026-09-03T11:32:30.476801
72295,1565,2,49,802.276,0.2,1283.6416,00000000-0000-0000-0000-000000000000,2026-09-03T11:32:30.476803
72295,1566,3,50,1212.3588,0,3637.0764,00000000-0000-0000-0000-000000000000,2026-09-03T11:32:30.476806
72295,1567,2,43,3342.7643,0.1,6016.9757,00000000-0000-0000-0000-000000000000,2026-09-03T11:32:30.476808
72295,1568,1,25,2257.0333,0.05,2144.1816,00000000-0000-0000-0000-000000000000,2026-09-03T11:32:30.476811
72296,1569,2,3,2098.1023,0,4196.2046,00000000-0000-0000-0000-000000000000,2026-09-03T11:32:30.476815
72296,1570,7,48,3178.3715,0,22248.6005,00000000-0000-0000-0000-000000000000,2026-09-03T11:32:30.476817
72296,1571,10,7,3278.8784,0,32788.784,00000000-0000-0000-0000-000000000000,2026-09-03T11:32:30.476820
72297,1572,3,33,1905.8242,0,5717.4726,00000000-0000-0000-0000-000000000000,2026-09-03T11:32:30.476823
72298,1573,9,13,989.8727,0,8908.8543,00000000-0000-0000-0000-000000000000,2026-09-03T11:32:30.476825
72298,1574,2,29,81.2737,0.1,146.2927,00000000-0000-0000-0000-000000000000,2026-09-03T11:32:30.476828
72299,1575,1,53,2706.6418,0.05,2571.3097,00000000-0000-0000-0000-000000000000,2026-09-03T11:32:30.476831
72299,1576,8,34,1686.8001,0.15,11470.2407,00000000-0000-0000-0000-000000000000,2026-09-03T11:32:30.476834
72299,1577,9,42,2148.7487,0.2,15470.9906,00000000-0000-0000-0000-000000000000,2026-09-03T11:32:30.476837
72299,1578,8,19,889.6348,0.1,6405.3706,00000000-0000-0000-0000-000000000000,2026-09-03T11:32:30.476839
72299,1579,10,39,2039.9072,0.05,19379.1184,00000000-0000-0000-0000-000000000000,2026-09-03T11:32:30.476842
72300,1580,3,7,1111.8762,0.2,2668.5029,00000000-0000-0000-0000-000000000000,2026-09-03T11:32:30.476846
72301,1581,9,27,443.5935,0,3992.3415,00000000-0000-0000-0000-000000000000,2026-09-03T11:32:30.476849
72301,1582,6,34,2768.9408,0.05,15782.9626,00000000-0000-0000-0000-000000000000,2026-09-03T11:32:30.476851
72301,1583,10,35,2584.8151,0.1,23263.3359,00000000-0000-0000-0000-000000000000,2026-09-03T11:32:30.476854
72301,1584,7,5,2323.5544,0,16264.8808,00000000-0000-0000-0000-000000000000,2026-09-03T11:32:30.476857
72302,1585,6,27,747.295,0.2,3587.016,00000000-0000-0000-0000-000000000000,2026-09-03T11:32:30.476860
72302,1586,7,13,3016.8813,0,21118.1691,00000000-0000-0000-0000-000000000000,2026-09-03T11:32:30.476864
72302,1587,10,30,2903.5259,0,29035.259,00000000-0000-0000-0000-000000000000,2026-09-03T11:32:30.476867
72302,1588,6,29,3433.9337,0,20603.6022,00000000-0000-0000-0000-000000000000,2026-09-03T11:32:30.476869
72303,1589,7,7,2609.514,0.2,14613.2784,00000000-0000-0000-0000-000000000000,2026-09-03T11:32:30.476872
72303,1590,10,27,1470.7479,0,14707.479,00000000-0000-0000-0000-000000000000,2026-09-03T11:32:30.476875
72304,1591,9,5,1713.1324,0.1,13876.3724,00000000-0000-0000-0000-000000000000,2026-09-03T11:32:30.476878
72304,1592,4,34,319.4931,0.2,1022.3779,00000000-0000-0000-0000-000000000000,2026-09-03T11:32:30.476881
72305,1593,1,26,2272.4632,0.1,2045.2169,00000000-0000-0000-0000-000000000000,2026-09-03T11:32:30.476884
72305,1594,1,8,1861.1004,0,1861.1004,00000000-0000-0000-0000-000000000000,2026-09-03T11:32:30.476887
72305,1595,1,32,2674.9982,0.15,2273.7485,00000000-0000-0000-0000-000000000000,2026-09-03T11:32:30.476889
72305,1596,6,13,278.2405,0.05,1585.9708,00000000-0000-0000-0000-000000000000,2026-09-03T11:32:30.476893
72305,1597,3,8,2785.7527,0.15,7103.6694,00000000-0000-0000-0000-000000000000,2026-09-03T11:32:30.476895
72306,1598,4,27,784.0939,0.15,2665.9193,00000000-0000-0000-0000-000000000000,2026-09-03T11:32:30.476899
72306,1599,4,5,3224.022,0.2,10316.8704,00000000-0000-0000-0000-000000000000,2026-09-03T11:32:30.476901
72306,1600,9,22,1651.0205,0.2,11887.3476,00000000-0000-0000-0000-000000000000,2026-09-03T11:32:30.476904
72306,1601,1,20,944.4855,0,944.4855,00000000-0000-0000-0000-000000000000,2026-09-03T11:32:30.476906
72307,1602,8,44,2923.4304,0,23387.4432,00000000-0000-0000-0000-000000000000,2026-09-03T11:32:30.476909
72307,1603,5,24,580.0643,0,2900.3215,00000000-0000-0000-0000-000000000000,2026-09-03T11:32:30.476912
72307,1604,9,15,1810.451,0,16294.059,00000000-0000-0000-0000-000000000000,2026-09-03T11:32:30.476915
72307,1605,4,44,1202.6948,0.05,4570.2402,00000000-0000-0000-0000-000000000000,2026-09-03T11:32:30.476920
72307,1606,9,49,2095.9798,0.1,16977.4364,00000000-0000-0000-0000-000000000000,2026-09-03T11:32:30.476923
72308,1607,5,47,544.4886,0.2,2177.9544,00000000-0000-0000-0000-000000000000,2026-09-03T11:32:30.476926
72309,1608,3,21,2117.1107,0,6351.3321,00000000-0000-0000-0000-000000000000,2026-09-03T11:32:30.476929
72309,1609,2,29,2722.413,0,5444.826,00000000-0000-0000-0000-000000000000,2026-09-03T11:32:30.476931
72310,1610,3,21,253.3921,0.1,684.1587,00000000-0000-0000-0000-000000000000,2026-09-03T11:32:30.476935
72310,1611,5,54,1956.2036,0,9781.018,00000000-0000-0000-0000-000000000000,2026-09-03T11:32:30.476937
72310,1612,3,7,1732.4233,0.05,4937.4064,00000000-0000-0000-0000-000000000000,2026-09-03T11:32:30.476940
72311,1613,1,8,2476.2728,0.05,2352.4592,00000000-0000-0000-0000-000000000000,2026-09-03T11:32:30.476943
72311,1614,4,37,2439.7851,0.05,9271.1834,00000000-0000-0000-0000-000000000000,2026-09-03T11:32:30.476946
72312,1615,2,53,921.3093,0,1842.6186,00000000-0000-0000-0000-000000000000,2026-09-03T11:32:30.476949
72312,1616,9,17,735.6031,0.2,5296.3423,00000000-0000-0000-0000-000000000000,2026-09-03T11:32:30.476951
72312,1617,6,25,1121.0032,0,6726.0192,00000000-0000-0000-0000-000000000000,2026-09-03T11:32:30.476954
72312,1618,10,16,769.5219,0,7695.219,00000000-0000-0000-0000-000000000000,2026-09-03T11:32:30.476956
72312,1619,8,39,40.2826,0.2,257.8086,00000000-0000-0000-0000-000000000000,2026-09-03T11:32:30.476959
72313,1620,6,50,1829.3944,0.15,9329.9114,00000000-0000-0000-0000-000000000000,2026-09-03T11:32:30.476962
72313,1621,10,28,3353.1867,0,33531.867,00000000-0000-0000-0000-000000000000,2026-09-03T11:32:30.476965
72313,1622,6,51,2438.2147,0,14629.2882,00000000-0000-0000-0000-000000000000,2026-09-03T11:32:30.476967
72313,1623,3,41,2031.739,0.05,5790.4561,00000000-0000-0000-0000-000000000000,2026-09-03T11:32:30.476970
72314,1624,9,48,3202.1859,0,28819.6731,00000000-0000-0000-0000-000000000000,2026-09-03T11:32:30.476973
72314,1625,3,45,2143.3636,0.2,5144.0726,00000000-0000-0000-0000-000000000000,2026-09-03T11:32:30.476975
72314,1626,4,22,385.5629,0.05,1465.139,00000000-0000-0000-0000-000000000000,2026-09-03T11:32:30.476978
72315,1627,2,5,1470.6943,0.1,2647.2497,00000000-0000-0000-0000-000000000000,2026-09-03T11:32:30.476981
72316,1628,8,13,763.1163,0.1,5494.4374,00000000-0000-0000-0000-000000000000,2026-09-03T11:32:30.476984
72316,1629,1,31,3270.7263,0.05,3107.19,00000000-0000-0000-0000-000000000000,2026-09-03T11:32:30.476987
72317,1630,4,46,432.3733,0.15,1470.0692,00000000-0000-0000-0000-000000000000,2026-09-03T11:32:30.476990
72317,1631,3,20,1035.1326,0,3105.3978,00000000-0000-0000-0000-000000000000,2026-09-03T11:32:30.476992
72318,1632,3,48,2280.0923,0.15,5814.2354,00000000-0000-0000-0000-000000000000,2026-09-03T11:32:30.476995
72318,1633,2,45,2979.9341,0,5959.8682,00000000-0000-0000-0000-000000000000,2026-09-03T11:32:30.476998
72319,1634,4,52,1842.9848,0.2,5897.5514,00000000-0000-0000-0000-000000000000,2026-09-03T11:32:30.477001
72319,1635,4,12,2834.7295,0.05,10771.9721,00000000-0000-0000-0000-000000000000,2026-09-03T11:32:30.477004
72319,1636,6,20,2569.9836,0.05,14648.9065,00000000-0000-0000-0000-000000000000,2026-09-03T11:32:30.477006
72319,1637,9,7,3157.2381,0,28415.1429,00000000-0000-0000-0000-000000000000,2026-09-03T11:32:30.477008
72319,1638,5,18,2274.3592,0,11371.796,00000000-0000-0000-0000-000000000000,2026-09-03T11:32:30.477011
72320,1639,5,10,1044.8928,0.1,4702.0176,00000000-0000-0000-0000-000000000000,2026-09-03T11:32:30.477015
72320,1640,1,11,2346.2132,0.15,1994.2812,00000000-0000-0000-0000-000000000000,2026-09-03T11:32:30.477018
72321,1641,6,1,863.831,0.2,4146.3888,00000000-0000-0000-0000-000000000000,2026-09-03T11:32:30.477021
72321,1642,8,27,2444.9962,0,19559.9696,00000000-0000-0000-0000-000000000000,2026-09-03T11:32:30.477024
72321,1643,2,43,1235.1201,0,2470.2402,00000000-0000-0000-0000-000000000000,2026-09-03T11:32:30.477026
72322,1644,6,27,1496.0304,0,8976.1824,00000000-0000-0000-0000-000000000000,2026-09-03T11:32:30.477029
72322,1645,10,52,3464.0299,0,34640.299,00000000-0000-0000-0000-000000000000,2026-09-03T11:32:30.477031
72322,1646,5,32,2020.0939,0,10100.4695,00000000-0000-0000-0000-000000000000,2026-09-03T11:32:30.477034
72322,1647,9,40,1236.92,0.1,10019.052,00000000-0000-0000-0000-000000000000,2026-09-03T11:32:30.477037
72322,1648,8,3,2476.3176,0,19810.5408,00000000-0000-0000-0000-000000000000,2026-09-03T11:32:30.477039
72323,1649,3,20,1095.5508,0.15,2793.6545,00000000-0000-0000-0000-000000000000,2026-09-03T11:32:30.477042
72323,1650,10,4,2937.3098,0,29373.098,00000000-0000-0000-0000-000000000000,2026-09-03T11:32:30.477045
72323,1651,3,25,1784.9123,0.2,4283.7895,00000000-0000-0000-0000-000000000000,2026-09-03T11:32:30.477047
72324,1652,2,2,2339.2164,0.2,3742.7462,00000000-0000-0000-0000-000000000000,2026-09-03T11:32:30.477050
72325,1653,10,18,1120.8881,0,11208.881,00000000-0000-0000-0000-000000000000,2026-09-03T11:32:30.477053
72325,1654,10,12,642.5227,0.1,5782.7043,00000000-0000-0000-0000-000000000000,2026-09-03T11:32:30.477056
72326,1655,4,31,2223.2649,0,8893.0596,00000000-0000-0000-0000-000000000000,2026-09-03T11:32:30.477059
72327,1656,10,43,2491.8262,0.05,23672.3489,00000000-0000-0000-0000-000000000000,2026-09-03T11:32:30.477062
72327,1657,10,12,3278.5296,0.05,31146.0312,00000000-0000-0000-0000-000000000000,2026-09-03T11:32:30.477064
72327,1658,6,15,2716.0334,0.1,14666.5804,00000000-0000-0000-0000-000000000000,2026-09-03T11:32:30.477067
72327,1659,2,37,818.6777,0.05,1555.4876,00000000-0000-0000-0000-000000000000,2026-09-03T11:32:30.477069
72328,1660,9,51,334.0994,0,3006.8946,00000000-0000-0000-0000-000000000000,2026-09-03T11:32:30.477073
72328,1661,1,54,2643.1865,0.1,2378.8679,00000000-0000-0000-0000-000000000000,2026-09-03T11:32:30.477076
72328,1662,5,9,2177.6789,0,10888.3945,00000000-0000-0000-0000-000000000000,2026-09-03T11:32:30.477078
72329,1663,3,19,2291.4305,0.2,5499.4332,00000000-0000-0000-0000-000000000000,2026-09-03T11:32:30.477081
72329,1664,3,33,17.6801,0.05,50.3883,00000000-0000-0000-0000-000000000000,2026-09-03T11:32:30.477084
72329,1665,7,13,2608.9326,0,18262.5282,00000000-0000-0000-0000-000000000000,2026-09-03T11:32:30.477087
72330,1666,9,35,2822.7774,0.15,21594.2471,00000000-0000-0000-0000-000000000000,2026-09-03T11:32:30.477090
72330,1667,5,14,2119.7327,0,10598.6635,00000000-0000-0000-0000-000000000000,2026-09-03T11:32:30.477093
72331,1668,9,25,1304.5353,0.15,9979.695,00000000-0000-0000-0000-000000000000,2026-09-03T11:32:30.477096
72331,1669,5,47,1532.2682,0.1,6895.2069,00000000-0000-0000-0000-000000000000,2026-09-03T11:32:30.477099
72331,1670,6,52,140.1159,0.05,798.6606,00000000-0000-0000-0000-000000000000,2026-09-03T11:32:30.477101
72331,1671,4,47,1015.0157,0,4060.0628,00000000-0000-0000-0000-000000000000,2026-09-03T11:32:30.477104
72332,1672,3,36,626.3167,0.1,1691.0551,00000000-0000-0000-0000-000000000000,2026-09-03T11:32:30.477107
72332,1673,8,18,1160.8953,0,9287.1624,00000000-0000-0000-0000-000000000000,2026-09-03T11:32:30.477109
72332,1674,1,37,722.6665,0.2,578.1332,00000000-0000-0000-0000-000000000000,2026-09-03T11:32:30.477112
72332,1675,9,41,3018.2712,0,27164.4408,00000000-0000-0000-0000-000000000000,2026-09-03T11:32:30.477114
72332,1676,10,24,3162.9362,0.1,28466.4258,00000000-0000-0000-0000-000000000000,2026-09-03T11:32:30.477117
72333,1677,1,16,959.2081,0.05,911.2477,00000000-0000-0000-0000-000000000000,2026-09-03T11:32:30.477120
72333,1678,10,28,1996.9206,0.2,15975.3648,00000000-0000-0000-0000-000000000000,2026-09-03T11:32:30.477124
72333,1679,6,39,998.9935,0,5993.961,00000000-0000-0000-0000-000000000000,2026-09-03T11:32:30.477126
72333,1680,8,26,345.4802,0.2,2211.0733,00000000-0000-0000-0000-000000000000,2026-09-03T11:32:30.477129
72333,1681,8,8,1155.1992,0,9241.5936,00000000-0000-0000-0000-000000000000,2026-09-03T11:32:30.477131
72334,1682,1,49,1835.3875,0,1835.3875,00000000-0000-0000-0000-000000000000,2026-09-03T11:32:30.477134
72334,1683,6,18,2075.7934,0.1,11209.2844,00000000-0000-0000-0000-000000000000,2026-09-03T11:32:30.477137
72334,1684,8,14,485.9461,0.1,3498.8119,00000000-0000-0000-0000-000000000000,2026-09-03T11:32:30.477140
72334,1685,10,42,3271.6195,0,32716.195,00000000-0000-0000-0000-000000000000,2026-09-03T11:32:30.477143
72334,1686,9,28,1412.8584,0.05,12079.9393,00000000-0000-0000-0000-000000000000,2026-09-03T11:32:30.477145
72335,1687,10,38,1580.4088,0.1,14223.6792,00000000-0000-0000-0000-000000000000,2026-09-03T11:32:30.477148
72335,1688,7,45,911.1672,0,6378.1704,00000000-0000-0000-0000-000000000000,2026-09-03T11:32:30.477151
72335,1689,1,28,381.6561,0.15,324.4077,00000000-0000-0000-0000-000000000000,2026-09-03T11:32:30.477154
72335,1690,5,40,2049.0048,0,10245.024,00000000-0000-0000-0000-000000000000,2026-09-03T11:32:30.477156
72336,1691,1,49,3179.5657,0,3179.5657,00000000-0000-0000-0000-000000000000,2026-09-03T11:32:30.477159
72336,1692,5,51,759.9759,0.1,3419.8916,00000000-0000-0000-0000-000000000000,2026-09-03T11:32:30.477162
72336,1693,8,7,3330.3783,0.15,22646.5724,00000000-0000-0000-0000-000000000000,2026-09-03T11:32:30.477165
72336,1694,6,27,1185.161,0.05,6755.4177,00000000-0000-0000-0000-000000000000,2026-09-03T11:32:30.477167
72337,1695,6,5,2550.3557,0,15302.1342,00000000-0000-0000-0000-000000000000,2026-09-03T11:32:30.477170
72337,1696,7,2,1904.4402,0.1,11997.9733,00000000-0000-0000-0000-000000000000,2026-09-03T11:32:30.477173
72337,1697,8,43,2404.9252,0.05,18277.4315,00000000-0000-0000-0000-000000000000,2026-09-03T11:32:30.477175
72337,1698,3,14,1030.9338,0.1,2783.5213,00000000-0000-0000-0000-000000000000,2026-09-03T11:32:30.477178
72338,1699,10,41,2433.0869,0,24330.869,00000000-0000-0000-0000-000000000000,2026-09-03T11:32:30.477182
72338,1700,9,21,3442.0057,0.1,27880.2462,00000000-0000-0000-0000-000000000000,2026-09-03T11:32:30.477184
72338,1701,6,49,75.0764,0,450.4584,00000000-0000-0000-0000-000000000000,2026-09-03T11:32:30.477187
72339,1702,7,27,2263.5384,0.2,12675.815,00000000-0000-0000-0000-000000000000,2026-09-03T11:32:30.477190
72340,1703,8,22,2770.5475,0,22164.38,00000000-0000-0000-0000-000000000000,2026-09-03T11:32:30.477193
72340,1704,5,12,1094.9247,0,5474.6235,00000000-0000-0000-0000-000000000000,2026-09-03T11:32:30.477196
72340,1705,2,31,2785.9627,0.05,5293.3291,00000000-0000-0000-0000-000000000000,2026-09-03T11:32:30.477198
72340,1706,10,11,2911.7213,0.1,26205.4917,00000000-0000-0000-0000-000000000000,2026-09-03T11:32:30.477201
72340,1707,8,8,3149.2852,0.2,20155.4253,00000000-0000-0000-0000-000000000000,2026-09-03T11:32:30.477204
72341,1708,3,22,3356.7913,0.2,8056.2991,00000000-0000-0000-0000-000000000000,2026-09-03T11:32:30.477207
72341,1709,4,35,204.3826,0.2,654.0243,00000000-0000-0000-0000-000000000000,2026-09-03T11:32:30.477209
72341,1710,8,28,1139.8042,0.15,7750.6686,00000000-0000-0000-0000-000000000000,2026-09-03T11:32:30.477212
72342,1711,5,33,2646.9389,0.2,10587.7556,00000000-0000-0000-0000-000000000000,2026-09-03T11:32:30.477216
72342,1712,7,49,3474.5801,0,24322.0607,00000000-0000-0000-0000-000000000000,2026-09-03T11:32:30.477219
72343,1713,10,16,1815.3833,0,18153.833,00000000-0000-0000-0000-000000000000,2026-09-03T11:32:30.477221
72343,1714,9,4,2658.0058,0.05,22725.9496,00000000-0000-0000-0000-000000000000,2026-09-03T11:32:30.477224
72344,1715,6,15,693.5596,0.1,3745.2218,00000000-0000-0000-0000-000000000000,2026-09-03T11:32:30.477227
72344,1716,2,2,76.1192,0.2,121.7907,00000000-0000-0000-0000-000000000000,2026-09-03T11:32:30.477230
72344,1717,3,29,2696.5339,0.2,6471.6814,00000000-0000-0000-0000-000000000000,2026-09-03T11:32:30.477233
72344,1718,10,22,1926.9575,0.05,18306.0962,00000000-0000-0000-0000-000000000000,2026-09-03T11:32:30.477236
72345,1719,4,1,3384.2647,0.1,12183.3529,00000000-0000-0000-0000-000000000000,2026-09-03T11:32:30.477239
72346,1720,6,10,2253.0244,0.1,12166.3318,00000000-0000-0000-0000-000000000000,2026-09-03T11:32:30.477242
72346,1721,8,30,3173.8638,0.15,21582.2738,00000000-0000-0000-0000-000000000000,2026-09-03T11:32:30.477245
72346,1722,8,4,1232.4707,0.05,9366.7773,00000000-0000-0000-0000-000000000000,2026-09-03T11:32:30.477248
72347,1723,3,4,1361.6465,0.05,3880.6925,00000000-0000-0000-0000-000000000000,2026-09-03T11:32:30.477251
72347,1724,7,14,3309.2871,0.15,19690.2582,00000000-0000-0000-0000-000000000000,2026-09-03T11:32:30.477253
72348,1725,4,41,1071.1156,0,4284.4624,00000000-0000-0000-0000-000000000000,2026-09-03T11:32:30.477256
72348,1726,9,50,2087.0157,0.05,17843.9842,00000000-0000-0000-0000-000000000000,2026-09-03T11:32:30.477259
72348,1727,4,15,2096.1454,0.15,7126.8944,00000000-0000-0000-0000-000000000000,2026-09-03T11:32:30.477261
72349,1728,3,13,1884.8872,0.15,4806.4624,00000000-0000-0000-0000-000000000000,2026-09-03T11:32:30.477264
72350,1729,7,6,1304.0354,0.15,7759.0106,00000000-0000-0000-0000-000000000000,2026-09-03T11:32:30.477267
72350,1730,1,29,1673.9545,0.2,1339.1636,00000000-0000-0000-0000-000000000000,2026-09-03T11:32:30.477270
72351,1731,5,18,2935.3127,0.05,13942.7353,00000000-0000-0000-0000-000000000000,2026-09-03T11:32:30.477273
72351,1732,8,28,3033.6905,0.05,23056.0478,00000000-0000-0000-0000-000000000000,2026-09-03T11:32:30.477276
72352,1733,7,16,2366.4551,0,16565.1857,00000000-0000-0000-0000-000000000000,2026-09-03T11:32:30.477279
72352,1734,9,21,3301.7713,0.05,28230.1446,00000000-0000-0000-0000-000000000000,2026-09-03T11:32:30.477281
72353,1735,10,32,1787.9465,0.1,16091.5185,00000000-0000-0000-0000-000000000000,2026-09-03T11:32:30.477284
72354,1736,6,40,934.7317,0.05,5327.9707,00000000-0000-0000-0000-000000000000,2026-09-03T11:32:30.477288
72354,1737,4,19,961.4263,0,3845.7052,00000000-0000-0000-0000-000000000000,2026-09-03T11:32:30.477291
72354,1738,6,9,2939.1947,0.15,14989.893,00000000-0000-0000-0000-000000000000,2026-09-03T11:32:30.477293
72354,1739,4,29,2060.1417,0.2,6592.4534,00000000-0000-0000-0000-000000000000,2026-09-03T11:32:30.477296
72355,1740,1,49,2757.3681,0.2,2205.8945,00000000-0000-0000-0000-000000000000,2026-09-03T11:32:30.477299
72355,1741,7,30,2746.1885,0.05,18262.1535,00000000-0000-0000-0000-000000000000,2026-09-03T11:32:30.477302
72355,1742,5,2,1475.4216,0.05,7008.2526,00000000-0000-0000-0000-000000000000,2026-09-03T11:32:30.477304
72355,1743,1,31,935.3331,0,935.3331,00000000-0000-0000-0000-000000000000,2026-09-03T11:32:30.477307
72356,1744,5,39,1640.6881,0,8203.4405,00000000-0000-0000-0000-000000000000,2026-09-03T11:32:30.477310
72356,1745,5,6,1563.581,0,7817.905,00000000-0000-0000-0000-000000000000,2026-09-03T11:32:30.477312
72356,1746,8,50,275.3494,0.2,1762.2362,00000000-0000-0000-0000-000000000000,2026-09-03T11:32:30.477315
72356,1747,4,4,734.8631,0.2,2351.5619,00000000-0000-0000-0000-000000000000,2026-09-03T11:32:30.477318
72357,1748,1,42,2063.3783,0.2,1650.7026,00000000-0000-0000-0000-000000000000,2026-09-03T11:32:30.477321
72357,1749,5,48,2514.5188,0.1,11315.3346,00000000-0000-0000-0000-000000000000,2026-09-03T11:32:30.477324
72357,1750,6,26,126.905,0.05,723.3585,00000000-0000-0000-0000-000000000000,2026-09-03T11:32:30.477326
72357,1751,3,16,1256.1685,0.1,3391.655,00000000-0000-0000-0000-000000000000,2026-09-03T11:32:30.477329
72357,1752,5,22,2609.5795,0.15,11090.7129,00000000-0000-0000-0000-000000000000,2026-09-03T11:32:30.477331
72358,1753,6,42,1843.4148,0.2,8848.391,00000000-0000-0000-0000-000000000000,2026-09-03T11:32:30.477335
72358,1754,4,22,2303.7155,0,9214.862,00000000-0000-0000-0000-000000000000,2026-09-03T11:32:30.477338
72359,1755,3,27,3199.1205,0.2,7677.8892,00000000-0000-0000-0000-000000000000,2026-09-03T11:32:30.477341
72359,1756,1,3,1510.1322,0,1510.1322,00000000-0000-0000-0000-000000000000,2026-09-03T11:32:30.477344
72360,1757,10,48,1637.7885,0.2,13102.308,00000000-0000-0000-0000-000000000000,2026-09-03T11:32:30.477347
72360,1758,4,53,284.598,0,1138.392,00000000-0000-0000-0000-000000000000,2026-09-03T11:32:30.477349
72360,1759,6,53,1083.7506,0.2,5202.0029,00000000-0000-0000-0000-000000000000,2026-09-03T11:32:30.477352
72361,1760,10,33,281.5102,0.1,2533.5918,00000000-0000-0000-0000-000000000000,2026-09-03T11:32:30.477355
72361,1761,7,54,1991.2612,0.15,11848.0041,00000000-0000-0000-0000-000000000000,2026-09-03T11:32:30.477358
72361,1762,2,36,1107.11,0,2214.22,00000000-0000-0000-0000-000000000000,2026-09-03T11:32:30.477360
72361,1763,9,14,365.2901,0,3287.6109,00000000-0000-0000-0000-000000000000,2026-09-03T11:32:30.477363
72362,1764,7,28,2758.5684,0,19309.9788,00000000-0000-0000-0000-000000000000,2026-09-03T11:32:30.477366
72362,1765,5,31,276.9877,0.15,1177.1977,00000000-0000-0000-0000-000000000000,2026-09-03T11:32:30.477368
72362,1766,9,42,1575.8838,0,14182.9542,00000000-0000-0000-0000-000000000000,2026-09-03T11:32:30.477371
72362,1767,9,32,2676.7606,0.05,22886.3031,00000000-0000-0000-0000-000000000000,2026-09-03T11:32:30.477374
72363,1768,10,27,989.5178,0.05,9400.4191,00000000-0000-0000-0000-000000000000,2026-09-03T11:32:30.477377
72364,1769,7,36,2352.5392,0.2,13174.2195,00000000-0000-0000-0000-000000000000,2026-09-03T11:32:30.477381
72364,1770,10,2,3100.1791,0.15,26351.5223,00000000-0000-0000-0000-000000000000,2026-09-03T11:32:30.477383
72364,1771,3,24,2593.9056,0.15,6614.4593,00000000-0000-0000-0000-000000000000,2026-09-03T11:32:30.477386
72364,1772,10,24,1420.3651,0.1,12783.2859,00000000-0000-0000-0000-000000000000,2026-09-03T11:32:30.477388
72365,1773,2,18,1848.3717,0.1,3327.0691,00000000-0000-0000-0000-000000000000,2026-09-03T11:32:30.477391
72366,1774,4,1,2457.8289,0.15,8356.6183,00000000-0000-0000-0000-000000000000,2026-09-03T11:32:30.477395
72366,1775,3,32,2557.6825,0.1,6905.7427,00000000-0000-0000-0000-000000000000,2026-09-03T11:32:30.477397
72367,1776,1,21,3179.8558,0.2,2543.8846,00000000-0000-0000-0000-000000000000,2026-09-03T11:32:30.477400
72367,1777,4,40,981.0558,0.05,3728.012,00000000-0000-0000-0000-000000000000,2026-09-03T11:32:30.477404
72367,1778,3,5,1877.2544,0,5631.7632,00000000-0000-0000-0000-000000000000,2026-09-03T11:32:30.477406
72367,1779,2,14,894.2852,0,1788.5704,00000000-0000-0000-0000-000000000000,2026-09-03T11:32:30.477409
72368,1780,1,20,1866.4501,0.05,1773.1276,00000000-0000-0000-0000-000000000000,2026-09-03T11:32:30.477412
72369,1781,4,14,1083.2739,0.2,3466.4765,00000000-0000-0000-0000-000000000000,2026-09-03T11:32:30.477415
72369,1782,2,17,1935.6539,0.2,3097.0462,00000000-0000-0000-0000-000000000000,2026-09-03T11:32:30.477418
72369,1783,9,22,1593.7025,0.15,12191.8241,00000000-0000-0000-0000-000000000000,2026-09-03T11:32:30.477421
72369,1784,5,20,595.132,0.05,2826.877,00000000-0000-0000-0000-000000000000,2026-09-03T11:32:30.477423
72370,1785,10,17,19.293,0,192.93,00000000-0000-0000-0000-000000000000,2026-09-03T11:32:30.477431
72370,1786,3,47,994.2707,0,2982.8121,00000000-0000-0000-0000-000000000000,2026-09-03T11:32:30.477434
72371,1787,4,54,2742.9878,0.05,10423.3536,00000000-0000-0000-0000-000000000000,2026-09-03T11:32:30.477437
72371,1788,9,48,1257.1473,0,11314.3257,00000000-0000-0000-0000-000000000000,2026-09-03T11:32:30.477440
72372,1789,8,31,1453.5331,0.2,9302.6118,00000000-0000-0000-0000-000000000000,2026-09-03T11:32:30.477443
72372,1790,2,14,1065.5377,0,2131.0754,00000000-0000-0000-0000-000000000000,2026-09-03T11:32:30.477451
72372,1791,9,44,3216.1696,0,28945.5264,00000000-0000-0000-0000-000000000000,2026-09-03T11:32:30.477454
72372,1792,6,33,665.7657,0,3994.5942,00000000-0000-0000-0000-000000000000,2026-09-03T11:32:30.477457
72373,1793,6,35,692.6279,0.05,3947.979,00000000-0000-0000-0000-000000000000,2026-09-03T11:32:30.477460
72373,1794,4,40,2853.3545,0,11413.418,00000000-0000-0000-0000-000000000000,2026-09-03T11:32:30.477463
72373,1795,9,24,3275.4708,0.2,23583.3898,00000000-0000-0000-0000-000000000000,2026-09-03T11:32:30.477465
72374,1796,9,39,2431.2449,0.05,20787.1439,00000000-0000-0000-0000-000000000000,2026-09-03T11:32:30.477468
72374,1797,10,4,1154.2605,0.1,10388.3445,00000000-0000-0000-0000-000000000000,2026-09-03T11:32:30.477471
72375,1798,2,11,1833.5755,0.15,3117.0783,00000000-0000-0000-0000-000000000000,2026-09-03T11:32:30.477474
72375,1799,7,22,3399.2284,0.1,21415.1389,00000000-0000-0000-0000-000000000000,2026-09-03T11:32:30.477477
72375,1800,2,25,1269.9107,0.1,2285.8393,00000000-0000-0000-0000-000000000000,2026-09-03T11:32:30.477480
72375,1801,10,12,1617.8972,0.2,12943.1776,00000000-0000-0000-0000-000000000000,2026-09-03T11:32:30.477482
72375,1802,2,38,760.8113,0,1521.6226,00000000-0000-0000-0000-000000000000,2026-09-03T11:32:30.477485
72376,1803,10,6,1095.5609,0.2,8764.4872,00000000-0000-0000-0000-000000000000,2026-09-03T11:32:30.477489
72376,1804,1,47,1921.5835,0.15,1633.346,00000000-0000-0000-0000-000000000000,2026-09-03T11:32:30.477491
72377,1805,2,53,3474.7063,0.1,6254.4713,00000000-0000-0000-0000-000000000000,2026-09-03T11:32:30.477494
72378,1806,5,9,3032.8587,0,15164.2935,00000000-0000-0000-0000-000000000000,2026-09-03T11:32:30.477497
72378,1807,3,20,2465.4852,0.2,5917.1645,00000000-0000-0000-0000-000000000000,2026-09-03T11:32:30.477500
72378,1808,10,24,3202.4004,0,32024.004,00000000-0000-0000-0000-000000000000,2026-09-03T11:32:30.477502
72379,1809,4,49,1626.9529,0.2,5206.2493,00000000-0000-0000-0000-000000000000,2026-09-03T11:32:30.477505
72379,1810,10,48,2966.0009,0.2,23728.0072,00000000-0000-0000-0000-000000000000,2026-09-03T11:32:30.477508
72379,1811,2,33,3233.8559,0,6467.7118,00000000-0000-0000-0000-000000000000,2026-09-03T11:32:30.477510
72379,1812,4,19,1107.2379,0.05,4207.504,00000000-0000-0000-0000-000000000000,2026-09-03T11:32:30.477513
72379,1813,5,47,326.4659,0,1632.3295,00000000-0000-0000-0000-000000000000,2026-09-03T11:32:30.477516
72380,1814,2,22,317.5425,0,635.085,00000000-0000-0000-0000-000000000000,2026-09-03T11:32:30.477519
72380,1815,6,13,3090.4619,0,18542.7714,00000000-0000-0000-0000-000000000000,2026-09-03T11:32:30.477522
72380,1816,6,15,2972.9223,0,17837.5338,00000000-0000-0000-0000-000000000000,2026-09-03T11:32:30.477525
72380,1817,5,19,146.0801,0,730.4005,00000000-0000-0000-0000-000000000000,2026-09-03T11:32:30.477527
72381,1818,2,43,1579.7331,0.1,2843.5196,00000000-0000-0000-0000-000000000000,2026-09-03T11:32:30.477530
72382,1819,7,24,3129.0246,0.1,19712.855,00000000-0000-0000-0000-000000000000,2026-09-03T11:32:30.477533
72383,1820,6,21,1926.1132,0.15,9823.1773,00000000-0000-0000-0000-000000000000,2026-09-03T11:32:30.477536
72383,1821,7,16,1603.5986,0.15,9541.4117,00000000-0000-0000-0000-000000000000,2026-09-03T11:32:30.477539
72383,1822,6,20,2625.1002,0,15750.6012,00000000-0000-0000-0000-000000000000,2026-09-03T11:32:30.477541
72383,1823,3,39,427.6809,0.1,1154.7384,00000000-0000-0000-0000-000000000000,2026-09-03T11:32:30.477544
72383,1824,7,40,2072.6326,0,14508.4282,00000000-0000-0000-0000-000000000000,2026-09-03T11:32:30.477547
72384,1825,1,27,941.4834,0,941.4834,00000000-0000-0000-0000-000000000000,2026-09-03T11:32:30.477550
72384,1826,10,47,1080.6832,0,10806.832,00000000-0000-0000-0000-000000000000,2026-09-03T11:32:30.477552
72384,1827,7,7,2814.883,0,19704.181,00000000-0000-0000-0000-000000000000,2026-09-03T11:32:30.477555
72384,1828,7,42,3212.836,0.15,19116.3742,00000000-0000-0000-0000-000000000000,2026-09-03T11:32:30.477557
72384,1829,2,2,1338.0685,0.1,2408.5233,00000000-0000-0000-0000-000000000000,2026-09-03T11:32:30.477560
72385,1830,9,41,3134.1487,0.2,22565.8706,00000000-0000-0000-0000-000000000000,2026-09-03T11:32:30.477563
72386,1831,3,52,568.5302,0,1705.5906,00000000-0000-0000-0000-000000000000,2026-09-03T11:32:30.477566
72386,1832,9,10,2592.7864,0.05,22168.3237,00000000-0000-0000-0000-000000000000,2026-09-03T11:32:30.477569
72387,1833,3,44,2886.5517,0,8659.6551,00000000-0000-0000-0000-000000000000,2026-09-03T11:32:30.477572
72387,1834,8,23,302.1782,0.2,1933.9405,00000000-0000-0000-0000-000000000000,2026-09-03T11:32:30.477574
72387,1835,3,42,3248.2686,0.05,9257.5655,00000000-0000-0000-0000-000000000000,2026-09-03T11:32:30.477577
72387,1836,10,37,2739.7521,0.2,21918.0168,00000000-0000-0000-0000-000000000000,2026-09-03T11:32:30.477579
72388,1837,9,13,3341.5661,0,30074.0949,00000000-0000-0000-0000-000000000000,2026-09-03T11:32:30.477582
72388,1838,10,52,2213.6809,0.05,21029.9685,00000000-0000-0000-0000-000000000000,2026-09-03T11:32:30.477585
72388,1839,1,1,3264.0715,0,3264.0715,00000000-0000-0000-0000-000000000000,2026-09-03T11:32:30.477588
72388,1840,3,43,1214.9668,0,3644.9004,00000000-0000-0000-0000-000000000000,2026-09-03T11:32:30.477590
72389,1841,3,36,1728.0454,0.2,4147.309,00000000-0000-0000-0000-000000000000,2026-09-03T11:32:30.477594
72389,1842,4,11,2199.2675,0,8797.07,00000000-0000-0000-0000-000000000000,2026-09-03T11:32:30.477597
72389,1843,8,18,518.7277,0,4149.8216,00000000-0000-0000-0000-000000000000,2026-09-03T11:32:30.477600
72390,1844,3,17,1195.2051,0.05,3406.3345,00000000-0000-0000-0000-000000000000,2026-09-03T11:32:30.477603
72390,1845,8,8,2819.6645,0.1,20301.5844,00000000-0000-0000-0000-000000000000,2026-09-03T11:32:30.477606
72390,1846,2,19,515.1707,0,1030.3414,00000000-0000-0000-0000-000000000000,2026-09-03T11:32:30.477608
72390,1847,1,22,1178.0231,0.15,1001.3196,00000000-0000-0000-0000-000000000000,2026-09-03T11:32:30.477611
72390,1848,1,46,2372.351,0.1,2135.1159,00000000-0000-0000-0000-000000000000,2026-09-03T11:32:30.477613
72391,1849,7,2,3198.211,0.1,20148.7293,00000000-0000-0000-0000-000000000000,2026-09-03T11:32:30.477617
72391,1850,5,36,2822.9875,0,14114.9375,00000000-0000-0000-0000-000000000000,2026-09-03T11:32:30.477620
72392,1851,3,17,615.5238,0.2,1477.2571,00000000-0000-0000-0000-000000000000,2026-09-03T11:32:30.477623
72393,1852,5,31,1470.5965,0,7352.9825,00000000-0000-0000-0000-000000000000,2026-09-03T11:32:30.477626
72394,1853,7,45,1584.5316,0.2,8873.377,00000000-0000-0000-0000-000000000000,2026-09-03T11:32:30.477629
72394,1854,1,46,3429.2586,0,3429.2586,00000000-0000-0000-0000-000000000000,2026-09-03T11:32:30.477631
72394,1855,2,41,2032.7056,0,4065.4112,00000000-0000-0000-0000-000000000000,2026-09-03T11:32:30.477634
72395,1856,9,22,3402.4627,0.1,27559.9479,00000000-0000-0000-0000-000000000000,2026-09-03T11:32:30.477637
72395,1857,5,14,1530.424,0.15,6504.302,00000000-0000-0000-0000-000000000000,2026-09-03T11:32:30.477640
72395,1858,6,41,133.1173,0.05,758.7686,00000000-0000-0000-0000-000000000000,2026-09-03T11:32:30.477642
72395,1859,3,15,2945.0817,0.05,8393.4828,00000000-0000-0000-0000-000000000000,2026-09-03T11:32:30.477645
72395,1860,9,33,1806.7334,0.05,15447.5706,00000000-0000-0000-0000-000000000000,2026-09-03T11:32:30.477648
72396,1861,6,28,1555.3633,0.05,8865.5708,00000000-0000-0000-0000-000000000000,2026-09-03T11:32:30.477651
72396,1862,10,54,2443.4268,0.1,21990.8412,00000000-0000-0000-0000-000000000000,2026-09-03T11:32:30.477654
72396,1863,7,43,839.4159,0,5875.9113,00000000-0000-0000-0000-000000000000,2026-09-03T11:32:30.477656
72396,1864,3,9,3356.8457,0.05,9567.0102,00000000-0000-0000-0000-000000000000,2026-09-03T11:32:30.477660
72396,1865,2,7,2953.2772,0,5906.5544,00000000-0000-0000-0000-000000000000,2026-09-03T11:32:30.477662
72397,1866,5,31,1950.4839,0,9752.4195,00000000-0000-0000-0000-000000000000,2026-09-03T11:32:30.477665
72397,1867,8,6,2909.1704,0,23273.3632,00000000-0000-0000-0000-000000000000,2026-09-03T11:32:30.477668
72398,1868,9,2,2157.7414,0,19419.6726,00000000-0000-0000-0000-000000000000,2026-09-03T11:32:30.477671
72398,1869,5,34,733.5276,0,3667.638,00000000-0000-0000-0000-000000000000,2026-09-03T11:32:30.477675
72398,1870,6,47,2058.1534,0.2,9879.1363,00000000-0000-0000-0000-000000000000,2026-09-03T11:32:30.477677
72398,1871,10,19,868.1627,0,8681.627,00000000-0000-0000-0000-000000000000,2026-09-03T11:32:30.477680
72398,1872,2,17,1085.0586,0.1,1953.1055,00000000-0000-0000-0000-000000000000,2026-09-03T11:32:30.477683
72399,1873,1,24,2832.988,0.15,2408.0398,00000000-0000-0000-0000-000000000000,2026-09-03T11:32:30.477686
72399,1874,3,36,824.4209,0.05,2349.5996,00000000-0000-0000-0000-000000000000,2026-09-03T11:32:30.477689
72399,1875,2,48,845.396,0,1690.792,00000000-0000-0000-0000-000000000000,2026-09-03T11:32:30.477691
72399,1876,1,53,1436.8495,0,1436.8495,00000000-0000-0000-0000-000000000000,2026-09-03T11:32:30.477694
72400,1877,3,43,1166.5202,0,3499.5606,00000000-0000-0000-0000-000000000000,2026-09-03T11:32:30.477696
72400,1878,1,52,2558.2365,0.05,2430.3247,00000000-0000-0000-0000-000000000000,2026-09-03T11:32:30.477699
72400,1879,9,49,1952.5102,0.2,14058.0734,00000000-0000-0000-0000-000000000000,2026-09-03T11:32:30.477702
72400,1880,9,48,1814.5669,0.2,13064.8817,00000000-0000-0000-0000-000000000000,2026-09-03T11:32:30.477705
72400,1881,6,25,2698.0773,0.2,12950.771,00000000-0000-0000-0000-000000000000,2026-09-03T11:32:30.477708
72401,1882,6,50,2079.5741,0,12477.4446,00000000-0000-0000-0000-000000000000,2026-09-03T11:32:30.477711
72401,1883,9,43,2325.7295,0.15,17791.8307,00000000-0000-0000-0000-000000000000,2026-09-03T11:32:30.477713
72402,1884,9,11,3055.5052,0,27499.5468,00000000-0000-0000-0000-000000000000,2026-09-03T11:32:30.477716
72402,1885,2,34,2511.9955,0,5023.991,00000000-0000-0000-0000-000000000000,2026-09-03T11:32:30.477719
72403,1886,4,3,548.3758,0,2193.5032,00000000-0000-0000-0000-000000000000,2026-09-03T11:32:30.477721
72403,1887,9,22,1534.3957,0.1,12428.6052,00000000-0000-0000-0000-000000000000,2026-09-03T11:32:30.477724
72404,1888,7,32,1877.7706,0,13144.3942,00000000-0000-0000-0000-000000000000,2026-09-03T11:32:30.477727
72404,1889,8,33,3174.2012,0.15,21584.5682,00000000-0000-0000-0000-000000000000,2026-09-03T11:32:30.477730
72404,1890,5,21,74.4676,0.05,353.7211,00000000-0000-0000-0000-000000000000,2026-09-03T11:32:30.477732
72404,1891,8,18,2807.9685,0,22463.748,00000000-0000-0000-0000-000000000000,2026-09-03T11:32:30.477736
72405,1892,10,31,2015.1171,0.2,16120.9368,00000000-0000-0000-0000-000000000000,2026-09-03T11:32:30.477739
72405,1893,4,23,1178.1831,0,4712.7324,00000000-0000-0000-0000-000000000000,2026-09-03T11:32:30.477742
72405,1894,8,21,2230.2625,0,17842.1,00000000-0000-0000-0000-000000000000,2026-09-03T11:32:30.477745
72406,1895,6,39,2396.04,0.15,12219.804,00000000-0000-0000-0000-000000000000,2026-09-03T11:32:30.477748
72406,1896,10,32,2203.4937,0.1,19831.4433,00000000-0000-0000-0000-000000000000,2026-09-03T11:32:30.477750
72406,1897,8,18,968.1376,0.15,6583.3357,00000000-0000-0000-0000-000000000000,2026-09-03T11:32:30.477754
72407,1898,5,34,3384.7183,0,16923.5915,00000000-0000-0000-0000-000000000000,2026-09-03T11:32:30.477757
72408,1899,7,29,2396.8257,0,16777.7799,00000000-0000-0000-0000-000000000000,2026-09-03T11:32:30.477760
72408,1900,2,51,1138.0746,0,2276.1492,00000000-0000-0000-0000-000000000000,2026-09-03T11:32:30.477762
72408,1901,7,17,2163.665,0.05,14388.3722,00000000-0000-0000-0000-000000000000,2026-09-03T11:32:30.477766
72408,1902,10,27,1177.9117,0,11779.117,00000000-0000-0000-0000-000000000000,2026-09-03T11:32:30.477768
72409,1903,6,50,2757.085,0,16542.51,00000000-0000-0000-0000-000000000000,2026-09-03T11:32:30.477771
72409,1904,2,40,2248.2281,0,4496.4562,00000000-0000-0000-0000-000000000000,2026-09-03T11:32:30.477774
72409,1905,10,28,1417.5259,0.1,12757.7331,00000000-0000-0000-0000-000000000000,2026-09-03T11:32:30.477776
72410,1906,1,37,3274.4249,0,3274.4249,00000000-0000-0000-0000-000000000000,2026-09-03T11:32:30.477779
72410,1907,9,53,3344.3926,0,30099.5334,00000000-0000-0000-0000-000000000000,2026-09-03T11:32:30.477782
72411,1908,7,51,222.9792,0,1560.8544,00000000-0000-0000-0000-000000000000,2026-09-03T11:32:30.477785
72411,1909,2,49,678.9327,0,1357.8654,00000000-0000-0000-0000-000000000000,2026-09-03T11:32:30.477787
72412,1910,3,12,2018.8691,0.15,5148.1162,00000000-0000-0000-0000-000000000000,2026-09-03T11:32:30.477790
72412,1911,3,34,3227.657,0,9682.971,00000000-0000-0000-0000-000000000000,2026-09-03T11:32:30.477793
72412,1912,4,20,989.8676,0.1,3563.5234,00000000-0000-0000-0000-000000000000,2026-09-03T11:32:30.477795
72413,1913,7,36,594.2015,0.05,3951.44,00000000-0000-0000-0000-000000000000,2026-09-03T11:32:30.477798
72413,1914,9,50,180.3814,0.15,1379.9177,00000000-0000-0000-0000-000000000000,2026-09-03T11:32:30.477801
72413,1915,1,6,896.5988,0.15,762.109,00000000-0000-0000-0000-000000000000,2026-09-03T11:32:30.477804
72413,1916,9,3,2817.5807,0.2,20286.581,00000000-0000-0000-0000-000000000000,2026-09-03T11:32:30.477806
72413,1917,4,13,968.3341,0.2,3098.6691,00000000-0000-0000-0000-000000000000,2026-09-03T11:32:30.477809
72414,1918,6,15,1941.8852,0,11651.3112,00000000-0000-0000-0000-000000000000,2026-09-03T11:32:30.477813
72414,1919,6,51,1540.8312,0,9244.9872,00000000-0000-0000-0000-000000000000,2026-09-03T11:32:30.477815
72414,1920,7,48,3085.1935,0.05,20516.5368,00000000-0000-0000-0000-000000000000,2026-09-03T11:32:30.477819
72415,1921,6,17,374.1008,0,2244.6048,00000000-0000-0000-0000-000000000000,2026-09-03T11:32:30.477822
72415,1922,6,16,961.254,0,5767.524,00000000-0000-0000-0000-000000000000,2026-09-03T11:32:30.477824
72415,1923,1,40,2054.3392,0.05,1951.6222,00000000-0000-0000-0000-000000000000,2026-09-03T11:32:30.477827
72415,1924,5,48,3117.953,0.05,14810.2767,00000000-0000-0000-0000-000000000000,2026-09-03T11:32:30.477830
72416,1925,8,9,2219.1423,0,17753.1384,00000000-0000-0000-0000-000000000000,2026-09-03T11:32:30.477833
72416,1926,4,26,177.7916,0,711.1664,00000000-0000-0000-0000-000000000000,2026-09-03T11:32:30.477837
72416,1927,5,40,3238.8741,0.2,12955.4964,00000000-0000-0000-0000-000000000000,2026-09-03T11:32:30.477840
72416,1928,10,45,2011.1157,0,20111.157,00000000-0000-0000-0000-000000000000,2026-09-03T11:32:30.477842
72417,1929,6,27,2489.9847,0.2,11951.9266,00000000-0000-0000-0000-000000000000,2026-09-03T11:32:30.477845
72417,1930,3,52,1561.1217,0.15,3980.8603,00000000-0000-0000-0000-000000000000,2026-09-03T11:32:30.477848
72418,1931,3,6,1281.8634,0,3845.5902,00000000-0000-0000-0000-000000000000,2026-09-03T11:32:30.477851
72418,1932,6,47,3079.3815,0,18476.289,00000000-0000-0000-0000-000000000000,2026-09-03T11:32:30.477854
72418,1933,4,36,3102.3734,0.2,9927.5949,00000000-0000-0000-0000-000000000000,2026-09-03T11:32:30.477857
72418,1934,8,30,868.1915,0,6945.532,00000000-0000-0000-0000-000000000000,2026-09-03T11:32:30.477859
72418,1935,9,9,1197.2425,0,10775.1825,00000000-0000-0000-0000-000000000000,2026-09-03T11:32:30.477862
72419,1936,3,27,3200.5086,0.05,9121.4495,00000000-0000-0000-0000-000000000000,2026-09-03T11:32:30.477865
72420,1937,6,26,769.229,0.1,4153.8366,00000000-0000-0000-0000-000000000000,2026-09-03T11:32:30.477868
72420,1938,5,19,1677.1469,0.1,7547.1611,00000000-0000-0000-0000-000000000000,2026-09-03T11:32:30.477870
72420,1939,8,36,2621.8751,0,20975.0008,00000000-0000-0000-0000-000000000000,2026-09-03T11:32:30.477873
72421,1940,8,54,2720.8977,0,21767.1816,00000000-0000-0000-0000-000000000000,2026-09-03T11:32:30.477876
72421,1941,10,45,1208.4446,0.15,10271.7791,00000000-0000-0000-0000-000000000000,2026-09-03T11:32:30.477878
72421,1942,10,33,1997.6178,0,19976.178,00000000-0000-0000-0000-000000000000,2026-09-03T11:32:30.477882
72421,1943,6,24,235.7126,0.05,1343.5618,00000000-0000-0000-0000-000000000000,2026-09-03T11:32:30.477884
72421,1944,5,20,249.1407,0.1,1121.1332,00000000-0000-0000-0000-000000000000,2026-09-03T11:32:30.477888
72422,1945,3,22,2779.1944,0.1,7503.8249,00000000-0000-0000-0000-000000000000,2026-09-03T11:32:30.477891
72423,1946,5,40,2355.9233,0.05,11190.6357,00000000-0000-0000-0000-000000000000,2026-09-03T11:32:30.477894
72423,1947,4,34,1899.8268,0.1,6839.3765,00000000-0000-0000-0000-000000000000,2026-09-03T11:32:30.477897
72424,1948,5,29,2323.7429,0.05,11037.7788,00000000-0000-0000-0000-000000000000,2026-09-03T11:32:30.477900
72424,1949,7,50,1562.8451,0,10939.9157,00000000-0000-0000-0000-000000000000,2026-09-03T11:32:30.477902
72424,1950,8,2,1124.1451,0,8993.1608,00000000-0000-0000-0000-000000000000,2026-09-03T11:32:30.477905
72425,1951,10,17,1148.2413,0.15,9760.051,00000000-0000-0000-0000-000000000000,2026-09-03T11:32:30.477908
72425,1952,4,41,2273.7612,0.15,7730.7881,00000000-0000-0000-0000-000000000000,2026-09-03T11:32:30.477911
72425,1953,7,35,2925.3519,0,20477.4633,00000000-0000-0000-0000-000000000000,2026-09-03T11:32:30.477913
72426,1954,6,27,2303.7771,0,13822.6626,00000000-0000-0000-0000-000000000000,2026-09-03T11:32:30.477917
72426,1955,3,47,2804.4538,0,8413.3614,00000000-0000-0000-0000-000000000000,2026-09-03T11:32:30.477920
72426,1956,5,50,19.3284,0.1,86.9778,00000000-0000-0000-0000-000000000000,2026-09-03T11:32:30.477923
72426,1957,8,26,2147.5954,0,17180.7632,00000000-0000-0000-0000-000000000000,2026-09-03T11:32:30.477925
72427,1958,6,14,1051.619,0,6309.714,00000000-0000-0000-0000-000000000000,2026-09-03T11:32:30.477929
72427,1959,8,8,1266.1976,0.05,9623.1018,00000000-0000-0000-0000-000000000000,2026-09-03T11:32:30.477931
72428,1960,2,22,2327.3257,0,4654.6514,00000000-0000-0000-0000-000000000000,2026-09-03T11:32:30.477934
72429,1961,4,50,1623.5794,0.2,5195.4541,00000000-0000-0000-0000-000000000000,2026-09-03T11:32:30.477937
72429,1962,4,43,1014.2001,0,4056.8004,00000000-0000-0000-0000-000000000000,2026-09-03T11:32:30.477939
72429,1963,5,45,260.4304,0.15,1106.8292,00000000-0000-0000-0000-000000000000,2026-09-03T11:32:30.477942
72430,1964,6,24,1698.3105,0,10189.863,00000000-0000-0000-0000-000000000000,2026-09-03T11:32:30.477945
72430,1965,6,26,1644.3615,0.1,8879.5521,00000000-0000-0000-0000-000000000000,2026-09-03T11:32:30.477948
72430,1966,6,18,898.4227,0,5390.5362,00000000-0000-0000-0000-000000000000,2026-09-03T11:32:30.477950
72430,1967,8,20,2272.0707,0.15,15450.0808,00000000-0000-0000-0000-000000000000,2026-09-03T11:32:30.477954
72430,1968,6,42,342.3551,0.1,1848.7175,00000000-0000-0000-0000-000000000000,2026-09-03T11:32:30.477956
72431,1969,6,10,1641.8996,0.1,8866.2578,00000000-0000-0000-0000-000000000000,2026-09-03T11:32:30.477959
72431,1970,9,24,839.8776,0,7558.8984,00000000-0000-0000-0000-000000000000,2026-09-03T11:32:30.477963
72431,1971,9,2,3383.9163,0,30455.2467,00000000-0000-0000-0000-000000000000,2026-09-03T11:32:30.477965
72432,1972,6,32,2752.2897,0.2,13210.9906,00000000-0000-0000-0000-000000000000,2026-09-03T11:32:30.477969
72432,1973,8,24,2616.4624,0,20931.6992,00000000-0000-0000-0000-000000000000,2026-09-03T11:32:30.477971
72432,1974,7,26,3248.6015,0,22740.2105,00000000-0000-0000-0000-000000000000,2026-09-03T11:32:30.477974
72432,1975,9,50,164.6465,0.2,1185.4548,00000000-0000-0000-0000-000000000000,2026-09-03T11:32:30.477976
72432,1976,2,50,3182.7008,0.15,5410.5914,00000000-0000-0000-0000-000000000000,2026-09-03T11:32:30.477979
72433,1977,4,48,1442.8007,0,5771.2028,00000000-0000-0000-0000-000000000000,2026-09-03T11:32:30.477982
72433,1978,5,29,2578.8565,0.2,10315.426,00000000-0000-0000-0000-000000000000,2026-09-03T11:32:30.477985
72434,1979,2,17,1059.0347,0.05,2012.1659,00000000-0000-0000-0000-000000000000,2026-09-03T11:32:30.477988
72435,1980,2,17,2825.9546,0.05,5369.3137,00000000-0000-0000-0000-000000000000,2026-09-03T11:32:30.477991
72435,1981,10,32,2556.0713,0.05,24282.6773,00000000-0000-0000-0000-000000000000,2026-09-03T11:32:30.477994
72435,1982,4,19,2524.0713,0.2,8077.0282,00000000-0000-0000-0000-000000000000,2026-09-03T11:32:30.477999
72435,1983,6,37,444.4546,0,2666.7276,00000000-0000-0000-0000-000000000000,2026-09-03T11:32:30.478001
72436,1984,4,32,3481.482,0.1,12533.3352,00000000-0000-0000-0000-000000000000,2026-09-03T11:32:30.478004
72436,1985,7,3,3286.517,0,23005.619,00000000-0000-0000-0000-000000000000,2026-09-03T11:32:30.478007
72436,1986,4,39,438.0876,0,1752.3504,00000000-0000-0000-0000-000000000000,2026-09-03T11:32:30.478009
72437,1987,8,23,361.6976,0,2893.5808,00000000-0000-0000-0000-000000000000,2026-09-03T11:32:30.478012
72437,1988,1,49,2159.0536,0,2159.0536,00000000-0000-0000-0000-000000000000,2026-09-03T11:32:30.478015
72437,1989,1,25,375.962,0.15,319.5677,00000000-0000-0000-0000-000000000000,2026-09-03T11:32:30.478017
72437,1990,5,37,1615.4416,0.2,6461.7664,00000000-0000-0000-0000-000000000000,2026-09-03T11:32:30.478020
72438,1991,10,12,1716.1954,0.05,16303.8563,00000000-0000-0000-0000-000000000000,2026-09-03T11:32:30.478023
72439,1992,2,26,1100.9778,0.15,1871.6623,00000000-0000-0000-0000-000000000000,2026-09-03T11:32:30.478026
72439,1993,2,48,3164.4902,0,6328.9804,00000000-0000-0000-0000-000000000000,2026-09-03T11:32:30.478029
72439,1994,4,43,2795.4616,0.1,10063.6618,00000000-0000-0000-0000-000000000000,2026-09-03T11:32:30.478031
72439,1995,10,28,1928.3736,0.2,15426.9888,00000000-0000-0000-0000-000000000000,2026-09-03T11:32:30.478035
72439,1996,4,23,1563.642,0.15,5316.3828,00000000-0000-0000-0000-000000000000,2026-09-03T11:32:30.478038
72440,1997,4,24,2769.1476,0.05,10522.7609,00000000-0000-0000-0000-000000000000,2026-09-03T11:32:30.478105
72440,1998,6,46,3078.3782,0.2,14776.2154,00000000-0000-0000-0000-000000000000,2026-09-03T11:32:30.478107
72441,1999,8,4,2084.2688,0,16674.1504,00000000-0000-0000-0000-000000000000,2026-09-03T11:32:30.478110
72441,2000,9,35,1596.0465,0,14364.4185,00000000-0000-0000-0000-000000000000,2026-09-03T11:32:30.478113
72441,2001,2,14,758.2516,0.2,1213.2026,00000000-0000-0000-0000-000000000000,2026-09-03T11:32:30.478116
72441,2002,2,49,814.3889,0,1628.7778,00000000-0000-0000-0000-000000000000,2026-09-03T11:32:30.478119
72441,2003,2,18,686.5362,0,1373.0724,00000000-0000-0000-0000-000000000000,2026-09-03T11:32:30.478121
72442,2004,5,11,174.4779,0.05,828.77,00000000-0000-0000-0000-000000000000,2026-09-03T11:32:30.478124
72442,2005,10,15,1728.8212,0,17288.212,00000000-0000-0000-0000-000000000000,2026-09-03T11:32:30.478127
72443,2006,4,21,1424.1082,0.15,4841.9679,00000000-0000-0000-0000-000000000000,2026-09-03T11:32:30.478130
72443,2007,10,27,1684.4464,0.2,13475.5712,00000000-0000-0000-0000-000000000000,2026-09-03T11:32:30.478132
72443,2008,2,45,1551.2867,0.2,2482.0587,00000000-0000-0000-0000-000000000000,2026-09-03T11:32:30.478135
72443,2009,4,46,945.4251,0,3781.7004,00000000-0000-0000-0000-000000000000,2026-09-03T11:32:30.478137
72444,2010,4,52,2328.0339,0.05,8846.5288,00000000-0000-0000-0000-000000000000,2026-09-03T11:32:30.478143
72445,2011,6,36,2711.8861,0.05,15457.7508,00000000-0000-0000-0000-000000000000,2026-09-03T11:32:30.478146
72445,2012,1,33,2850.0195,0.05,2707.5185,00000000-0000-0000-0000-000000000000,2026-09-03T11:32:30.478148
72445,2013,6,12,617.6309,0.2,2964.6283,00000000-0000-0000-0000-000000000000,2026-09-03T11:32:30.478151
72446,2014,8,52,838.1232,0.15,5699.2378,00000000-0000-0000-0000-000000000000,2026-09-03T11:32:30.478154
72446,2015,2,10,2073.6282,0,4147.2564,00000000-0000-0000-0000-000000000000,2026-09-03T11:32:30.478157
72446,2016,9,25,3103.3823,0.2,22344.3526,00000000-0000-0000-0000-000000000000,2026-09-03T11:32:30.478159
72446,2017,2,6,1507.7832,0.1,2714.0098,00000000-0000-0000-0000-000000000000,2026-09-03T11:32:30.478162
72447,2018,3,5,2356.0448,0,7068.1344,00000000-0000-0000-0000-000000000000,2026-09-03T11:32:30.478165
72447,2019,3,21,930.8508,0.15,2373.6695,00000000-0000-0000-0000-000000000000,2026-09-03T11:32:30.478168
72448,2020,2,38,2819.813,0,5639.626,00000000-0000-0000-0000-000000000000,2026-09-03T11:32:30.478171
72448,2021,9,37,1717.4192,0.15,13138.2569,00000000-0000-0000-0000-000000000000,2026-09-03T11:32:30.478174
72449,2022,10,20,2951.7276,0.2,23613.8208,00000000-0000-0000-0000-000000000000,2026-09-03T11:32:30.478179
72449,2023,6,29,1386.1574,0.2,6653.5555,00000000-0000-0000-0000-000000000000,2026-09-03T11:32:30.478181
72450,2024,7,24,2205.8276,0,15440.7932,00000000-0000-0000-0000-000000000000,2026-09-03T11:32:30.478184
72450,2025,6,44,2453.232,0,14719.392,00000000-0000-0000-0000-000000000000,2026-09-03T11:32:30.478187
72450,2026,5,5,2868.2125,0,14341.0625,00000000-0000-0000-0000-000000000000,2026-09-03T11:32:30.478189
72451,2027,9,43,1827.494,0.2,13157.9568,00000000-0000-0000-0000-000000000000,2026-09-03T11:32:30.478192
72452,2028,8,13,307.795,0.05,2339.242,00000000-0000-0000-0000-000000000000,2026-09-03T11:32:30.478195
72452,2029,6,10,1794.1208,0,10764.7248,00000000-0000-0000-0000-000000000000,2026-09-03T11:32:30.478198
72452,2030,9,7,212.206,0.1,1718.8686,00000000-0000-0000-0000-000000000000,2026-09-03T11:32:30.478201
72453,2031,7,33,765.1933,0.2,4285.0825,00000000-0000-0000-0000-000000000000,2026-09-03T11:32:30.478204
72453,2032,9,50,1060.1697,0,9541.5273,00000000-0000-0000-0000-000000000000,2026-09-03T11:32:30.478206
72453,2033,8,6,3143.3532,0.2,20117.4605,00000000-0000-0000-0000-000000000000,2026-09-03T11:32:30.478209
72453,2034,3,11,917.996,0.15,2340.8898,00000000-0000-0000-0000-000000000000,2026-09-03T11:32:30.478211
72453,2035,5,43,107.3755,0,536.8775,00000000-0000-0000-0000-000000000000,2026-09-03T11:32:30.478215
72454,2036,6,18,860.9671,0,5165.8026,00000000-0000-0000-0000-000000000000,2026-09-03T11:32:30.478217
72454,2037,2,12,3411.9737,0,6823.9474,00000000-0000-0000-0000-000000000000,2026-09-03T11:32:30.478220
72454,2038,4,25,1555.7764,0.1,5600.795,00000000-0000-0000-0000-000000000000,2026-09-03T11:32:30.478224
72454,2039,9,31,49.8485,0,448.6365,00000000-0000-0000-0000-000000000000,2026-09-03T11:32:30.478226
72454,2040,5,30,3075.7895,0.05,14610.0001,00000000-0000-0000-0000-000000000000,2026-09-03T11:32:30.478229
72455,2041,1,27,171.2725,0.1,154.1453,00000000-0000-0000-0000-000000000000,2026-09-03T11:32:30.478232
72455,2042,7,7,2318.2869,0.05,15416.6079,00000000-0000-0000-0000-000000000000,2026-09-03T11:32:30.478235
72455,2043,8,25,3399.9215,0,27199.372,00000000-0000-0000-0000-000000000000,2026-09-03T11:32:30.478237
72455,2044,6,1,513.8904,0.1,2775.0082,00000000-0000-0000-0000-000000000000,2026-09-03T11:32:30.478240
72456,2045,2,41,1479.5264,0.05,2811.1002,00000000-0000-0000-0000-000000000000,2026-09-03T11:32:30.478244
72456,2046,8,10,1461.9656,0,11695.7248,00000000-0000-0000-0000-000000000000,2026-09-03T11:32:30.478247
72456,2047,9,34,155.8703,0.1,1262.5494,00000000-0000-0000-0000-000000000000,2026-09-03T11:32:30.478250
72456,2048,5,7,1387.684,0,6938.42,00000000-0000-0000-0000-000000000000,2026-09-03T11:32:30.478252
72457,2049,4,3,1370.8592,0.1,4935.0931,00000000-0000-0000-0000-000000000000,2026-09-03T11:32:30.478255
72457,2050,3,25,799.3969,0.2,1918.5526,00000000-0000-0000-0000-000000000000,2026-09-03T11:32:30.478259
72457,2051,6,51,2958.8777,0.15,15090.2763,00000000-0000-0000-0000-000000000000,2026-09-03T11:32:30.478262
72457,2052,7,30,1408.1138,0.1,8871.1169,00000000-0000-0000-0000-000000000000,2026-09-03T11:32:30.478264
72457,2053,10,6,1051.802,0.1,9466.218,00000000-0000-0000-0000-000000000000,2026-09-03T11:32:30.478267
72458,2054,4,39,139.1474,0.15,473.1012,00000000-0000-0000-0000-000000000000,2026-09-03T11:32:30.478270
72458,2055,5,51,2389.2404,0.05,11348.8919,00000000-0000-0000-0000-000000000000,2026-09-03T11:32:30.478273
72458,2056,10,47,2793.6368,0,27936.368,00000000-0000-0000-0000-000000000000,2026-09-03T11:32:30.478275
72458,2057,1,15,2486.6964,0.05,2362.3616,00000000-0000-0000-0000-000000000000,2026-09-03T11:32:30.478278
72459,2058,2,46,466.1025,0.2,745.764,00000000-0000-0000-0000-000000000000,2026-09-03T11:32:30.478281
72459,2059,1,8,3365.035,0.05,3196.7832,00000000-0000-0000-0000-000000000000,2026-09-03T11:32:30.478284
72459,2060,6,36,1937.5667,0.15,9881.5902,00000000-0000-0000-0000-000000000000,2026-09-03T11:32:30.478286
72460,2061,9,10,358.4452,0.05,3064.7065,00000000-0000-0000-0000-000000000000,2026-09-03T11:32:30.478290
72460,2062,1,30,2032.7243,0.05,1931.0881,00000000-0000-0000-0000-000000000000,2026-09-03T11:32:30.478293
72460,2063,6,16,977.6793,0,5866.0758,00000000-0000-0000-0000-000000000000,2026-09-03T11:32:30.478295
72460,2064,7,47,243.7766,0,1706.4362,00000000-0000-0000-0000-000000000000,2026-09-03T11:32:30.478299
72460,2065,6,11,493.5297,0.2,2368.9426,00000000-0000-0000-0000-000000000000,2026-09-03T11:32:30.478301
72461,2066,3,8,2787.6572,0,8362.9716,00000000-0000-0000-0000-000000000000,2026-09-03T11:32:30.478304
72461,2067,1,36,1487.8182,0.15,1264.6455,00000000-0000-0000-0000-000000000000,2026-09-03T11:32:30.478307
72461,2068,6,51,2480.3581,0.05,14138.0412,00000000-0000-0000-0000-000000000000,2026-09-03T11:32:30.478309
72461,2069,3,54,974.442,0,2923.326,00000000-0000-0000-0000-000000000000,2026-09-03T11:32:30.478312
72462,2070,6,35,819.3485,0.2,3932.8728,00000000-0000-0000-0000-000000000000,2026-09-03T11:32:30.478315
72462,2071,5,13,815.4585,0.1,3669.5632,00000000-0000-0000-0000-000000000000,2026-09-03T11:32:30.478318
72462,2072,2,1,2391.7259,0.1,4305.1066,00000000-0000-0000-0000-000000000000,2026-09-03T11:32:30.478321
72462,2073,4,52,1434.8052,0.05,5452.2598,00000000-0000-0000-0000-000000000000,2026-09-03T11:32:30.478324
72462,2074,8,20,1148.6873,0,9189.4984,00000000-0000-0000-0000-000000000000,2026-09-03T11:32:30.478326
72463,2075,10,14,3214.7842,0.05,30540.4499,00000000-0000-0000-0000-000000000000,2026-09-03T11:32:30.478329
72463,2076,6,8,2702.4943,0.15,13782.7209,00000000-0000-0000-0000-000000000000,2026-09-03T11:32:30.478332
72463,2077,2,20,100.7341,0,201.4682,00000000-0000-0000-0000-000000000000,2026-09-03T11:32:30.478335
72464,2078,2,10,3176.6381,0.2,5082.621,00000000-0000-0000-0000-000000000000,2026-09-03T11:32:30.478337
72465,2079,10,22,863.4567,0,8634.567,00000000-0000-0000-0000-000000000000,2026-09-03T11:32:30.478341
72465,2080,10,46,1293.0752,0.15,10991.1392,00000000-0000-0000-0000-000000000000,2026-09-03T11:32:30.478344
72465,2081,1,15,1692.8467,0.1,1523.562,00000000-0000-0000-0000-000000000000,2026-09-03T11:32:30.478346
72465,2082,10,30,1192.6729,0.2,9541.3832,00000000-0000-0000-0000-000000000000,2026-09-03T11:32:30.478349
72465,2083,2,32,358.8823,0.05,681.8764,00000000-0000-0000-0000-000000000000,2026-09-03T11:32:30.478352
72466,2084,7,33,680.9371,0,4766.5597,00000000-0000-0000-0000-000000000000,2026-09-03T11:32:30.478355
72467,2085,5,5,3177.3658,0.1,14298.1461,00000000-0000-0000-0000-000000000000,2026-09-03T11:32:30.478358
72467,2086,7,1,462.1975,0.15,2750.0751,00000000-0000-0000-0000-000000000000,2026-09-03T11:32:30.478360
72467,2087,5,35,1161.559,0.05,5517.4052,00000000-0000-0000-0000-000000000000,2026-09-03T11:32:30.478363
72467,2088,9,38,2833.9383,0.2,20404.3558,00000000-0000-0000-0000-000000000000,2026-09-03T11:32:30.478366
72468,2089,7,36,738.8303,0.05,4913.2215,00000000-0000-0000-0000-000000000000,2026-09-03T11:32:30.478369
72468,2090,9,30,913.448,0.2,6576.8256,00000000-0000-0000-0000-000000000000,2026-09-03T11:32:30.478371
72468,2091,8,30,2676.2345,0.05,20339.3822,00000000-0000-0000-0000-000000000000,2026-09-03T11:32:30.478375
72469,2092,7,18,3003.4032,0,21023.8224,00000000-0000-0000-0000-000000000000,2026-09-03T11:32:30.478378
72469,2093,10,52,793.298,0,7932.98,00000000-0000-0000-0000-000000000000,2026-09-03T11:32:30.478381
72469,2094,4,54,2508.7615,0.15,8529.7891,00000000-0000-0000-0000-000000000000,2026-09-03T11:32:30.478384
72469,2095,8,49,289.3008,0.2,1851.5251,00000000-0000-0000-0000-000000000000,2026-09-03T11:32:30.478386
72470,2096,3,17,165.6791,0,497.0373,00000000-0000-0000-0000-000000000000,2026-09-03T11:32:30.478389
72470,2097,8,22,2034.703,0.05,15463.7428,00000000-0000-0000-0000-000000000000,2026-09-03T11:32:30.478393
72471,2098,6,8,3137.5181,0,18825.1086,00000000-0000-0000-0000-000000000000,2026-09-03T11:32:30.478396
72471,2099,9,18,2730.3908,0,24573.5172,00000000-0000-0000-0000-000000000000,2026-09-03T11:32:30.478399
72471,2100,1,38,3140.1986,0.2,2512.1589,00000000-0000-0000-0000-000000000000,2026-09-03T11:32:30.478401
72471,2101,8,47,1069.1123,0.2,6842.3187,00000000-0000-0000-0000-000000000000,2026-09-03T11:32:30.478405
72472,2102,2,23,2954.5036,0.1,5318.1065,00000000-0000-0000-0000-000000000000,2026-09-03T11:32:30.478407
72472,2103,6,19,1360.6883,0.2,6531.3038,00000000-0000-0000-0000-000000000000,2026-09-03T11:32:30.478410
72473,2104,10,50,1697.9341,0.05,16130.3739,00000000-0000-0000-0000-000000000000,2026-09-03T11:32:30.478413
72473,2105,10,46,2971.998,0,29719.98,00000000-0000-0000-0000-000000000000,2026-09-03T11:32:30.478416
72474,2106,2,7,2811.5845,0.05,5342.0105,00000000-0000-0000-0000-000000000000,2026-09-03T11:32:30.478419
72474,2107,10,31,385.184,0.05,3659.248,00000000-0000-0000-0000-000000000000,2026-09-03T11:32:30.478422
72474,2108,6,19,1378.7944,0.05,7859.1281,00000000-0000-0000-0000-000000000000,2026-09-03T11:32:30.478424
72475,2109,3,33,1469.9633,0.05,4189.3954,00000000-0000-0000-0000-000000000000,2026-09-03T11:32:30.478427
72475,2110,3,11,1982.8076,0.05,5651.0017,00000000-0000-0000-0000-000000000000,2026-09-03T11:32:30.478430
72475,2111,4,19,1362.03,0.1,4903.308,00000000-0000-0000-0000-000000000000,2026-09-03T11:32:30.478432
72476,2112,1,49,1189.1082,0.15,1010.742,00000000-0000-0000-0000-000000000000,2026-09-03T11:32:30.478435
72476,2113,10,33,719.2292,0,7192.292,00000000-0000-0000-0000-000000000000,2026-09-03T11:32:30.478439
72476,2114,7,34,909.7957,0.15,5413.2844,00000000-0000-0000-0000-000000000000,2026-09-03T11:32:30.478441
72476,2115,7,1,3005.3675,0.15,17881.9366,00000000-0000-0000-0000-000000000000,2026-09-03T11:32:30.478444
72476,2116,10,47,2951.5499,0.05,28039.724,00000000-0000-0000-0000-000000000000,2026-09-03T11:32:30.478447
72477,2117,7,5,645.1671,0.2,3612.9358,00000000-0000-0000-0000-000000000000,2026-09-03T11:32:30.478450
72477,2118,7,51,772.5087,0,5407.5609,00000000-0000-0000-0000-000000000000,2026-09-03T11:32:30.478453
72477,2119,10,50,1922.0363,0,19220.363,00000000-0000-0000-0000-000000000000,2026-09-03T11:32:30.478456
72477,2120,8,29,3019.4345,0.05,22947.7022,00000000-0000-0000-0000-000000000000,2026-09-03T11:32:30.478459
72477,2121,1,49,2090.5404,0.05,1986.0134,00000000-0000-0000-0000-000000000000,2026-09-03T11:32:30.478461
72478,2122,7,10,1997.5657,0.2,11186.3679,00000000-0000-0000-0000-000000000000,2026-09-03T11:32:30.478465
72478,2123,8,38,1323.1073,0.05,10055.6155,00000000-0000-0000-0000-000000000000,2026-09-03T11:32:30.478468
72479,2124,8,5,3078.9027,0.2,19704.9773,00000000-0000-0000-0000-000000000000,2026-09-03T11:32:30.478472
72479,2125,1,29,2348.579,0,2348.579,00000000-0000-0000-0000-000000000000,2026-09-03T11:32:30.478474
72480,2126,3,36,3459.3624,0,10378.0872,00000000-0000-0000-0000-000000000000,2026-09-03T11:32:30.478477
72480,2127,3,43,2093.788,0,6281.364,00000000-0000-0000-0000-000000000000,2026-09-03T11:32:30.478480
72481,2128,3,19,1429.9645,0.15,3646.4095,00000000-0000-0000-0000-000000000000,2026-09-03T11:32:30.478483
72482,2129,4,4,582.2325,0,2328.93,00000000-0000-0000-0000-000000000000,2026-09-03T11:32:30.478486
72482,2130,10,38,2759.3994,0,27593.994,00000000-0000-0000-0000-000000000000,2026-09-03T11:32:30.478488
72483,2131,1,51,890.2868,0.05,845.7725,00000000-0000-0000-0000-000000000000,2026-09-03T11:32:30.478491
72483,2132,1,54,1409.9631,0.15,1198.4686,00000000-0000-0000-0000-000000000000,2026-09-03T11:32:30.478494
72484,2133,4,44,1985.3358,0,7941.3432,00000000-0000-0000-0000-000000000000,2026-09-03T11:32:30.478497
72484,2134,10,23,3210.7846,0.05,30502.4537,00000000-0000-0000-0000-000000000000,2026-09-03T11:32:30.478500
72484,2135,6,29,2293.7367,0,13762.4202,00000000-0000-0000-0000-000000000000,2026-09-03T11:32:30.478503
72484,2136,6,50,1886.5232,0.05,10753.1822,00000000-0000-0000-0000-000000000000,2026-09-03T11:32:30.478506
72485,2137,3,33,2099.762,0,6299.286,00000000-0000-0000-0000-000000000000,2026-09-03T11:32:30.478508
72485,2138,1,3,1209.2845,0.05,1148.8203,00000000-0000-0000-0000-000000000000,2026-09-03T11:32:30.478511
72486,2139,5,34,3016.5857,0,15082.9285,00000000-0000-0000-0000-000000000000,2026-09-03T11:32:30.478515
72486,2140,6,19,3101.3766,0.1,16747.4336,00000000-0000-0000-0000-000000000000,2026-09-03T11:32:30.478517
72486,2141,6,16,1865.6611,0.2,8955.1733,00000000-0000-0000-0000-000000000000,2026-09-03T11:32:30.478520
72486,2142,9,51,382.152,0.1,3095.4312,00000000-0000-0000-0000-000000000000,2026-09-03T11:32:30.478523
72487,2143,6,20,903.1785,0,5419.071,00000000-0000-0000-0000-000000000000,2026-09-03T11:32:30.478526
72488,2144,6,16,1857.6314,0,11145.7884,00000000-0000-0000-0000-000000000000,2026-09-03T11:32:30.478529
72488,2145,5,9,3410.7486,0.05,16201.0558,00000000-0000-0000-0000-000000000000,2026-09-03T11:32:30.478532
72489,2146,8,36,1172.2445,0,9377.956,00000000-0000-0000-0000-000000000000,2026-09-03T11:32:30.478535
72489,2147,9,34,3010.143,0.05,25736.7226,00000000-0000-0000-0000-000000000000,2026-09-03T11:32:30.478538
72489,2148,9,26,2235.0203,0.05,19109.4236,00000000-0000-0000-0000-000000000000,2026-09-03T11:32:30.478542
72490,2149,4,47,2378.7871,0,9515.1484,00000000-0000-0000-0000-000000000000,2026-09-03T11:32:30.478546
72491,2150,2,16,3328.8342,0,6657.6684,00000000-0000-0000-0000-000000000000,2026-09-03T11:32:30.478549
72491,2151,1,6,3108.1211,0.05,2952.715,00000000-0000-0000-0000-000000000000,2026-09-03T11:32:30.478551
72491,2152,6,36,2178.798,0.15,11111.8698,00000000-0000-0000-0000-000000000000,2026-09-03T11:32:30.478554
72491,2153,4,38,1410.4803,0.05,5359.8251,00000000-0000-0000-0000-000000000000,2026-09-03T11:32:30.478557
72491,2154,3,35,2717.1436,0.15,6928.7162,00000000-0000-0000-0000-000000000000,2026-09-03T11:32:30.478559
72492,2155,8,11,1984.8524,0.2,12703.0554,00000000-0000-0000-0000-000000000000,2026-09-03T11:32:30.478562
72492,2156,8,13,3219.7026,0.1,23181.8587,00000000-0000-0000-0000-000000000000,2026-09-03T11:32:30.478565
72492,2157,2,17,2894.0186,0.15,4919.8316,00000000-0000-0000-0000-000000000000,2026-09-03T11:32:30.478567
72492,2158,5,37,2807.0213,0.2,11228.0852,00000000-0000-0000-0000-000000000000,2026-09-03T11:32:30.478570
72493,2159,10,53,2792.2404,0,27922.404,00000000-0000-0000-0000-000000000000,2026-09-03T11:32:30.478573
72493,2160,10,26,404.72,0.15,3440.12,00000000-0000-0000-0000-000000000000,2026-09-03T11:32:30.478576
72493,2161,7,1,1090.8862,0,7636.2034,00000000-0000-0000-0000-000000000000,2026-09-03T11:32:30.478578
72494,2162,9,36,689.4964,0,6205.4676,00000000-0000-0000-0000-000000000000,2026-09-03T11:32:30.478581
72494,2163,1,2,1777.8889,0.05,1688.9945,00000000-0000-0000-0000-000000000000,2026-09-03T11:32:30.478584
72495,2164,3,34,284.2473,0,852.7419,00000000-0000-0000-0000-000000000000,2026-09-03T11:32:30.478586
72495,2165,2,10,1711.9621,0,3423.9242,00000000-0000-0000-0000-000000000000,2026-09-03T11:32:30.478589
72495,2166,3,47,3287.0985,0,9861.2955,00000000-0000-0000-0000-000000000000,2026-09-03T11:32:30.478591
72496,2167,6,20,297.119,0.05,1693.5783,00000000-0000-0000-0000-000000000000,2026-09-03T11:32:30.478595
72497,2168,7,18,3315.4329,0,23208.0303,00000000-0000-0000-0000-000000000000,2026-09-03T11:32:30.478598
72497,2169,3,43,1859.0973,0.1,5019.5627,00000000-0000-0000-0000-000000000000,2026-09-03T11:32:30.478601
72497,2170,1,18,3028.4604,0,3028.4604,00000000-0000-0000-0000-000000000000,2026-09-03T11:32:30.478604
72498,2171,8,21,1458.533,0.2,9334.6112,00000000-0000-0000-0000-000000000000,2026-09-03T11:32:30.478607
72498,2172,2,23,2279.3165,0,4558.633,00000000-0000-0000-0000-000000000000,2026-09-03T11:32:30.478609
72498,2173,10,29,607.1993,0.15,5161.1941,00000000-0000-0000-0000-000000000000,2026-09-03T11:32:30.478613
72498,2174,1,15,892.4896,0,892.4896,00000000-0000-0000-0000-000000000000,2026-09-03T11:32:30.478617
72499,2175,6,19,203.3535,0.1,1098.1089,00000000-0000-0000-0000-000000000000,2026-09-03T11:32:30.478621
72499,2176,4,13,2574.9564,0.2,8239.8605,00000000-0000-0000-0000-000000000000,2026-09-03T11:32:30.478623
72499,2177,9,32,56.7549,0,510.7941,00000000-0000-0000-0000-000000000000,2026-09-03T11:32:30.478626
72499,2178,9,14,504.738,0,4542.642,00000000-0000-0000-0000-000000000000,2026-09-03T11:32:30.478628
72500,2179,1,28,1876.8314,0.15,1595.3067,00000000-0000-0000-0000-000000000000,2026-09-03T11:32:30.478631
72500,2180,5,22,180.9205,0,904.6025,00000000-0000-0000-0000-000000000000,2026-09-03T11:32:30.478634
72500,2181,3,15,1564.5654,0.1,4224.3266,00000000-0000-0000-0000-000000000000,2026-09-03T11:32:30.478636
72500,2182,2,18,479.6918,0.05,911.4144,00000000-0000-0000-0000-000000000000,2026-09-03T11:32:30.478639
72501,2183,2,40,1204.4202,0.15,2047.5143,00000000-0000-0000-0000-000000000000,2026-09-03T11:32:30.478642
72501,2184,2,24,2223.5947,0,4447.1894,00000000-0000-0000-0000-000000000000,2026-09-03T11:32:30.478644
72501,2185,10,28,164.554,0,1645.54,00000000-0000-0000-0000-000000000000,2026-09-03T11:32:30.478647
72501,2186,8,43,1742.2666,0.2,11150.5062,00000000-0000-0000-0000-000000000000,2026-09-03T11:32:30.478649
72501,2187,3,23,471.4983,0.1,1273.0454,00000000-0000-0000-0000-000000000000,2026-09-03T11:32:30.478652
72502,2188,2,36,2004.3859,0,4008.7718,00000000-0000-0000-0000-000000000000,2026-09-03T11:32:30.478655
72503,2189,6,9,1928.4833,0.15,9835.2648,00000000-0000-0000-0000-000000000000,2026-09-03T11:32:30.478658
72503,2190,3,37,841.5795,0.15,2146.0277,00000000-0000-0000-0000-000000000000,2026-09-03T11:32:30.478660
72504,2191,5,37,2947.8024,0.2,11791.2096,00000000-0000-0000-0000-000000000000,2026-09-03T11:32:30.478663
72504,2192,8,38,2269.5838,0,18156.6704,00000000-0000-0000-0000-000000000000,2026-09-03T11:32:30.478666
72504,2193,10,7,1198.2258,0,11982.258,00000000-0000-0000-0000-000000000000,2026-09-03T11:32:30.478668
72504,2194,6,21,1209.4118,0.15,6168.0002,00000000-0000-0000-0000-000000000000,2026-09-03T11:32:30.478671
72505,2195,4,52,279.8654,0.2,895.5693,00000000-0000-0000-0000-000000000000,2026-09-03T11:32:30.478674
72506,2196,5,39,2264.2763,0,11321.3815,00000000-0000-0000-0000-000000000000,2026-09-03T11:32:30.478677
72506,2197,8,22,585.4091,0,4683.2728,00000000-0000-0000-0000-000000000000,2026-09-03T11:32:30.478679
72506,2198,5,45,2908.4099,0.05,13814.947,00000000-0000-0000-0000-000000000000,2026-09-03T11:32:30.478682
72506,2199,5,12,3008.6478,0.2,12034.5912,00000000-0000-0000-0000-000000000000,2026-09-03T11:32:30.478686
72506,2200,8,53,1053.6033,0.2,6743.0611,00000000-0000-0000-0000-000000000000,2026-09-03T11:32:30.478688
72507,2201,7,9,2044.0554,0,14308.3878,00000000-0000-0000-0000-000000000000,2026-09-03T11:32:30.478691
72507,2202,9,35,1216.9363,0,10952.4267,00000000-0000-0000-0000-000000000000,2026-09-03T11:32:30.478695
72508,2203,5,42,2428.9212,0,12144.606,00000000-0000-0000-0000-000000000000,2026-09-03T11:32:30.478697
72508,2204,8,47,2017.1157,0.2,12909.5405,00000000-0000-0000-0000-000000000000,2026-09-03T11:32:30.478700
72509,2205,7,46,832.3642,0.15,4952.567,00000000-0000-0000-0000-000000000000,2026-09-03T11:32:30.478703
72509,2206,3,49,2765.019,0.05,7880.3041,00000000-0000-0000-0000-000000000000,2026-09-03T11:32:30.478706
72509,2207,5,13,910.0116,0,4550.058,00000000-0000-0000-0000-000000000000,2026-09-03T11:32:30.478708
72509,2208,5,40,2207.5294,0,11037.647,00000000-0000-0000-0000-000000000000,2026-09-03T11:32:30.478711
72510,2209,10,25,1820.9332,0,18209.332,00000000-0000-0000-0000-000000000000,2026-09-03T11:32:30.478715
72510,2210,6,26,1273.042,0,7638.252,00000000-0000-0000-0000-000000000000,2026-09-03T11:32:30.478717
72510,2211,5,15,2636.8649,0.2,10547.4596,00000000-0000-0000-0000-000000000000,2026-09-03T11:32:30.478720
72510,2212,1,54,3131.2017,0.2,2504.9614,00000000-0000-0000-0000-000000000000,2026-09-03T11:32:30.478722
72511,2213,1,49,2150.7078,0.1,1935.637,00000000-0000-0000-0000-000000000000,2026-09-03T11:32:30.478725
72511,2214,9,42,2823.2217,0,25408.9953,00000000-0000-0000-0000-000000000000,2026-09-03T11:32:30.478728
72512,2215,5,31,2246.0689,0,11230.3445,00000000-0000-0000-0000-000000000000,2026-09-03T11:32:30.478730
72513,2216,1,47,3025.8625,0,3025.8625,00000000-0000-0000-0000-000000000000,2026-09-03T11:32:30.478734
72513,2217,1,39,183.9392,0,183.9392,00000000-0000-0000-0000-000000000000,2026-09-03T11:32:30.478736
72513,2218,6,31,239.6962,0.15,1222.4506,00000000-0000-0000-0000-000000000000,2026-09-03T11:32:30.478739
72513,2219,3,19,805.9103,0.05,2296.8444,00000000-0000-0000-0000-000000000000,2026-09-03T11:32:30.478741
72513,2220,7,45,3077.6441,0.05,20466.3333,00000000-0000-0000-0000-000000000000,2026-09-03T11:32:30.478744
72514,2221,10,10,449.3587,0,4493.587,00000000-0000-0000-0000-000000000000,2026-09-03T11:32:30.478747
72514,2222,7,51,3230.7212,0,22615.0484,00000000-0000-0000-0000-000000000000,2026-09-03T11:32:30.478750
72515,2223,2,46,815.9418,0.1,1468.6952,00000000-0000-0000-0000-000000000000,2026-09-03T11:32:30.478753
72515,2224,1,7,3351.5532,0.2,2681.2426,00000000-0000-0000-0000-000000000000,2026-09-03T11:32:30.478757
72515,2225,8,16,2378.907,0,19031.256,00000000-0000-0000-0000-000000000000,2026-09-03T11:32:30.478760
72515,2226,2,49,389.4788,0.15,662.114,00000000-0000-0000-0000-000000000000,2026-09-03T11:32:30.478763
72515,2227,3,26,1615.8007,0.2,3877.9217,00000000-0000-0000-0000-000000000000,2026-09-03T11:32:30.478766
72516,2228,8,22,3190.9349,0,25527.4792,00000000-0000-0000-0000-000000000000,2026-09-03T11:32:30.478769
72516,2229,1,1,1479.6536,0.2,1183.7229,00000000-0000-0000-0000-000000000000,2026-09-03T11:32:30.478771
72516,2230,5,9,2223.1291,0.1,10004.081,00000000-0000-0000-0000-000000000000,2026-09-03T11:32:30.478775
72517,2231,6,40,2792.1763,0,16753.0578,00000000-0000-0000-0000-000000000000,2026-09-03T11:32:30.478778
72517,2232,5,29,1850.9337,0.15,7866.4682,00000000-0000-0000-0000-000000000000,2026-09-03T11:32:30.478781
72517,2233,3,37,2805.9345,0,8417.8035,00000000-0000-0000-0000-000000000000,2026-09-03T11:32:30.478783
72517,2234,6,40,1890.077,0,11340.462,00000000-0000-0000-0000-000000000000,2026-09-03T11:32:30.478786
72517,2235,8,51,1466.2245,0.05,11143.3062,00000000-0000-0000-0000-000000000000,2026-09-03T11:32:30.478788
72518,2236,6,16,2792.4038,0,16754.4228,00000000-0000-0000-0000-000000000000,2026-09-03T11:32:30.478791
72518,2237,3,11,3022.0256,0,9066.0768,00000000-0000-0000-0000-000000000000,2026-09-03T11:32:30.478794
72518,2238,5,30,1515.154,0,7575.77,00000000-0000-0000-0000-000000000000,2026-09-03T11:32:30.478796
72518,2239,7,21,2552.7933,0,17869.5531,00000000-0000-0000-0000-000000000000,2026-09-03T11:32:30.478799
72519,2240,3,39,159.0442,0,477.1326,00000000-0000-0000-0000-000000000000,2026-09-03T11:32:30.478802
72520,2241,1,28,65.4883,0,65.4883,00000000-0000-0000-0000-000000000000,2026-09-03T11:32:30.478805
72520,2242,7,5,1059.1429,0.05,7043.3003,00000000-0000-0000-0000-000000000000,2026-09-03T11:32:30.478808
72520,2243,5,20,3027.6818,0.15,12867.6476,00000000-0000-0000-0000-000000000000,2026-09-03T11:32:30.478811
72520,2244,8,16,518.3149,0.1,3731.8673,00000000-0000-0000-0000-000000000000,2026-09-03T11:32:30.478813
72520,2245,6,21,2948.7011,0.15,15038.3756,00000000-0000-0000-0000-000000000000,2026-09-03T11:32:30.478816
72521,2246,5,12,2308.7189,0,11543.5945,00000000-0000-0000-0000-000000000000,2026-09-03T11:32:30.478819
72521,2247,7,40,2248.1288,0,15736.9016,00000000-0000-0000-0000-000000000000,2026-09-03T11:32:30.478821
72521,2248,1,48,1729.5555,0,1729.5555,00000000-0000-0000-0000-000000000000,2026-09-03T11:32:30.478824
72522,2249,5,37,1555.6325,0,7778.1625,00000000-0000-0000-0000-000000000000,2026-09-03T11:32:30.478827
72522,2250,5,15,793.9721,0,3969.8605,00000000-0000-0000-0000-000000000000,2026-09-03T11:32:30.478830
72522,2251,10,2,2396.8455,0.05,22770.0322,00000000-0000-0000-0000-000000000000,2026-09-03T11:32:30.478833
72522,2252,4,48,977.3464,0.2,3127.5085,00000000-0000-0000-0000-000000000000,2026-09-03T11:32:30.478835
72523,2253,6,12,3029.2912,0.2,14540.5978,00000000-0000-0000-0000-000000000000,2026-09-03T11:32:30.478839
72523,2254,4,22,1801.7107,0.1,6486.1585,00000000-0000-0000-0000-000000000000,2026-09-03T11:32:30.478842
72523,2255,9,7,1603.7909,0,14434.1181,00000000-0000-0000-0000-000000000000,2026-09-03T11:32:30.478845
72523,2256,1,31,3122.859,0,3122.859,00000000-0000-0000-0000-000000000000,2026-09-03T11:32:30.478847
72523,2257,4,41,821.2277,0,3284.9108,00000000-0000-0000-0000-000000000000,2026-09-03T11:32:30.478849
72524,2258,7,20,186.1529,0,1303.0703,00000000-0000-0000-0000-000000000000,2026-09-03T11:32:30.478853
72524,2259,3,19,364.1333,0,1092.3999,00000000-0000-0000-0000-000000000000,2026-09-03T11:32:30.478856
72525,2260,10,35,3267.5822,0,32675.822,00000000-0000-0000-0000-000000000000,2026-09-03T11:32:30.478860
72525,2261,8,11,1316.3356,0.15,8951.0821,00000000-0000-0000-0000-000000000000,2026-09-03T11:32:30.478862
72525,2262,6,3,201.8269,0,1210.9614,00000000-0000-0000-0000-000000000000,2026-09-03T11:32:30.478865
72525,2263,7,4,1141.4464,0,7990.1248,00000000-0000-0000-0000-000000000000,2026-09-03T11:32:30.478867
72526,2264,6,7,877.398,0,5264.388,00000000-0000-0000-0000-000000000000,2026-09-03T11:32:30.478870
72526,2265,2,24,2867.799,0.05,5448.8181,00000000-0000-0000-0000-000000000000,2026-09-03T11:32:30.478873
72527,2266,8,4,1141.689,0.2,7306.8096,00000000-0000-0000-0000-000000000000,2026-09-03T11:32:30.478876
72527,2267,1,18,2815.8616,0,2815.8616,00000000-0000-0000-0000-000000000000,2026-09-03T11:32:30.478879
72527,2268,5,22,540.0803,0.15,2295.3413,00000000-0000-0000-0000-000000000000,2026-09-03T11:32:30.478881
72528,2269,10,40,1076.364,0,10763.64,00000000-0000-0000-0000-000000000000,2026-09-03T11:32:30.478884
72528,2270,6,6,555.3803,0.2,2665.8254,00000000-0000-0000-0000-000000000000,2026-09-03T11:32:30.478888
72528,2271,9,52,469.2697,0,4223.4273,00000000-0000-0000-0000-000000000000,2026-09-03T11:32:30.478890
72528,2272,9,5,2846.1885,0.05,24334.9117,00000000-0000-0000-0000-000000000000,2026-09-03T11:32:30.478893
72529,2273,6,2,328.0546,0,1968.3276,00000000-0000-0000-0000-000000000000,2026-09-03T11:32:30.478896
72529,2274,4,47,1229.0449,0.15,4178.7527,00000000-0000-0000-0000-000000000000,2026-09-03T11:32:30.478899
72529,2275,5,49,2413.1564,0.1,10859.2038,00000000-0000-0000-0000-000000000000,2026-09-03T11:32:30.478902
72529,2276,8,8,3409.6317,0.1,24549.3482,00000000-0000-0000-0000-000000000000,2026-09-03T11:32:30.478905
72529,2277,6,23,1172.8037,0.05,6684.9811,00000000-0000-0000-0000-000000000000,2026-09-03T11:32:30.478908
72530,2278,7,52,3323.3846,0.05,22100.5076,00000000-0000-0000-0000-000000000000,2026-09-03T11:32:30.478911
72530,2279,3,18,814.8432,0.1,2200.0766,00000000-0000-0000-0000-000000000000,2026-09-03T11:32:30.478914
72530,2280,7,8,1439.4327,0,10076.0289,00000000-0000-0000-0000-000000000000,2026-09-03T11:32:30.478916
72530,2281,2,43,2609.9821,0,5219.9642,00000000-0000-0000-0000-000000000000,2026-09-03T11:32:30.478921
72531,2282,7,16,2303.3946,0.15,13705.1979,00000000-0000-0000-0000-000000000000,2026-09-03T11:32:30.478924
72531,2283,1,30,1112.6401,0,1112.6401,00000000-0000-0000-0000-000000000000,2026-09-03T11:32:30.478927
72531,2284,6,3,1531.0063,0,9186.0378,00000000-0000-0000-0000-000000000000,2026-09-03T11:32:30.478929
72531,2285,6,39,1019.1746,0,6115.0476,00000000-0000-0000-0000-000000000000,2026-09-03T11:32:30.478932
72531,2286,9,52,1972.6958,0.05,16866.5491,00000000-0000-0000-0000-000000000000,2026-09-03T11:32:30.478934
72532,2287,10,29,2340.0797,0.05,22230.7571,00000000-0000-0000-0000-000000000000,2026-09-03T11:32:30.478939
72532,2288,5,13,1617.4212,0,8087.106,00000000-0000-0000-0000-000000000000,2026-09-03T11:32:30.478942
72532,2289,7,2,2403.5768,0.15,14301.282,00000000-0000-0000-0000-000000000000,2026-09-03T11:32:30.478944
72533,2290,10,3,156.6946,0.2,1253.5568,00000000-0000-0000-0000-000000000000,2026-09-03T11:32:30.478947
72533,2291,5,49,391.472,0,1957.36,00000000-0000-0000-0000-000000000000,2026-09-03T11:32:30.478950
72533,2292,2,4,2642.543,0.15,4492.3231,00000000-0000-0000-0000-000000000000,2026-09-03T11:32:30.478953
72533,2293,3,32,2567.0516,0.1,6931.0393,00000000-0000-0000-0000-000000000000,2026-09-03T11:32:30.478955
72533,2294,9,36,2910.3925,0.1,23574.1793,00000000-0000-0000-0000-000000000000,2026-09-03T11:32:30.478958
72534,2295,1,18,1887.435,0,1887.435,00000000-0000-0000-0000-000000000000,2026-09-03T11:32:30.478961
72535,2296,4,36,2300.9883,0.05,8743.7555,00000000-0000-0000-0000-000000000000,2026-09-03T11:32:30.478964
72535,2297,9,31,1835.2795,0.05,15691.6397,00000000-0000-0000-0000-000000000000,2026-09-03T11:32:30.478967
72535,2298,6,6,2479.9482,0.15,12647.7358,00000000-0000-0000-0000-000000000000,2026-09-03T11:32:30.478970
72535,2299,6,27,1850.7734,0.15,9438.9443,00000000-0000-0000-0000-000000000000,2026-09-03T11:32:30.478972
72536,2300,1,43,169.6533,0,169.6533,00000000-0000-0000-0000-000000000000,2026-09-03T11:32:30.478975
72536,2301,7,49,2073.33,0,14513.31,00000000-0000-0000-0000-000000000000,2026-09-03T11:32:30.478979
72536,2302,3,25,1953.2471,0.2,4687.793,00000000-0000-0000-0000-000000000000,2026-09-03T11:32:30.478981
72536,2303,1,1,1680.429,0.1,1512.3861,00000000-0000-0000-0000-000000000000,2026-09-03T11:32:30.478984
72536,2304,8,11,1682.2943,0,13458.3544,00000000-0000-0000-0000-000000000000,2026-09-03T11:32:30.478986
72537,2305,2,44,2536.7685,0.1,4566.1833,00000000-0000-0000-0000-000000000000,2026-09-03T11:32:30.478989
72538,2306,4,30,1571.5258,0.15,5343.1877,00000000-0000-0000-0000-000000000000,2026-09-03T11:32:30.478992
72538,2307,5,2,745.6164,0.05,3541.6779,00000000-0000-0000-0000-000000000000,2026-09-03T11:32:30.478995
72538,2308,1,35,1636.724,0,1636.724,00000000-0000-0000-0000-000000000000,2026-09-03T11:32:30.478998
72539,2309,10,29,183.5119,0.05,1743.363,00000000-0000-0000-0000-000000000000,2026-09-03T11:32:30.479001
72539,2310,10,38,3333.527,0.1,30001.743,00000000-0000-0000-0000-000000000000,2026-09-03T11:32:30.479004
72540,2311,5,23,1305.587,0.15,5548.7447,00000000-0000-0000-0000-000000000000,2026-09-03T11:32:30.479007
72540,2312,9,14,3419.5293,0.1,27698.1873,00000000-0000-0000-0000-000000000000,2026-09-03T11:32:30.479010
72540,2313,5,25,1446.6798,0,7233.399,00000000-0000-0000-0000-000000000000,2026-09-03T11:32:30.479012
72540,2314,1,28,1688.0128,0.1,1519.2115,00000000-0000-0000-0000-000000000000,2026-09-03T11:32:30.479015
72540,2315,7,29,1332.4244,0.1,8394.2737,00000000-0000-0000-0000-000000000000,2026-09-03T11:32:30.479018
72541,2316,6,49,248.6396,0.1,1342.6538,00000000-0000-0000-0000-000000000000,2026-09-03T11:32:30.479021
72541,2317,2,28,1725.0679,0,3450.1358,00000000-0000-0000-0000-000000000000,2026-09-03T11:32:30.479024
72541,2318,1,23,1072.0837,0.05,1018.4795,00000000-0000-0000-0000-000000000000,2026-09-03T11:32:30.479026
72542,2319,7,14,2786.6622,0.2,15605.3083,00000000-0000-0000-0000-000000000000,2026-09-03T11:32:30.479030
72542,2320,2,33,3489.2245,0,6978.449,00000000-0000-0000-0000-000000000000,2026-09-03T11:32:30.479033
72542,2321,8,14,180.3627,0.15,1226.4664,00000000-0000-0000-0000-000000000000,2026-09-03T11:32:30.479036
72542,2322,1,47,2064.1137,0,2064.1137,00000000-0000-0000-0000-000000000000,2026-09-03T11:32:30.479038
72542,2323,9,54,122.9797,0,1106.8173,00000000-0000-0000-0000-000000000000,2026-09-03T11:32:30.479040
72543,2324,4,16,1505.5426,0.2,4817.7363,00000000-0000-0000-0000-000000000000,2026-09-03T11:32:30.479044
72543,2325,8,31,2699.151,0.15,18354.2268,00000000-0000-0000-0000-000000000000,2026-09-03T11:32:30.479046
72543,2326,4,7,2783.1606,0,11132.6424,00000000-0000-0000-0000-000000000000,2026-09-03T11:32:30.479050
72544,2327,8,7,1738.0004,0.1,12513.6029,00000000-0000-0000-0000-000000000000,2026-09-03T11:32:30.479053
72544,2328,7,7,2075.7403,0,14530.1821,00000000-0000-0000-0000-000000000000,2026-09-03T11:32:30.479055
72544,2329,8,44,1305.4065,0.1,9398.9268,00000000-0000-0000-0000-000000000000,2026-09-03T11:32:30.479059
72544,2330,2,10,546.4093,0.2,874.2549,00000000-0000-0000-0000-000000000000,2026-09-03T11:32:30.479061
72545,2331,6,53,2330.1044,0,13980.6264,00000000-0000-0000-0000-000000000000,2026-09-03T11:32:30.479064
72545,2332,1,43,1022.3525,0,1022.3525,00000000-0000-0000-0000-000000000000,2026-09-03T11:32:30.479067
72545,2333,5,38,211.7342,0,1058.671,00000000-0000-0000-0000-000000000000,2026-09-03T11:32:30.479070
72546,2334,1,43,1780.4101,0.15,1513.3486,00000000-0000-0000-0000-000000000000,2026-09-03T11:32:30.479073
72547,2335,4,37,2055.6606,0.1,7400.3782,00000000-0000-0000-0000-000000000000,2026-09-03T11:32:30.479076
72547,2336,8,16,2964.7593,0.05,22532.1707,00000000-0000-0000-0000-000000000000,2026-09-03T11:32:30.479079
72547,2337,3,20,1826.2951,0.05,5204.941,00000000-0000-0000-0000-000000000000,2026-09-03T11:32:30.479081
72547,2338,4,1,1327.4978,0.05,5044.4916,00000000-0000-0000-0000-000000000000,2026-09-03T11:32:30.479084
72547,2339,5,16,715.6706,0.2,2862.6824,00000000-0000-0000-0000-000000000000,2026-09-03T11:32:30.479086
72548,2340,1,2,776.9589,0.15,660.4151,00000000-0000-0000-0000-000000000000,2026-09-03T11:32:30.479089
72548,2341,5,15,114.3812,0,571.906,00000000-0000-0000-0000-000000000000,2026-09-03T11:32:30.479092
72548,2342,5,40,1101.921,0.1,4958.6445,00000000-0000-0000-0000-000000000000,2026-09-03T11:32:30.479095
72548,2343,8,45,3279.566,0,26236.528,00000000-0000-0000-0000-000000000000,2026-09-03T11:32:30.479098
72548,2344,2,29,3408.0673,0,6816.1346,00000000-0000-0000-0000-000000000000,2026-09-03T11:32:30.479100
72549,2345,7,21,1986.7135,0.15,11820.9453,00000000-0000-0000-0000-000000000000,2026-09-03T11:32:30.479103
72549,2346,7,10,3466.39,0.05,23051.4935,00000000-0000-0000-0000-000000000000,2026-09-03T11:32:30.479106
72549,2347,4,23,1796.8264,0.05,6827.9403,00000000-0000-0000-0000-000000000000,2026-09-03T11:32:30.479109
72549,2348,7,11,358.2186,0.1,2256.7772,00000000-0000-0000-0000-000000000000,2026-09-03T11:32:30.479112
72549,2349,8,50,516.9997,0,4135.9976,00000000-0000-0000-0000-000000000000,2026-09-03T11:32:30.479114
72550,2350,1,11,2215.109,0,2215.109,00000000-0000-0000-0000-000000000000,2026-09-03T11:32:30.479117
72550,2351,3,15,454.6077,0,1363.8231,00000000-0000-0000-0000-000000000000,2026-09-03T11:32:30.479120
72550,2352,1,24,3139.2722,0,3139.2722,00000000-0000-0000-0000-000000000000,2026-09-03T11:32:30.479123
72551,2353,2,12,2605.0177,0.05,4949.5336,00000000-0000-0000-0000-000000000000,2026-09-03T11:32:30.479126
72551,2354,6,34,1264.3958,0.15,6448.4186,00000000-0000-0000-0000-000000000000,2026-09-03T11:32:30.479129
72551,2355,5,7,1977.8784,0,9889.392,00000000-0000-0000-0000-000000000000,2026-09-03T11:32:30.479132
72551,2356,3,50,3231.3668,0.2,7755.2803,00000000-0000-0000-0000-000000000000,2026-09-03T11:32:30.479134
72552,2357,6,5,3090.1403,0,18540.8418,00000000-0000-0000-0000-000000000000,2026-09-03T11:32:30.479137
72552,2358,1,46,1450.7339,0.05,1378.1972,00000000-0000-0000-0000-000000000000,2026-09-03T11:32:30.479140
72552,2359,3,14,1902.5047,0,5707.5141,00000000-0000-0000-0000-000000000000,2026-09-03T11:32:30.479143
72552,2360,9,36,2031.1104,0.05,17365.9939,00000000-0000-0000-0000-000000000000,2026-09-03T11:32:30.479145
72552,2361,8,41,1035.756,0,8286.048,00000000-0000-0000-0000-000000000000,2026-09-03T11:32:30.479148
72553,2362,7,52,127.4227,0.1,802.763,00000000-0000-0000-0000-000000000000,2026-09-03T11:32:30.479151
72553,2363,6,9,686.0163,0,4116.0978,00000000-0000-0000-0000-000000000000,2026-09-03T11:32:30.479154
72553,2364,6,54,1662.9873,0.1,8980.1314,00000000-0000-0000-0000-000000000000,2026-09-03T11:32:30.479157
72553,2365,5,20,1935.277,0.2,7741.108,00000000-0000-0000-0000-000000000000,2026-09-03T11:32:30.479159
72553,2366,3,11,1067.2291,0,3201.6873,00000000-0000-0000-0000-000000000000,2026-09-03T11:32:30.479162
72554,2367,5,35,2432.3382,0,12161.691,00000000-0000-0000-0000-000000000000,2026-09-03T11:32:30.479165
72554,2368,4,47,1909.3272,0.05,7255.4434,00000000-0000-0000-0000-000000000000,2026-09-03T11:32:30.479167
72554,2369,8,16,256.0331,0.2,1638.6118,00000000-0000-0000-0000-000000000000,2026-09-03T11:32:30.479170
72555,2370,1,15,278.0649,0,278.0649,00000000-0000-0000-0000-000000000000,2026-09-03T11:32:30.479173
72555,2371,2,35,3301.1466,0.2,5281.8346,00000000-0000-0000-0000-000000000000,2026-09-03T11:32:30.479183
72555,2372,7,44,120.1659,0,841.1613,00000000-0000-0000-0000-000000000000,2026-09-03T11:32:30.479186
72555,2373,2,17,1338.4631,0.1,2409.2336,00000000-0000-0000-0000-000000000000,2026-09-03T11:32:30.479189
72556,2374,10,27,2118.9469,0,21189.469,00000000-0000-0000-0000-000000000000,2026-09-03T11:32:30.479192
72557,2375,5,30,1347.4894,0,6737.447,00000000-0000-0000-0000-000000000000,2026-09-03T11:32:30.479195
72558,2376,2,54,3058.0178,0.1,5504.432,00000000-0000-0000-0000-000000000000,2026-09-03T11:32:30.479199
72559,2377,10,9,2852.8937,0.2,22823.1496,00000000-0000-0000-0000-000000000000,2026-09-03T11:32:30.479202
72560,2378,10,10,2966.0262,0.05,28177.2489,00000000-0000-0000-0000-000000000000,2026-09-03T11:32:30.479205
72560,2379,8,27,3110.4841,0.15,21151.2919,00000000-0000-0000-0000-000000000000,2026-09-03T11:32:30.479208
72560,2380,4,19,1965.0942,0.15,6681.3203,00000000-0000-0000-0000-000000000000,2026-09-03T11:32:30.479211
72561,2381,5,6,3391.1901,0,16955.9505,00000000-0000-0000-0000-000000000000,2026-09-03T11:32:30.479213
72562,2382,2,34,335.3949,0.2,536.6318,00000000-0000-0000-0000-000000000000,2026-09-03T11:32:30.479216
72562,2383,9,41,371.7197,0.2,2676.3818,00000000-0000-0000-0000-000000000000,2026-09-03T11:32:30.479219
72562,2384,6,6,371.4547,0,2228.7282,00000000-0000-0000-0000-000000000000,2026-09-03T11:32:30.479222
72563,2385,2,29,556.4376,0.15,945.9439,00000000-0000-0000-0000-000000000000,2026-09-03T11:32:30.479225
72563,2386,1,20,3059.8212,0.15,2600.848,00000000-0000-0000-0000-000000000000,2026-09-03T11:32:30.479228
72564,2387,6,27,1582.0214,0.1,8542.9156,00000000-0000-0000-0000-000000000000,2026-09-03T11:32:30.479231
72564,2388,5,51,14.7588,0.15,62.7249,00000000-0000-0000-0000-000000000000,2026-09-03T11:32:30.479233
72564,2389,8,7,176.7047,0.05,1342.9557,00000000-0000-0000-0000-000000000000,2026-09-03T11:32:30.479236
72565,2390,8,34,2315.4317,0.1,16671.1082,00000000-0000-0000-0000-000000000000,2026-09-03T11:32:30.479240
72565,2391,4,7,752.2537,0,3009.0148,00000000-0000-0000-0000-000000000000,2026-09-03T11:32:30.479242
72565,2392,6,49,926.7397,0.2,4448.3506,00000000-0000-0000-0000-000000000000,2026-09-03T11:32:30.479245
72566,2393,3,49,958.4643,0.05,2731.6233,00000000-0000-0000-0000-000000000000,2026-09-03T11:32:30.479248
72566,2394,8,39,542.107,0,4336.856,00000000-0000-0000-0000-000000000000,2026-09-03T11:32:30.479250
72566,2395,8,47,948.0883,0,7584.7064,00000000-0000-0000-0000-000000000000,2026-09-03T11:32:30.479253
72566,2396,4,29,944.3744,0,3777.4976,00000000-0000-0000-0000-000000000000,2026-09-03T11:32:30.479255
72567,2397,10,40,911.3666,0.15,7746.6161,00000000-0000-0000-0000-000000000000,2026-09-03T11:32:30.479258
72567,2398,8,1,3224.664,0.1,23217.5808,00000000-0000-0000-0000-000000000000,2026-09-03T11:32:30.479261
72567,2399,4,39,2118.8974,0,8475.5896,00000000-0000-0000-0000-000000000000,2026-09-03T11:32:30.479264
72568,2400,10,19,2480.9861,0.05,23569.3679,00000000-0000-0000-0000-000000000000,2026-09-03T11:32:30.479267
72569,2401,7,20,658.5192,0.15,3918.1892,00000000-0000-0000-0000-000000000000,2026-09-03T11:32:30.479270
72570,2402,1,15,25.0314,0.05,23.7798,00000000-0000-0000-0000-000000000000,2026-09-03T11:32:30.479273
72571,2403,8,23,1498.9293,0.2,9593.1475,00000000-0000-0000-0000-000000000000,2026-09-03T11:32:30.479276
72571,2404,9,3,825.7624,0,7431.8616,00000000-0000-0000-0000-000000000000,2026-09-03T11:32:30.479279
72572,2405,4,6,1716.2974,0.05,6521.9301,00000000-0000-0000-0000-000000000000,2026-09-03T11:32:30.479282
72572,2406,2,2,2402.2034,0,4804.4068,00000000-0000-0000-0000-000000000000,2026-09-03T11:32:30.479284
72572,2407,7,42,3487.6133,0.1,21971.9638,00000000-0000-0000-0000-000000000000,2026-09-03T11:32:30.479287
72573,2408,2,11,1040.6762,0.2,1665.0819,00000000-0000-0000-0000-000000000000,2026-09-03T11:32:30.479290
72573,2409,1,25,1134.1959,0.05,1077.4861,00000000-0000-0000-0000-000000000000,2026-09-03T11:32:30.479292
72573,2410,1,18,3259.2632,0,3259.2632,00000000-0000-0000-0000-000000000000,2026-09-03T11:32:30.479295
72574,2411,7,30,1024.1698,0.1,6452.2697,00000000-0000-0000-0000-000000000000,2026-09-03T11:32:30.479298
72574,2412,7,50,2102.0704,0.1,13243.0435,00000000-0000-0000-0000-000000000000,2026-09-03T11:32:30.479301
72574,2413,9,38,2228.1659,0.1,18048.1438,00000000-0000-0000-0000-000000000000,2026-09-03T11:32:30.479304
72574,2414,9,5,957.9673,0,8621.7057,00000000-0000-0000-0000-000000000000,2026-09-03T11:32:30.479306
72575,2415,4,26,52.2885,0.15,177.7809,00000000-0000-0000-0000-000000000000,2026-09-03T11:32:30.479309
72575,2416,1,30,2830.3514,0,2830.3514,00000000-0000-0000-0000-000000000000,2026-09-03T11:32:30.479313
72575,2417,2,29,2794.784,0,5589.568,00000000-0000-0000-0000-000000000000,2026-09-03T11:32:30.479315
72575,2418,4,42,1707.1402,0.2,5462.8486,00000000-0000-0000-0000-000000000000,2026-09-03T11:32:30.479318
72576,2419,10,13,1103.0632,0,11030.632,00000000-0000-0000-0000-000000000000,2026-09-03T11:32:30.479321
72576,2420,1,29,2833.2171,0.2,2266.5737,00000000-0000-0000-0000-000000000000,2026-09-03T11:32:30.479323
72576,2421,2,29,1852.0399,0,3704.0798,00000000-0000-0000-0000-000000000000,2026-09-03T11:32:30.479326
72576,2422,7,54,382.0936,0.15,2273.4569,00000000-0000-0000-0000-000000000000,2026-09-03T11:32:30.479328
72577,2423,10,2,3474.5247,0,34745.247,00000000-0000-0000-0000-000000000000,2026-09-03T11:32:30.479331
72578,2424,5,19,3227.4786,0,16137.393,00000000-0000-0000-0000-000000000000,2026-09-03T11:32:30.479334
72578,2425,6,22,310.5972,0.2,1490.8666,00000000-0000-0000-0000-000000000000,2026-09-03T11:32:30.479338
72579,2426,4,15,1485.8305,0,5943.322,00000000-0000-0000-0000-000000000000,2026-09-03T11:32:30.479341
72579,2427,9,20,824.1944,0.15,6305.0872,00000000-0000-0000-0000-000000000000,2026-09-03T11:32:30.479344
72579,2428,7,45,2325.9357,0.15,13839.3174,00000000-0000-0000-0000-000000000000,2026-09-03T11:32:30.479347
72579,2429,3,15,3240.406,0,9721.218,00000000-0000-0000-0000-000000000000,2026-09-03T11:32:30.479349
72579,2430,8,50,1990.7387,0,15925.9096,00000000-0000-0000-0000-000000000000,2026-09-03T11:32:30.479352
72580,2431,4,24,2866.7169,0.15,9746.8375,00000000-0000-0000-0000-000000000000,2026-09-03T11:32:30.479356
72581,2432,1,20,3174.9816,0.2,2539.9853,00000000-0000-0000-0000-000000000000,2026-09-03T11:32:30.479359
72581,2433,10,38,2163.9889,0.2,17311.9112,00000000-0000-0000-0000-000000000000,2026-09-03T11:32:30.479361
72582,2434,6,14,1352.6966,0.05,7710.3706,00000000-0000-0000-0000-000000000000,2026-09-03T11:32:30.479364
72582,2435,2,48,2520.4998,0.15,4284.8497,00000000-0000-0000-0000-000000000000,2026-09-03T11:32:30.479367
72583,2436,8,16,1676.9026,0.2,10732.1766,00000000-0000-0000-0000-000000000000,2026-09-03T11:32:30.479370
72583,2437,4,37,372.1421,0.05,1414.14,00000000-0000-0000-0000-000000000000,2026-09-03T11:32:30.479372
72583,2438,7,45,3042.9957,0.2,17040.7759,00000000-0000-0000-0000-000000000000,2026-09-03T11:32:30.479375
72583,2439,9,32,3196.5048,0,28768.5432,00000000-0000-0000-0000-000000000000,2026-09-03T11:32:30.479377
72583,2440,4,51,2514.6227,0,10058.4908,00000000-0000-0000-0000-000000000000,2026-09-03T11:32:30.479380
72584,2441,9,25,2881.1645,0.2,20744.3844,00000000-0000-0000-0000-000000000000,2026-09-03T11:32:30.479383
72584,2442,4,54,3003.801,0.15,10212.9234,00000000-0000-0000-0000-000000000000,2026-09-03T11:32:30.479386
72584,2443,8,43,2179.8521,0.2,13951.0534,00000000-0000-0000-0000-000000000000,2026-09-03T11:32:30.479388
72584,2444,8,43,2844.1247,0.1,20477.6978,00000000-0000-0000-0000-000000000000,2026-09-03T11:32:30.479391
72584,2445,2,16,332.7858,0.15,565.7359,00000000-0000-0000-0000-000000000000,2026-09-03T11:32:30.479394
72585,2446,2,49,2022.0092,0.2,3235.2147,00000000-0000-0000-0000-000000000000,2026-09-03T11:32:30.479397
72585,2447,7,29,1690.8016,0.1,10652.0501,00000000-0000-0000-0000-000000000000,2026-09-03T11:32:30.479400
72585,2448,1,24,3280.9173,0.05,3116.8714,00000000-0000-0000-0000-000000000000,2026-09-03T11:32:30.479403
72586,2449,8,15,1961.6605,0,15693.284,00000000-0000-0000-0000-000000000000,2026-09-03T11:32:30.479405
72586,2450,10,9,2888.4003,0.05,27439.8028,00000000-0000-0000-0000-000000000000,2026-09-03T11:32:30.479408
72586,2451,2,25,423.3638,0.15,719.7185,00000000-0000-0000-0000-000000000000,2026-09-03T11:32:30.479411
72587,2452,10,36,1193.1141,0.05,11334.5839,00000000-0000-0000-0000-000000000000,2026-09-03T11:32:30.479415
72587,2453,5,26,2147.1209,0,10735.6045,00000000-0000-0000-0000-000000000000,2026-09-03T11:32:30.479417
72588,2454,10,35,1408.248,0.2,11265.984,00000000-0000-0000-0000-000000000000,2026-09-03T11:32:30.479421
72588,2455,1,7,2431.9262,0.05,2310.3299,00000000-0000-0000-0000-000000000000,2026-09-03T11:32:30.479424
72588,2456,6,24,3285.9636,0.15,16758.4144,00000000-0000-0000-0000-000000000000,2026-09-03T11:32:30.479427
72589,2457,4,39,27.11,0.2,86.752,00000000-0000-0000-0000-000000000000,2026-09-03T11:32:30.479430
72589,2458,3,31,2513.5421,0,7540.6263,00000000-0000-0000-0000-000000000000,2026-09-03T11:32:30.479433
72589,2459,9,26,2437.6796,0,21939.1164,00000000-0000-0000-0000-000000000000,2026-09-03T11:32:30.479436
72589,2460,10,10,1397.3893,0.15,11877.809,00000000-0000-0000-0000-000000000000,2026-09-03T11:32:30.479439
72590,2461,1,22,1134.3182,0.1,1020.8864,00000000-0000-0000-0000-000000000000,2026-09-03T11:32:30.479442
72590,2462,7,4,93.249,0,652.743,00000000-0000-0000-0000-000000000000,2026-09-03T11:32:30.479444
72590,2463,2,51,34.7371,0.15,59.0531,00000000-0000-0000-0000-000000000000,2026-09-03T11:32:30.479447
72591,2464,1,6,2338.606,0.15,1987.8151,00000000-0000-0000-0000-000000000000,2026-09-03T11:32:30.479450
72592,2465,2,38,1490.222,0.05,2831.4218,00000000-0000-0000-0000-000000000000,2026-09-03T11:32:30.479453
72592,2466,5,51,1614.2591,0.1,7264.166,00000000-0000-0000-0000-000000000000,2026-09-03T11:32:30.479456
72592,2467,10,41,890.8009,0.2,7126.4072,00000000-0000-0000-0000-000000000000,2026-09-03T11:32:30.479458
72593,2468,4,1,295.8333,0,1183.3332,00000000-0000-0000-0000-000000000000,2026-09-03T11:32:30.479461
72593,2469,9,33,173.607,0.15,1328.0935,00000000-0000-0000-0000-000000000000,2026-09-03T11:32:30.479464
72593,2470,4,34,498.3615,0.2,1594.7568,00000000-0000-0000-0000-000000000000,2026-09-03T11:32:30.479467
72593,2471,7,54,2989.3936,0.15,17786.8919,00000000-0000-0000-0000-000000000000,2026-09-03T11:32:30.479470
72593,2472,9,26,2009.6329,0,18086.6961,00000000-0000-0000-0000-000000000000,2026-09-03T11:32:30.479473
72594,2473,4,5,456.2199,0.15,1551.1477,00000000-0000-0000-0000-000000000000,2026-09-03T11:32:30.479476
72594,2474,5,34,224.151,0.15,952.6418,00000000-0000-0000-0000-000000000000,2026-09-03T11:32:30.479479
72594,2475,8,41,445.7926,0.15,3031.3897,00000000-0000-0000-0000-000000000000,2026-09-03T11:32:30.479482
72594,2476,6,21,865.092,0.05,4931.0244,00000000-0000-0000-0000-000000000000,2026-09-03T11:32:30.479484
72595,2477,3,5,255.0234,0,765.0702,00000000-0000-0000-0000-000000000000,2026-09-03T11:32:30.479487
72595,2478,9,9,2704.6293,0.1,21907.4973,00000000-0000-0000-0000-000000000000,2026-09-03T11:32:30.479490
72595,2479,7,14,3076.9647,0,21538.7529,00000000-0000-0000-0000-000000000000,2026-09-03T11:32:30.479492
72595,2480,7,53,2629.7786,0.1,16567.6052,00000000-0000-0000-0000-000000000000,2026-09-03T11:32:30.479496
72596,2481,2,41,434.2592,0.05,825.0925,00000000-0000-0000-0000-000000000000,2026-09-03T11:32:30.479499
72596,2482,4,54,2207.629,0.15,7505.9386,00000000-0000-0000-0000-000000000000,2026-09-03T11:32:30.479502
72596,2483,7,17,111.4046,0,779.8322,00000000-0000-0000-0000-000000000000,2026-09-03T11:32:30.479504
72597,2484,10,16,2419.0699,0.05,22981.164,00000000-0000-0000-0000-000000000000,2026-09-03T11:32:30.479507
72598,2485,10,38,1778.5329,0,17785.329,00000000-0000-0000-0000-000000000000,2026-09-03T11:32:30.479511
72598,2486,8,28,240.7505,0.2,1540.8032,00000000-0000-0000-0000-000000000000,2026-09-03T11:32:30.479513
72598,2487,4,10,965.9635,0.2,3091.0832,00000000-0000-0000-0000-000000000000,2026-09-03T11:32:30.479516
72598,2488,2,46,796.3954,0.1,1433.5117,00000000-0000-0000-0000-000000000000,2026-09-03T11:32:30.479519
72599,2489,3,22,2572.2626,0.15,6559.2696,00000000-0000-0000-0000-000000000000,2026-09-03T11:32:30.479522
72599,2490,3,41,498.2929,0.1,1345.3908,00000000-0000-0000-0000-000000000000,2026-09-03T11:32:30.479525
72599,2491,8,7,2819.5941,0.2,18045.4022,00000000-0000-0000-0000-000000000000,2026-09-03T11:32:30.479527
72599,2492,4,30,620.069,0.1,2232.2484,00000000-0000-0000-0000-000000000000,2026-09-03T11:32:30.479530
72599,2493,10,37,2045.275,0.1,18407.475,00000000-0000-0000-0000-000000000000,2026-09-03T11:32:30.479532
72600,2494,3,21,2961.352,0,8884.056,00000000-0000-0000-0000-000000000000,2026-09-03T11:32:30.479535
72600,2495,7,49,655.6817,0.1,4130.7947,00000000-0000-0000-0000-000000000000,2026-09-03T11:32:30.479538
72600,2496,9,18,907.8479,0,8170.6311,00000000-0000-0000-0000-000000000000,2026-09-03T11:32:30.479540
72601,2497,7,50,2807.0075,0.15,16701.6946,00000000-0000-0000-0000-000000000000,2026-09-03T11:32:30.479544
72601,2498,7,33,2465.1266,0.1,15530.2976,00000000-0000-0000-0000-000000000000,2026-09-03T11:32:30.479546
72602,2499,2,20,3053.6576,0,6107.3152,00000000-0000-0000-0000-000000000000,2026-09-03T11:32:30.479549
72603,2500,5,2,780.5447,0.05,3707.5873,00000000-0000-0000-0000-000000000000,2026-09-03T11:32:30.479552
72603,2501,1,21,2121.4493,0.1,1909.3044,00000000-0000-0000-0000-000000000000,2026-09-03T11:32:30.479555
72604,2502,6,21,1753.8907,0,10523.3442,00000000-0000-0000-0000-000000000000,2026-09-03T11:32:30.479558
72604,2503,1,50,2461.657,0.1,2215.4913,00000000-0000-0000-0000-000000000000,2026-09-03T11:32:30.479560
72604,2504,3,50,2244.6762,0.05,6397.3272,00000000-0000-0000-0000-000000000000,2026-09-03T11:32:30.479563
72604,2505,10,4,1690.3712,0.05,16058.5264,00000000-0000-0000-0000-000000000000,2026-09-03T11:32:30.479566
72604,2506,10,7,609.3392,0,6093.392,00000000-0000-0000-0000-000000000000,2026-09-03T11:32:30.479569
72605,2507,5,25,65.1817,0.15,277.0222,00000000-0000-0000-0000-000000000000,2026-09-03T11:32:30.479572
72605,2508,3,8,3338.4691,0.05,9514.6369,00000000-0000-0000-0000-000000000000,2026-09-03T11:32:30.479575
72606,2509,7,26,633.2357,0.15,3767.7524,00000000-0000-0000-0000-000000000000,2026-09-03T11:32:30.479578
72606,2510,3,13,2539.7122,0,7619.1366,00000000-0000-0000-0000-000000000000,2026-09-03T11:32:30.479581
72606,2511,2,35,1140.7631,0,2281.5262,00000000-0000-0000-0000-000000000000,2026-09-03T11:32:30.479583
72606,2512,10,21,2789.1011,0,27891.011,00000000-0000-0000-0000-000000000000,2026-09-03T11:32:30.479586
72607,2513,10,32,2306.0499,0.1,20754.4491,00000000-0000-0000-0000-000000000000,2026-09-03T11:32:30.479589
72607,2514,8,51,1644.7408,0,13157.9264,00000000-0000-0000-0000-000000000000,2026-09-03T11:32:30.479592
72607,2515,6,32,2003.6631,0.1,10819.7807,00000000-0000-0000-0000-000000000000,2026-09-03T11:32:30.479594
72608,2516,2,37,1112.3065,0,2224.613,00000000-0000-0000-0000-000000000000,2026-09-03T11:32:30.479597
72608,2517,3,17,3366.23,0.2,8078.952,00000000-0000-0000-0000-000000000000,2026-09-03T11:32:30.479600
72608,2518,2,5,2522.1427,0,5044.2854,00000000-0000-0000-0000-000000000000,2026-09-03T11:32:30.479602
72608,2519,4,26,234.7232,0.15,798.0589,00000000-0000-0000-0000-000000000000,2026-09-03T11:32:30.479605
72608,2520,1,14,3371.4819,0.05,3202.9078,00000000-0000-0000-0000-000000000000,2026-09-03T11:32:30.479608
72609,2521,7,42,1495.6809,0,10469.7663,00000000-0000-0000-0000-000000000000,2026-09-03T11:32:30.479610
72609,2522,2,7,1625.9274,0.05,3089.2621,00000000-0000-0000-0000-000000000000,2026-09-03T11:32:30.479613
72609,2523,5,47,569.4912,0.1,2562.7104,00000000-0000-0000-0000-000000000000,2026-09-03T11:32:30.479616
72609,2524,4,2,2977.0665,0,11908.266,00000000-0000-0000-0000-000000000000,2026-09-03T11:32:30.479619
72609,2525,1,24,2789.7246,0.1,2510.7521,00000000-0000-0000-0000-000000000000,2026-09-03T11:32:30.479621
72610,2526,9,45,3347.28,0,30125.52,00000000-0000-0000-0000-000000000000,2026-09-03T11:32:30.479624
72610,2527,5,41,520.0735,0,2600.3675,00000000-0000-0000-0000-000000000000,2026-09-03T11:32:30.479627
72610,2528,8,15,1959.582,0.1,14108.9904,00000000-0000-0000-0000-000000000000,2026-09-03T11:32:30.479629
72610,2529,3,52,3365.8046,0.2,8077.931,00000000-0000-0000-0000-000000000000,2026-09-03T11:32:30.479633
72611,2530,9,34,147.2107,0.05,1258.6515,00000000-0000-0000-0000-000000000000,2026-09-03T11:32:30.479636
72612,2531,8,15,300.4537,0.15,2043.0852,00000000-0000-0000-0000-000000000000,2026-09-03T11:32:30.479639
72612,2532,5,35,2509.7792,0,12548.896,00000000-0000-0000-0000-000000000000,2026-09-03T11:32:30.479642
72613,2533,8,9,531.2172,0,4249.7376,00000000-0000-0000-0000-000000000000,2026-09-03T11:32:30.479645
72613,2534,8,2,32.9764,0.1,237.4301,00000000-0000-0000-0000-000000000000,2026-09-03T11:32:30.479648
72613,2535,9,31,1930.942,0,17378.478,00000000-0000-0000-0000-000000000000,2026-09-03T11:32:30.479650
72614,2536,7,44,2905.3195,0,20337.2365,00000000-0000-0000-0000-000000000000,2026-09-03T11:32:30.479653
72614,2537,10,45,2510.4801,0.05,23849.561,00000000-0000-0000-0000-000000000000,2026-09-03T11:32:30.479656
72614,2538,7,21,1510.2881,0,10572.0167,00000000-0000-0000-0000-000000000000,2026-09-03T11:32:30.479658
72615,2539,6,23,557.9654,0.15,2845.6235,00000000-0000-0000-0000-000000000000,2026-09-03T11:32:30.479661
72616,2540,1,2,328.8967,0.15,279.5622,00000000-0000-0000-0000-000000000000,2026-09-03T11:32:30.479664
72616,2541,1,33,3349.9128,0,3349.9128,00000000-0000-0000-0000-000000000000,2026-09-03T11:32:30.479667
72616,2542,9,50,410.7338,0,3696.6042,00000000-0000-0000-0000-000000000000,2026-09-03T11:32:30.479669
72617,2543,7,12,2487.9185,0,17415.4295,00000000-0000-0000-0000-000000000000,2026-09-03T11:32:30.479673
72617,2544,1,14,735.8894,0,735.8894,00000000-0000-0000-0000-000000000000,2026-09-03T11:32:30.479676
72617,2545,3,9,1470.0121,0.05,4189.5345,00000000-0000-0000-0000-000000000000,2026-09-03T11:32:30.479678
72618,2546,9,15,1134.6134,0,10211.5206,00000000-0000-0000-0000-000000000000,2026-09-03T11:32:30.479681
72618,2547,5,44,19.8438,0,99.219,00000000-0000-0000-0000-000000000000,2026-09-03T11:32:30.479684
72619,2548,5,13,3071.2721,0.15,13052.9064,00000000-0000-0000-0000-000000000000,2026-09-03T11:32:30.479687
72619,2549,4,37,3485.2185,0,13940.874,00000000-0000-0000-0000-000000000000,2026-09-03T11:32:30.479689
72620,2550,10,10,3432.3322,0.2,27458.6576,00000000-0000-0000-0000-000000000000,2026-09-03T11:32:30.479692
72621,2551,2,27,115.1742,0.1,207.3136,00000000-0000-0000-0000-000000000000,2026-09-03T11:32:30.479695
72621,2552,2,28,2486.0301,0,4972.0602,00000000-0000-0000-0000-000000000000,2026-09-03T11:32:30.479698
72621,2553,7,40,2942.416,0.2,16477.5296,00000000-0000-0000-0000-000000000000,2026-09-03T11:32:30.479701
72621,2554,8,47,1355.4193,0.1,9759.019,00000000-0000-0000-0000-000000000000,2026-09-03T11:32:30.479704
72621,2555,4,14,2369.4539,0,9477.8156,00000000-0000-0000-0000-000000000000,2026-09-03T11:32:30.479706
72622,2556,5,5,897.2946,0,4486.473,00000000-0000-0000-0000-000000000000,2026-09-03T11:32:30.479710
72623,2557,7,17,1369.4764,0.05,9107.0181,00000000-0000-0000-0000-000000000000,2026-09-03T11:32:30.479713
72624,2558,9,19,1630.4341,0,14673.9069,00000000-0000-0000-0000-000000000000,2026-09-03T11:32:30.479716
72624,2559,6,36,1022.623,0.15,5215.3773,00000000-0000-0000-0000-000000000000,2026-09-03T11:32:30.479719
72624,2560,2,32,105.8679,0,211.7358,00000000-0000-0000-0000-000000000000,2026-09-03T11:32:30.479722
72624,2561,10,27,1431.1866,0,14311.866,00000000-0000-0000-0000-000000000000,2026-09-03T11:32:30.479724
72624,2562,9,1,2907.173,0,26164.557,00000000-0000-0000-0000-000000000000,2026-09-03T11:32:30.479727
72625,2563,2,23,462.2828,0,924.5656,00000000-0000-0000-0000-000000000000,2026-09-03T11:32:30.479730
72625,2564,1,42,31.1885,0.2,24.9508,00000000-0000-0000-0000-000000000000,2026-09-03T11:32:30.479733
72625,2565,7,40,2138.3399,0.2,11974.7034,00000000-0000-0000-0000-000000000000,2026-09-03T11:32:30.479735
72625,2566,7,7,2010.2786,0.15,11961.1577,00000000-0000-0000-0000-000000000000,2026-09-03T11:32:30.479738
72625,2567,4,8,2560.5195,0.2,8193.6624,00000000-0000-0000-0000-000000000000,2026-09-03T11:32:30.479741
72626,2568,6,24,2929.2358,0.15,14939.1026,00000000-0000-0000-0000-000000000000,2026-09-03T11:32:30.479744
72626,2569,3,9,567.6923,0,1703.0769,00000000-0000-0000-0000-000000000000,2026-09-03T11:32:30.479746
72626,2570,1,21,2315.6996,0.1,2084.1296,00000000-0000-0000-0000-000000000000,2026-09-03T11:32:30.479749
72627,2571,8,42,2932.712,0,23461.696,00000000-0000-0000-0000-000000000000,2026-09-03T11:32:30.479752
72627,2572,4,23,1563.2373,0,6252.9492,00000000-0000-0000-0000-000000000000,2026-09-03T11:32:30.479755
72627,2573,1,45,3225.1062,0.15,2741.3403,00000000-0000-0000-0000-000000000000,2026-09-03T11:32:30.479757
72627,2574,8,26,2979.4082,0,23835.2656,00000000-0000-0000-0000-000000000000,2026-09-03T11:32:30.479760
72627,2575,4,39,618.5052,0,2474.0208,00000000-0000-0000-0000-000000000000,2026-09-03T11:32:30.479762
72628,2576,2,8,173.0628,0,346.1256,00000000-0000-0000-0000-000000000000,2026-09-03T11:32:30.479765
72628,2577,3,53,3202.0777,0.2,7684.9865,00000000-0000-0000-0000-000000000000,2026-09-03T11:32:30.479768
72628,2578,7,54,1142.9372,0.1,7200.5044,00000000-0000-0000-0000-000000000000,2026-09-03T11:32:30.479771
72629,2579,9,36,1625.8939,0.15,12438.0883,00000000-0000-0000-0000-000000000000,2026-09-03T11:32:30.479774
72629,2580,1,15,1888.6771,0.05,1794.2432,00000000-0000-0000-0000-000000000000,2026-09-03T11:32:30.479776
72630,2581,9,38,3441.2776,0,30971.4984,00000000-0000-0000-0000-000000000000,2026-09-03T11:32:30.479779
72631,2582,5,23,3393.1009,0,16965.5045,00000000-0000-0000-0000-000000000000,2026-09-03T11:32:30.479789
72632,2583,1,46,3119.2202,0.1,2807.2982,00000000-0000-0000-0000-000000000000,2026-09-03T11:32:30.479792
72632,2584,2,54,2659.7208,0.05,5053.4695,00000000-0000-0000-0000-000000000000,2026-09-03T11:32:30.479794
72632,2585,5,53,1907.0544,0,9535.272,00000000-0000-0000-0000-000000000000,2026-09-03T11:32:30.479797
72632,2586,10,15,3154.8092,0,31548.092,00000000-0000-0000-0000-000000000000,2026-09-03T11:32:30.479800
72632,2587,6,45,1294.2369,0.15,6600.6082,00000000-0000-0000-0000-000000000000,2026-09-03T11:32:30.479803
72633,2588,10,12,2316.0206,0,23160.206,00000000-0000-0000-0000-000000000000,2026-09-03T11:32:30.479806
72633,2589,6,37,167.7326,0.15,855.4363,00000000-0000-0000-0000-000000000000,2026-09-03T11:32:30.479809
72633,2590,8,32,1429.6104,0,11436.8832,00000000-0000-0000-0000-000000000000,2026-09-03T11:32:30.479811
72634,2591,2,7,2129.3615,0.2,3406.9784,00000000-0000-0000-0000-000000000000,2026-09-03T11:32:30.479815
72634,2592,8,38,2385.3618,0.2,15266.3155,00000000-0000-0000-0000-000000000000,2026-09-03T11:32:30.479817
72634,2593,1,46,2793.2086,0,2793.2086,00000000-0000-0000-0000-000000000000,2026-09-03T11:32:30.479820
72634,2594,8,27,1076.0211,0,8608.1688,00000000-0000-0000-0000-000000000000,2026-09-03T11:32:30.479822
72634,2595,5,21,3400.7649,0.05,16153.6333,00000000-0000-0000-0000-000000000000,2026-09-03T11:32:30.479825
72635,2596,1,36,316.2934,0.05,300.4787,00000000-0000-0000-0000-000000000000,2026-09-03T11:32:30.479828
72636,2597,6,34,3426.3819,0.2,16446.6331,00000000-0000-0000-0000-000000000000,2026-09-03T11:32:30.479831
72636,2598,2,23,2000.8361,0,4001.6722,00000000-0000-0000-0000-000000000000,2026-09-03T11:32:30.479834
72636,2599,3,8,2310.9485,0,6932.8455,00000000-0000-0000-0000-000000000000,2026-09-03T11:32:30.479836
72636,2600,7,46,2720.2909,0,19042.0363,00000000-0000-0000-0000-000000000000,2026-09-03T11:32:30.479839
72636,2601,7,4,1830.6908,0.2,10251.8685,00000000-0000-0000-0000-000000000000,2026-09-03T11:32:30.479841
72637,2602,5,30,3204.7924,0,16023.962,00000000-0000-0000-0000-000000000000,2026-09-03T11:32:30.479844
72638,2603,3,43,2385.8479,0,7157.5437,00000000-0000-0000-0000-000000000000,2026-09-03T11:32:30.479847
72638,2604,9,38,1781.4797,0.1,14429.9856,00000000-0000-0000-0000-000000000000,2026-09-03T11:32:30.479850
72638,2605,1,44,2164.8225,0,2164.8225,00000000-0000-0000-0000-000000000000,2026-09-03T11:32:30.479852
72638,2606,5,25,3459.4787,0.05,16432.5238,00000000-0000-0000-0000-000000000000,2026-09-03T11:32:30.479855
72639,2607,4,47,2594.2528,0.15,8820.4595,00000000-0000-0000-0000-000000000000,2026-09-03T11:32:30.479858
72640,2608,8,37,2118.9998,0.15,14409.1986,00000000-0000-0000-0000-000000000000,2026-09-03T11:32:30.479861
72640,2609,10,9,3094.6604,0.2,24757.2832,00000000-0000-0000-0000-000000000000,2026-09-03T11:32:30.479864
72640,2610,6,45,1638.2327,0.15,8354.9868,00000000-0000-0000-0000-000000000000,2026-09-03T11:32:30.479868
72640,2611,4,14,1384.876,0,5539.504,00000000-0000-0000-0000-000000000000,2026-09-03T11:32:30.479870
72640,2612,9,34,1827.8384,0.05,15628.0183,00000000-0000-0000-0000-000000000000,2026-09-03T11:32:30.479873
72641,2613,9,24,3089.9767,0,27809.7903,00000000-0000-0000-0000-000000000000,2026-09-03T11:32:30.479876
72641,2614,10,33,2571.2425,0.1,23141.1825,00000000-0000-0000-0000-000000000000,2026-09-03T11:32:30.479879
72641,2615,2,35,1394.0084,0.15,2369.8143,00000000-0000-0000-0000-000000000000,2026-09-03T11:32:30.479881
72642,2616,8,26,2718.0387,0.1,19569.8786,00000000-0000-0000-0000-000000000000,2026-09-03T11:32:30.479884
72642,2617,10,1,2441.4013,0,24414.013,00000000-0000-0000-0000-000000000000,2026-09-03T11:32:30.479887
72642,2618,4,32,2261.2241,0.05,8592.6516,00000000-0000-0000-0000-000000000000,2026-09-03T11:32:30.479889
72643,2619,10,51,1003.1394,0.1,9028.2546,00000000-0000-0000-0000-000000000000,2026-09-03T11:32:30.479893
72643,2620,5,51,3299.8109,0.15,14024.1963,00000000-0000-0000-0000-000000000000,2026-09-03T11:32:30.479896
72643,2621,5,52,975.6586,0.05,4634.3783,00000000-0000-0000-0000-000000000000,2026-09-03T11:32:30.479899
72643,2622,1,29,1090.8769,0,1090.8769,00000000-0000-0000-0000-000000000000,2026-09-03T11:32:30.479902
72643,2623,3,48,1416.4421,0.2,3399.461,00000000-0000-0000-0000-000000000000,2026-09-03T11:32:30.479905
72644,2624,6,19,482.6777,0.15,2461.6563,00000000-0000-0000-0000-000000000000,2026-09-03T11:32:30.479908
72644,2625,8,54,2293.1306,0,18345.0448,00000000-0000-0000-0000-000000000000,2026-09-03T11:32:30.479910
72644,2626,2,45,1247.7511,0.1,2245.952,00000000-0000-0000-0000-000000000000,2026-09-03T11:32:30.479913
72644,2627,5,16,1374.5872,0.2,5498.3488,00000000-0000-0000-0000-000000000000,2026-09-03T11:32:30.479916
72645,2628,4,40,2033.2894,0.1,7319.8418,00000000-0000-0000-0000-000000000000,2026-09-03T11:32:30.479919
72645,2629,10,48,1809.8792,0.15,15383.9732,00000000-0000-0000-0000-000000000000,2026-09-03T11:32:30.479922
72645,2630,10,46,199.1237,0.2,1592.9896,00000000-0000-0000-0000-000000000000,2026-09-03T11:32:30.479925
72646,2631,9,21,3381.7813,0,30436.0317,00000000-0000-0000-0000-000000000000,2026-09-03T11:32:30.479927
72646,2632,4,44,1582.0337,0.2,5062.5078,00000000-0000-0000-0000-000000000000,2026-09-03T11:32:30.479931
72646,2633,9,5,1744.1086,0.05,14912.1285,00000000-0000-0000-0000-000000000000,2026-09-03T11:32:30.479933
72646,2634,5,53,1330.6742,0.1,5988.0339,00000000-0000-0000-0000-000000000000,2026-09-03T11:32:30.479936
72646,2635,1,32,771.1022,0,771.1022,00000000-0000-0000-0000-000000000000,2026-09-03T11:32:30.479938
72647,2636,2,52,208.1942,0.05,395.569,00000000-0000-0000-0000-000000000000,2026-09-03T11:32:30.479941
72647,2637,8,25,2406.612,0.05,18290.2512,00000000-0000-0000-0000-000000000000,2026-09-03T11:32:30.479944
72648,2638,4,21,3081.7634,0.15,10477.9956,00000000-0000-0000-0000-000000000000,2026-09-03T11:32:30.479947
72649,2639,8,33,2250.296,0,18002.368,00000000-0000-0000-0000-000000000000,2026-09-03T11:32:30.479950
72650,2640,3,10,770.5129,0.1,2080.3848,00000000-0000-0000-0000-000000000000,2026-09-03T11:32:30.479953
72650,2641,9,21,675.7083,0.15,5169.1685,00000000-0000-0000-0000-000000000000,2026-09-03T11:32:30.479957
72650,2642,4,27,995.999,0,3983.996,00000000-0000-0000-0000-000000000000,2026-09-03T11:32:30.479959
72650,2643,6,9,2039.9336,0.1,11015.6414,00000000-0000-0000-0000-000000000000,2026-09-03T11:32:30.479962
72650,2644,1,47,3339.2342,0,3339.2342,00000000-0000-0000-0000-000000000000,2026-09-03T11:32:30.479964
72651,2645,3,53,792.487,0.2,1901.9688,00000000-0000-0000-0000-000000000000,2026-09-03T11:32:30.479967
72651,2646,6,13,2394.9847,0.05,13651.4128,00000000-0000-0000-0000-000000000000,2026-09-03T11:32:30.479970
72652,2647,6,52,1610.5166,0,9663.0996,00000000-0000-0000-0000-000000000000,2026-09-03T11:32:30.479973
72652,2648,8,10,424.8952,0.1,3059.2454,00000000-0000-0000-0000-000000000000,2026-09-03T11:32:30.479976
72653,2649,4,9,2083.882,0,8335.528,00000000-0000-0000-0000-000000000000,2026-09-03T11:32:30.479979
72653,2650,5,31,3390.3404,0,16951.702,00000000-0000-0000-0000-000000000000,2026-09-03T11:32:30.479981
72653,2651,7,51,1710.673,0,11974.711,00000000-0000-0000-0000-000000000000,2026-09-03T11:32:30.479984
72654,2652,10,16,1160.7899,0,11607.899,00000000-0000-0000-0000-000000000000,2026-09-03T11:32:30.479987
72654,2653,6,23,2489.1604,0,14934.9624,00000000-0000-0000-0000-000000000000,2026-09-03T11:32:30.479990
72654,2654,3,3,2435.0638,0,7305.1914,00000000-0000-0000-0000-000000000000,2026-09-03T11:32:30.479992
72654,2655,8,17,152.9312,0,1223.4496,00000000-0000-0000-0000-000000000000,2026-09-03T11:32:30.479995
72654,2656,5,17,267.0137,0.05,1268.3151,00000000-0000-0000-0000-000000000000,2026-09-03T11:32:30.479997
72655,2657,8,52,1976.9668,0.2,12652.5875,00000000-0000-0000-0000-000000000000,2026-09-03T11:32:30.480002
72655,2658,3,7,1376.7815,0.2,3304.2756,00000000-0000-0000-0000-000000000000,2026-09-03T11:32:30.480005
72655,2659,10,6,1933.033,0,19330.33,00000000-0000-0000-0000-000000000000,2026-09-03T11:32:30.480007
72656,2660,1,54,1676.8557,0.15,1425.3273,00000000-0000-0000-0000-000000000000,2026-09-03T11:32:30.480010
72656,2661,8,48,1470.4811,0,11763.8488,00000000-0000-0000-0000-000000000000,2026-09-03T11:32:30.480013
72657,2662,3,10,370.7542,0,1112.2626,00000000-0000-0000-0000-000000000000,2026-09-03T11:32:30.480016
72657,2663,4,42,3173.1678,0.1,11423.4041,00000000-0000-0000-0000-000000000000,2026-09-03T11:32:30.480018
72657,2664,6,25,2488.1956,0,14929.1736,00000000-0000-0000-0000-000000000000,2026-09-03T11:32:30.480021
72657,2665,9,45,1043.1783,0.05,8919.1745,00000000-0000-0000-0000-000000000000,2026-09-03T11:32:30.480023
72658,2666,5,24,876.68,0,4383.4,00000000-0000-0000-0000-000000000000,2026-09-03T11:32:30.480026
72658,2667,6,38,1300.3117,0.2,6241.4962,00000000-0000-0000-0000-000000000000,2026-09-03T11:32:30.480029
72658,2668,7,14,1172.0551,0,8204.3857,00000000-0000-0000-0000-000000000000,2026-09-03T11:32:30.480031
72659,2669,8,32,1506.1766,0.05,11446.9422,00000000-0000-0000-0000-000000000000,2026-09-03T11:32:30.480035
72659,2670,5,51,2690.8796,0.1,12108.9582,00000000-0000-0000-0000-000000000000,2026-09-03T11:32:30.480038
72659,2671,3,32,765.1924,0.15,1951.2406,00000000-0000-0000-0000-000000000000,2026-09-03T11:32:30.480041
72660,2672,10,47,3003.8117,0,30038.117,00000000-0000-0000-0000-000000000000,2026-09-03T11:32:30.480044
72660,2673,7,3,2106.115,0,14742.805,00000000-0000-0000-0000-000000000000,2026-09-03T11:32:30.480046
72660,2674,4,26,112.0188,0,448.0752,00000000-0000-0000-0000-000000000000,2026-09-03T11:32:30.480049
72660,2675,3,28,1983.8223,0.15,5058.7469,00000000-0000-0000-0000-000000000000,2026-09-03T11:32:30.480052
72661,2676,3,10,70.6283,0.15,180.1022,00000000-0000-0000-0000-000000000000,2026-09-03T11:32:30.480055
72661,2677,6,22,226.6204,0.05,1291.7363,00000000-0000-0000-0000-000000000000,2026-09-03T11:32:30.480058
72661,2678,2,30,2371.1057,0.05,4505.1008,00000000-0000-0000-0000-000000000000,2026-09-03T11:32:30.480060
72661,2679,7,42,2708.6737,0,18960.7159,00000000-0000-0000-0000-000000000000,2026-09-03T11:32:30.480063
72661,2680,1,47,3285.5432,0.05,3121.266,00000000-0000-0000-0000-000000000000,2026-09-03T11:32:30.480065
72662,2681,2,12,3347.0882,0.15,5690.0499,00000000-0000-0000-0000-000000000000,2026-09-03T11:32:30.480068
72663,2682,4,17,204.8011,0.1,737.284,00000000-0000-0000-0000-000000000000,2026-09-03T11:32:30.480072
72664,2683,7,39,2144.4889,0.05,14260.8512,00000000-0000-0000-0000-000000000000,2026-09-03T11:32:30.480075
72664,2684,2,25,1669.9253,0,3339.8506,00000000-0000-0000-0000-000000000000,2026-09-03T11:32:30.480078
72664,2685,9,42,646.3021,0,5816.7189,00000000-0000-0000-0000-000000000000,2026-09-03T11:32:30.480080
72665,2686,4,38,2403.6761,0.2,7691.7635,00000000-0000-0000-0000-000000000000,2026-09-03T11:32:30.480084
72665,2687,2,48,2574.0742,0.2,4118.5187,00000000-0000-0000-0000-000000000000,2026-09-03T11:32:30.480086
72666,2688,10,10,559.854,0.05,5318.613,00000000-0000-0000-0000-000000000000,2026-09-03T11:32:30.480090
72666,2689,6,15,402.5374,0.2,1932.1795,00000000-0000-0000-0000-000000000000,2026-09-03T11:32:30.480092
72666,2690,3,12,96.8679,0,290.6037,00000000-0000-0000-0000-000000000000,2026-09-03T11:32:30.480095
72666,2691,1,36,3219.5585,0,3219.5585,00000000-0000-0000-0000-000000000000,2026-09-03T11:32:30.480097
72666,2692,9,15,449.4725,0,4045.2525,00000000-0000-0000-0000-000000000000,2026-09-03T11:32:30.480100
72667,2693,3,30,1561.2053,0,4683.6159,00000000-0000-0000-0000-000000000000,2026-09-03T11:32:30.480103
72667,2694,5,40,2730.1193,0,13650.5965,00000000-0000-0000-0000-000000000000,2026-09-03T11:32:30.480105
72667,2695,9,35,1963.2127,0.05,16785.4686,00000000-0000-0000-0000-000000000000,2026-09-03T11:32:30.480108
72667,2696,3,36,3113.093,0.2,7471.4232,00000000-0000-0000-0000-000000000000,2026-09-03T11:32:30.480110
72668,2697,3,11,226.8669,0,680.6007,00000000-0000-0000-0000-000000000000,2026-09-03T11:32:30.480113
72668,2698,1,6,2428.4637,0.1,2185.6173,00000000-0000-0000-0000-000000000000,2026-09-03T11:32:30.480116
72669,2699,9,4,1480.6457,0.1,11993.2302,00000000-0000-0000-0000-000000000000,2026-09-03T11:32:30.480119
72669,2700,7,46,3156.3633,0,22094.5431,00000000-0000-0000-0000-000000000000,2026-09-03T11:32:30.480122
72670,2701,6,9,1286.2052,0.1,6945.5081,00000000-0000-0000-0000-000000000000,2026-09-03T11:32:30.480125
72670,2702,8,27,2594.8742,0,20758.9936,00000000-0000-0000-0000-000000000000,2026-09-03T11:32:30.480127
72670,2703,7,53,55.8619,0.1,351.93,00000000-0000-0000-0000-000000000000,2026-09-03T11:32:30.480130
72670,2704,7,54,2427.2103,0,16990.4721,00000000-0000-0000-0000-000000000000,2026-09-03T11:32:30.480133
72671,2705,5,53,1545.4629,0.15,6568.2173,00000000-0000-0000-0000-000000000000,2026-09-03T11:32:30.480136
72671,2706,6,30,3497.64,0,20985.84,00000000-0000-0000-0000-000000000000,2026-09-03T11:32:30.480139
72671,2707,8,45,769.141,0.1,5537.8152,00000000-0000-0000-0000-000000000000,2026-09-03T11:32:30.480141
72672,2708,9,17,1647.7647,0.1,13346.8941,00000000-0000-0000-0000-000000000000,2026-09-03T11:32:30.480144
72672,2709,10,18,59.1881,0,591.881,00000000-0000-0000-0000-000000000000,2026-09-03T11:32:30.480147
72672,2710,8,30,1463.8439,0.05,11125.2136,00000000-0000-0000-0000-000000000000,2026-09-03T11:32:30.480150
72673,2711,3,40,3479.0859,0,10437.2577,00000000-0000-0000-0000-000000000000,2026-09-03T11:32:30.480153
72674,2712,3,35,1755.4298,0.05,5002.9749,00000000-0000-0000-0000-000000000000,2026-09-03T11:32:30.480156
72674,2713,9,4,1079.039,0.05,9225.7835,00000000-0000-0000-0000-000000000000,2026-09-03T11:32:30.480159
72674,2714,9,51,2786.5233,0,25078.7097,00000000-0000-0000-0000-000000000000,2026-09-03T11:32:30.480162
72674,2715,2,46,3461.2745,0.05,6576.4216,00000000-0000-0000-0000-000000000000,2026-09-03T11:32:30.480164
72674,2716,5,8,2257.2151,0.05,10721.7717,00000000-0000-0000-0000-000000000000,2026-09-03T11:32:30.480167
72675,2717,4,32,103.6918,0,414.7672,00000000-0000-0000-0000-000000000000,2026-09-03T11:32:30.480170
72675,2718,7,3,270.1161,0.1,1701.7314,00000000-0000-0000-0000-000000000000,2026-09-03T11:32:30.480172
72675,2719,7,35,1178.0641,0.15,7009.4814,00000000-0000-0000-0000-000000000000,2026-09-03T11:32:30.480175
72675,2720,4,5,1808.4356,0.2,5786.9939,00000000-0000-0000-0000-000000000000,2026-09-03T11:32:30.480178
72676,2721,10,54,1329.2161,0.05,12627.5529,00000000-0000-0000-0000-000000000000,2026-09-03T11:32:30.480182
72676,2722,3,30,1293.2109,0,3879.6327,00000000-0000-0000-0000-000000000000,2026-09-03T11:32:30.480184
72676,2723,2,12,2043.3902,0,4086.7804,00000000-0000-0000-0000-000000000000,2026-09-03T11:32:30.480187
72676,2724,3,36,2665.7835,0,7997.3505,00000000-0000-0000-0000-000000000000,2026-09-03T11:32:30.480189
72677,2725,5,6,841.3961,0,4206.9805,00000000-0000-0000-0000-000000000000,2026-09-03T11:32:30.480192
72677,2726,1,6,2936.2076,0.2,2348.9661,00000000-0000-0000-0000-000000000000,2026-09-03T11:32:30.480195
72677,2727,10,36,2023.0351,0,20230.351,00000000-0000-0000-0000-000000000000,2026-09-03T11:32:30.480198
72678,2728,8,1,1951.014,0.1,14047.3008,00000000-0000-0000-0000-000000000000,2026-09-03T11:32:30.480201
72678,2729,8,1,3259.0574,0,26072.4592,00000000-0000-0000-0000-000000000000,2026-09-03T11:32:30.480204
72678,2730,7,32,2425.5657,0.2,13583.1679,00000000-0000-0000-0000-000000000000,2026-09-03T11:32:30.480207
72679,2731,8,30,1290.8965,0,10327.172,00000000-0000-0000-0000-000000000000,2026-09-03T11:32:30.480210
72680,2732,8,53,2538.6137,0,20308.9096,00000000-0000-0000-0000-000000000000,2026-09-03T11:32:30.480212
72681,2733,4,28,213.1709,0,852.6836,00000000-0000-0000-0000-000000000000,2026-09-03T11:32:30.480215
72681,2734,6,47,3412.8963,0.1,18429.64,00000000-0000-0000-0000-000000000000,2026-09-03T11:32:30.480218
72681,2735,8,45,1554.7947,0.05,11816.4397,00000000-0000-0000-0000-000000000000,2026-09-03T11:32:30.480221
72682,2736,7,6,2271.9273,0,15903.4911,00000000-0000-0000-0000-000000000000,2026-09-03T11:32:30.480224
72682,2737,2,6,2347.2212,0,4694.4424,00000000-0000-0000-0000-000000000000,2026-09-03T11:32:30.480226
72683,2738,1,4,3243.0414,0.1,2918.7373,00000000-0000-0000-0000-000000000000,2026-09-03T11:32:30.480229
72684,2739,8,36,187.977,0,1503.816,00000000-0000-0000-0000-000000000000,2026-09-03T11:32:30.480232
72684,2740,3,1,2581.8132,0,7745.4396,00000000-0000-0000-0000-000000000000,2026-09-03T11:32:30.480235
72684,2741,6,43,1309.0618,0,7854.3708,00000000-0000-0000-0000-000000000000,2026-09-03T11:32:30.480238
72684,2742,3,44,1018.819,0.05,2903.6341,00000000-0000-0000-0000-000000000000,2026-09-03T11:32:30.480241
72685,2743,3,3,2464.6199,0.1,6654.4737,00000000-0000-0000-0000-000000000000,2026-09-03T11:32:30.480244
72685,2744,3,40,295.8603,0.15,754.4438,00000000-0000-0000-0000-000000000000,2026-09-03T11:32:30.480246
72686,2745,10,31,1282.0156,0.1,11538.1404,00000000-0000-0000-0000-000000000000,2026-09-03T11:32:30.480250
72686,2746,6,41,948.9161,0.05,5408.8218,00000000-0000-0000-0000-000000000000,2026-09-03T11:32:30.480252
72686,2747,7,21,812.9379,0.1,5121.5088,00000000-0000-0000-0000-000000000000,2026-09-03T11:32:30.480255
72686,2748,8,48,2086.5606,0.15,14188.6121,00000000-0000-0000-0000-000000000000,2026-09-03T11:32:30.480257
72687,2749,3,23,897.8732,0.2,2154.8957,00000000-0000-0000-0000-000000000000,2026-09-03T11:32:30.480260
72687,2750,10,49,538.2043,0.15,4574.7365,00000000-0000-0000-0000-000000000000,2026-09-03T11:32:30.480263
72687,2751,3,4,2599.5655,0.15,6628.892,00000000-0000-0000-0000-000000000000,2026-09-03T11:32:30.480266
72688,2752,2,23,300.9983,0,601.9966,00000000-0000-0000-0000-000000000000,2026-09-03T11:32:30.480269
72688,2753,8,19,2727.1755,0,21817.404,00000000-0000-0000-0000-000000000000,2026-09-03T11:32:30.480272
72688,2754,6,6,147.3293,0.2,707.1806,00000000-0000-0000-0000-000000000000,2026-09-03T11:32:30.480275
72689,2755,10,50,841.8606,0.2,6734.8848,00000000-0000-0000-0000-000000000000,2026-09-03T11:32:30.480278
72689,2756,7,51,811.8954,0.05,5399.1044,00000000-0000-0000-0000-000000000000,2026-09-03T11:32:30.480280
72690,2757,10,29,2598.0395,0.2,20784.316,00000000-0000-0000-0000-000000000000,2026-09-03T11:32:30.480284
72690,2758,7,50,1333.8285,0,9336.7995,00000000-0000-0000-0000-000000000000,2026-09-03T11:32:30.480287
72690,2759,9,21,3211.1446,0.2,23120.2411,00000000-0000-0000-0000-000000000000,2026-09-03T11:32:30.480290
72690,2760,2,52,1208.8326,0.2,1934.1322,00000000-0000-0000-0000-000000000000,2026-09-03T11:32:30.480293
72691,2761,1,52,1061.1134,0.15,901.9464,00000000-0000-0000-0000-000000000000,2026-09-03T11:32:30.480296
72691,2762,10,47,1277.4636,0,12774.636,00000000-0000-0000-0000-000000000000,2026-09-03T11:32:30.480298
72691,2763,2,18,1374.5393,0.1,2474.1707,00000000-0000-0000-0000-000000000000,2026-09-03T11:32:30.480301
72691,2764,1,33,962.3168,0.1,866.0851,00000000-0000-0000-0000-000000000000,2026-09-03T11:32:30.480304
72692,2765,6,33,747.9217,0.2,3590.0242,00000000-0000-0000-0000-000000000000,2026-09-03T11:32:30.480306
72693,2766,1,44,606.4949,0.15,515.5207,00000000-0000-0000-0000-000000000000,2026-09-03T11:32:30.480310
72693,2767,5,22,1250.6418,0,6253.209,00000000-0000-0000-0000-000000000000,2026-09-03T11:32:30.480312
72693,2768,10,36,103.5641,0.1,932.0769,00000000-0000-0000-0000-000000000000,2026-09-03T11:32:30.480315
72693,2769,5,24,1534.1866,0,7670.933,00000000-0000-0000-0000-000000000000,2026-09-03T11:32:30.480317
72694,2770,10,7,1117.5094,0.05,10616.3393,00000000-0000-0000-0000-000000000000,2026-09-03T11:32:30.480321
72694,2771,2,45,349.1275,0,698.255,00000000-0000-0000-0000-000000000000,2026-09-03T11:32:30.480323
72695,2772,6,52,3189.5437,0.1,17223.536,00000000-0000-0000-0000-000000000000,2026-09-03T11:32:30.480326
72696,2773,7,44,3367.9379,0,23575.5653,00000000-0000-0000-0000-000000000000,2026-09-03T11:32:30.480329
72697,2774,9,43,3140.7662,0.1,25440.2062,00000000-0000-0000-0000-000000000000,2026-09-03T11:32:30.480332
72697,2775,10,15,3484.1751,0,34841.751,00000000-0000-0000-0000-000000000000,2026-09-03T11:32:30.480335
72697,2776,4,23,2866.5874,0,11466.3496,00000000-0000-0000-0000-000000000000,2026-09-03T11:32:30.480337
72697,2777,2,33,2895.3672,0.05,5501.1977,00000000-0000-0000-0000-000000000000,2026-09-03T11:32:30.480340
72698,2778,8,47,192.5805,0.15,1309.5474,00000000-0000-0000-0000-000000000000,2026-09-03T11:32:30.480343
72698,2779,5,45,2433.6189,0.15,10342.8803,00000000-0000-0000-0000-000000000000,2026-09-03T11:32:30.480345
72699,2780,1,10,39.0163,0.2,31.213,00000000-0000-0000-0000-000000000000,2026-09-03T11:32:30.480348
72699,2781,7,17,525.8105,0.2,2944.5388,00000000-0000-0000-0000-000000000000,2026-09-03T11:32:30.480351
72699,2782,8,43,550.4729,0.1,3963.4049,00000000-0000-0000-0000-000000000000,2026-09-03T11:32:30.480354
72699,2783,6,22,3264.1719,0,19585.0314,00000000-0000-0000-0000-000000000000,2026-09-03T11:32:30.480356
72699,2784,3,53,1044.8084,0.2,2507.5402,00000000-0000-0000-0000-000000000000,2026-09-03T11:32:30.480359
72700,2785,9,7,1814.4754,0.05,15513.7647,00000000-0000-0000-0000-000000000000,2026-09-03T11:32:30.480362
72700,2786,2,49,2516.7331,0,5033.4662,00000000-0000-0000-0000-000000000000,2026-09-03T11:32:30.480372
72700,2787,5,39,2817.2353,0.05,13381.8677,00000000-0000-0000-0000-000000000000,2026-09-03T11:32:30.480375
72700,2788,8,20,2553.6653,0,20429.3224,00000000-0000-0000-0000-000000000000,2026-09-03T11:32:30.480377
72700,2789,3,38,1359.2216,0,4077.6648,00000000-0000-0000-0000-000000000000,2026-09-03T11:32:30.480380
72701,2790,8,47,3274.8091,0,26198.4728,00000000-0000-0000-0000-000000000000,2026-09-03T11:32:30.480382
72701,2791,8,51,1921.2752,0,15370.2016,00000000-0000-0000-0000-000000000000,2026-09-03T11:32:30.480385
72702,2792,2,30,291.3082,0.05,553.4856,00000000-0000-0000-0000-000000000000,2026-09-03T11:32:30.480388
72702,2793,9,4,649.2337,0,5843.1033,00000000-0000-0000-0000-000000000000,2026-09-03T11:32:30.480390
72703,2794,10,54,1211.0385,0,12110.385,00000000-0000-0000-0000-000000000000,2026-09-03T11:32:30.480393
72703,2795,8,54,3140.7246,0.05,23869.507,00000000-0000-0000-0000-000000000000,2026-09-03T11:32:30.480396
72703,2796,9,42,1503.2227,0.1,12176.1039,00000000-0000-0000-0000-000000000000,2026-09-03T11:32:30.480399
72704,2797,9,30,1597.9361,0.1,12943.2824,00000000-0000-0000-0000-000000000000,2026-09-03T11:32:30.480402
72704,2798,5,18,3293.0719,0,16465.3595,00000000-0000-0000-0000-000000000000,2026-09-03T11:32:30.480404
72704,2799,8,49,1159.5691,0,9276.5528,00000000-0000-0000-0000-000000000000,2026-09-03T11:32:30.480407
72704,2800,4,18,1039.2393,0,4156.9572,00000000-0000-0000-0000-000000000000,2026-09-03T11:32:30.480409
72704,2801,3,47,24.9072,0.1,67.2494,00000000-0000-0000-0000-000000000000,2026-09-03T11:32:30.480412
72705,2802,7,1,3469.0249,0,24283.1743,00000000-0000-0000-0000-000000000000,2026-09-03T11:32:30.480415
72705,2803,7,12,2422.4828,0.1,15261.6416,00000000-0000-0000-0000-000000000000,2026-09-03T11:32:30.480418
72705,2804,2,45,2436.8744,0,4873.7488,00000000-0000-0000-0000-000000000000,2026-09-03T11:32:30.480420
72705,2805,7,16,2039.1797,0,14274.2579,00000000-0000-0000-0000-000000000000,2026-09-03T11:32:30.480422
72705,2806,2,10,1810.6044,0,3621.2088,00000000-0000-0000-0000-000000000000,2026-09-03T11:32:30.480425
72706,2807,5,51,2946.797,0.1,13260.5865,00000000-0000-0000-0000-000000000000,2026-09-03T11:32:30.480428
72706,2808,4,28,1038.1748,0.1,3737.4293,00000000-0000-0000-0000-000000000000,2026-09-03T11:32:30.480430
72706,2809,6,27,2518.4966,0.15,12844.3327,00000000-0000-0000-0000-000000000000,2026-09-03T11:32:30.480433
72707,2810,6,27,3224.7155,0,19348.293,00000000-0000-0000-0000-000000000000,2026-09-03T11:32:30.480437
72708,2811,3,45,2813.5778,0,8440.7334,00000000-0000-0000-0000-000000000000,2026-09-03T11:32:30.480440
72708,2812,1,52,3226.3694,0.2,2581.0955,00000000-0000-0000-0000-000000000000,2026-09-03T11:32:30.480443
72708,2813,7,22,1634.0156,0.15,9722.3928,00000000-0000-0000-0000-000000000000,2026-09-03T11:32:30.480445
72708,2814,1,21,2150.379,0.1,1935.3411,00000000-0000-0000-0000-000000000000,2026-09-03T11:32:30.480448
72708,2815,7,3,3387.6234,0,23713.3638,00000000-0000-0000-0000-000000000000,2026-09-03T11:32:30.480451
72709,2816,5,16,2475.87,0.05,11760.3825,00000000-0000-0000-0000-000000000000,2026-09-03T11:32:30.480454
72709,2817,8,44,875.7845,0,7006.276,00000000-0000-0000-0000-000000000000,2026-09-03T11:32:30.480457
72710,2818,8,5,2831.4077,0.15,19253.5724,00000000-0000-0000-0000-000000000000,2026-09-03T11:32:30.480460
72710,2819,3,19,1883.766,0.15,4803.6033,00000000-0000-0000-0000-000000000000,2026-09-03T11:32:30.480462
72711,2820,6,27,1603.4232,0.2,7696.4314,00000000-0000-0000-0000-000000000000,2026-09-03T11:32:30.480465
72711,2821,2,9,666.305,0,1332.61,00000000-0000-0000-0000-000000000000,2026-09-03T11:32:30.480469
72711,2822,9,45,2193.1462,0,19738.3158,00000000-0000-0000-0000-000000000000,2026-09-03T11:32:30.480471
72712,2823,3,36,1725.4841,0.2,4141.1618,00000000-0000-0000-0000-000000000000,2026-09-03T11:32:30.480474
72713,2824,1,26,1893.1561,0.2,1514.5249,00000000-0000-0000-0000-000000000000,2026-09-03T11:32:30.480477
72713,2825,5,23,1462.5255,0,7312.6275,00000000-0000-0000-0000-000000000000,2026-09-03T11:32:30.480480
72713,2826,6,33,2182.8143,0.1,11787.1972,00000000-0000-0000-0000-000000000000,2026-09-03T11:32:30.480482
72713,2827,6,28,1410.6762,0,8464.0572,00000000-0000-0000-0000-000000000000,2026-09-03T11:32:30.480485
72714,2828,2,34,2483.1915,0,4966.383,00000000-0000-0000-0000-000000000000,2026-09-03T11:32:30.480487
72714,2829,9,44,3256.0221,0,29304.1989,00000000-0000-0000-0000-000000000000,2026-09-03T11:32:30.480490
72714,2830,3,5,1832.6644,0,5497.9932,00000000-0000-0000-0000-000000000000,2026-09-03T11:32:30.480492
72715,2831,9,25,3202.897,0.1,25943.4657,00000000-0000-0000-0000-000000000000,2026-09-03T11:32:30.480495
72715,2832,6,54,1520.4416,0,9122.6496,00000000-0000-0000-0000-000000000000,2026-09-03T11:32:30.480498
72716,2833,10,34,961.056,0.1,8649.504,00000000-0000-0000-0000-000000000000,2026-09-03T11:32:30.480501
72716,2834,9,33,2666.5177,0,23998.6593,00000000-0000-0000-0000-000000000000,2026-09-03T11:32:30.480503
72716,2835,9,19,3118.059,0.15,23853.1514,00000000-0000-0000-0000-000000000000,2026-09-03T11:32:30.480506
72716,2836,6,10,1577.0363,0,9462.2178,00000000-0000-0000-0000-000000000000,2026-09-03T11:32:30.480509
72716,2837,4,54,165.1515,0,660.606,00000000-0000-0000-0000-000000000000,2026-09-03T11:32:30.480512
72717,2838,9,30,2852.5746,0.1,23105.8543,00000000-0000-0000-0000-000000000000,2026-09-03T11:32:30.480515
72717,2839,3,14,328.1863,0.15,836.8751,00000000-0000-0000-0000-000000000000,2026-09-03T11:32:30.480518
72718,2840,7,25,3213.6949,0,22495.8643,00000000-0000-0000-0000-000000000000,2026-09-03T11:32:30.480521
72718,2841,3,51,1835.1105,0,5505.3315,00000000-0000-0000-0000-000000000000,2026-09-03T11:32:30.480525
72719,2842,8,35,3253.8413,0.15,22126.1208,00000000-0000-0000-0000-000000000000,2026-09-03T11:32:30.480528
72719,2843,9,45,1368.3044,0.05,11699.0026,00000000-0000-0000-0000-000000000000,2026-09-03T11:32:30.480531
72719,2844,3,31,2325.2739,0,6975.8217,00000000-0000-0000-0000-000000000000,2026-09-03T11:32:30.480533
72719,2845,7,2,512.6478,0.05,3409.1079,00000000-0000-0000-0000-000000000000,2026-09-03T11:32:30.480536
72720,2846,8,29,531.9059,0.1,3829.7225,00000000-0000-0000-0000-000000000000,2026-09-03T11:32:30.480539
72720,2847,5,29,1968.0231,0.2,7872.0924,00000000-0000-0000-0000-000000000000,2026-09-03T11:32:30.480541
72721,2848,7,12,3348.4921,0,23439.4447,00000000-0000-0000-0000-000000000000,2026-09-03T11:32:30.480544
72722,2849,5,41,804.1704,0,4020.852,00000000-0000-0000-0000-000000000000,2026-09-03T11:32:30.480547
72722,2850,6,31,2220.2007,0.2,10656.9634,00000000-0000-0000-0000-000000000000,2026-09-03T11:32:30.480550
72722,2851,3,13,857.0854,0.05,2442.6934,00000000-0000-0000-0000-000000000000,2026-09-03T11:32:30.480553
72722,2852,8,32,3339.599,0,26716.792,00000000-0000-0000-0000-000000000000,2026-09-03T11:32:30.480555
72722,2853,1,4,2258.6652,0.2,1806.9322,00000000-0000-0000-0000-000000000000,2026-09-03T11:32:30.480558
72723,2854,9,23,1163.7649,0,10473.8841,00000000-0000-0000-0000-000000000000,2026-09-03T11:32:30.480561
72723,2855,4,4,2472.9589,0.05,9397.2438,00000000-0000-0000-0000-000000000000,2026-09-03T11:32:30.480564
72723,2856,8,15,3295.8989,0.2,21093.753,00000000-0000-0000-0000-000000000000,2026-09-03T11:32:30.480567
72724,2857,8,2,604.0513,0,4832.4104,00000000-0000-0000-0000-000000000000,2026-09-03T11:32:30.480570
72724,2858,5,3,1099.4819,0,5497.4095,00000000-0000-0000-0000-000000000000,2026-09-03T11:32:30.480573
72725,2859,5,27,1165.4252,0,5827.126,00000000-0000-0000-0000-000000000000,2026-09-03T11:32:30.480576
72725,2860,4,38,1829.0144,0.15,6218.649,00000000-0000-0000-0000-000000000000,2026-09-03T11:32:30.480579
72726,2861,1,19,3124.382,0.05,2968.1629,00000000-0000-0000-0000-000000000000,2026-09-03T11:32:30.480582
72726,2862,8,36,373.8715,0.05,2841.4234,00000000-0000-0000-0000-000000000000,2026-09-03T11:32:30.480585
72726,2863,6,51,1885.6552,0,11313.9312,00000000-0000-0000-0000-000000000000,2026-09-03T11:32:30.480588
72726,2864,5,26,2047.3968,0.15,8701.4364,00000000-0000-0000-0000-000000000000,2026-09-03T11:32:30.480591
72727,2865,6,25,822.6349,0.05,4689.0189,00000000-0000-0000-0000-000000000000,2026-09-03T11:32:30.480594
72727,2866,5,33,2134.4403,0,10672.2015,00000000-0000-0000-0000-000000000000,2026-09-03T11:32:30.480596
72727,2867,7,32,2352.4992,0,16467.4944,00000000-0000-0000-0000-000000000000,2026-09-03T11:32:30.480599
72727,2868,3,46,2613.9268,0,7841.7804,00000000-0000-0000-0000-000000000000,2026-09-03T11:32:30.480601
72728,2869,3,19,2186.3629,0,6559.0887,00000000-0000-0000-0000-000000000000,2026-09-03T11:32:30.480604
72728,2870,6,35,1909.827,0,11458.962,00000000-0000-0000-0000-000000000000,2026-09-03T11:32:30.480607
72729,2871,1,1,3213.889,0.05,3053.1946,00000000-0000-0000-0000-000000000000,2026-09-03T11:32:30.480611
72729,2872,3,16,2310.7318,0.05,6585.5856,00000000-0000-0000-0000-000000000000,2026-09-03T11:32:30.480614
72729,2873,6,38,2374.0918,0,14244.5508,00000000-0000-0000-0000-000000000000,2026-09-03T11:32:30.480616
72729,2874,5,11,2942.6653,0.15,12506.3275,00000000-0000-0000-0000-000000000000,2026-09-03T11:32:30.480619
72730,2875,7,2,968.3083,0.05,6439.2502,00000000-0000-0000-0000-000000000000,2026-09-03T11:32:30.480622
72730,2876,6,14,2230.2684,0.1,12043.4494,00000000-0000-0000-0000-000000000000,2026-09-03T11:32:30.480625
72730,2877,1,15,216.4576,0,216.4576,00000000-0000-0000-0000-000000000000,2026-09-03T11:32:30.480627
72730,2878,10,33,3009.4967,0,30094.967,00000000-0000-0000-0000-000000000000,2026-09-03T11:32:30.480630
72731,2879,9,32,2431.3937,0,21882.5433,00000000-0000-0000-0000-000000000000,2026-09-03T11:32:30.480633
72732,2880,3,35,3036.3366,0.05,8653.5593,00000000-0000-0000-0000-000000000000,2026-09-03T11:32:30.480636
72733,2881,9,40,874.6514,0.05,7478.2695,00000000-0000-0000-0000-000000000000,2026-09-03T11:32:30.480639
72733,2882,2,3,196.1602,0.1,353.0884,00000000-0000-0000-0000-000000000000,2026-09-03T11:32:30.480641
72734,2883,6,53,2361.0683,0,14166.4098,00000000-0000-0000-0000-000000000000,2026-09-03T11:32:30.480644
72734,2884,5,54,772.4242,0.05,3669.0149,00000000-0000-0000-0000-000000000000,2026-09-03T11:32:30.480647
72734,2885,7,30,2830.3263,0,19812.2841,00000000-0000-0000-0000-000000000000,2026-09-03T11:32:30.480649
72734,2886,8,32,83.9037,0.15,570.5452,00000000-0000-0000-0000-000000000000,2026-09-03T11:32:30.480652
72734,2887,8,5,588.2957,0.2,3765.0925,00000000-0000-0000-0000-000000000000,2026-09-03T11:32:30.480655
72735,2888,10,28,3241.7475,0,32417.475,00000000-0000-0000-0000-000000000000,2026-09-03T11:32:30.480659
72735,2889,8,45,2313.5754,0,18508.6032,00000000-0000-0000-0000-000000000000,2026-09-03T11:32:30.480662
72735,2890,5,23,3208.6506,0.15,13636.765,00000000-0000-0000-0000-000000000000,2026-09-03T11:32:30.480665
72736,2891,10,37,1198.7868,0,11987.868,00000000-0000-0000-0000-000000000000,2026-09-03T11:32:30.480668
72736,2892,1,22,1304.2789,0,1304.2789,00000000-0000-0000-0000-000000000000,2026-09-03T11:32:30.480670
72736,2893,4,45,1141.4934,0.15,3881.0776,00000000-0000-0000-0000-000000000000,2026-09-03T11:32:30.480673
72736,2894,10,46,2205.886,0,22058.86,00000000-0000-0000-0000-000000000000,2026-09-03T11:32:30.480675
72737,2895,9,24,1556.4555,0,14008.0995,00000000-0000-0000-0000-000000000000,2026-09-03T11:32:30.480678
72738,2896,4,40,3142.5214,0.1,11313.077,00000000-0000-0000-0000-000000000000,2026-09-03T11:32:30.480681
72738,2897,6,9,1213.9594,0,7283.7564,00000000-0000-0000-0000-000000000000,2026-09-03T11:32:30.480684
72738,2898,6,10,2589.3492,0.15,13205.6809,00000000-0000-0000-0000-000000000000,2026-09-03T11:32:30.480687
72739,2899,9,42,3298.9907,0.15,25237.2789,00000000-0000-0000-0000-000000000000,2026-09-03T11:32:30.480690
72740,2900,2,26,582.4492,0.2,931.9187,00000000-0000-0000-0000-000000000000,2026-09-03T11:32:30.480693
72740,2901,2,40,2278.8886,0,4557.7772,00000000-0000-0000-0000-000000000000,2026-09-03T11:32:30.480696
72740,2902,2,20,2205.7417,0,4411.4834,00000000-0000-0000-0000-000000000000,2026-09-03T11:32:30.480698
72740,2903,8,19,2914.4853,0,23315.8824,00000000-0000-0000-0000-000000000000,2026-09-03T11:32:30.480701
72740,2904,3,4,2489.7586,0,7469.2758,00000000-0000-0000-0000-000000000000,2026-09-03T11:32:30.480703
72741,2905,3,31,150.8571,0.2,362.057,00000000-0000-0000-0000-000000000000,2026-09-03T11:32:30.480706
72741,2906,10,17,2211.056,0.2,17688.448,00000000-0000-0000-0000-000000000000,2026-09-03T11:32:30.480709
72742,2907,9,10,716.6593,0.1,5804.9403,00000000-0000-0000-0000-000000000000,2026-09-03T11:32:30.480712
72742,2908,4,53,1057.6475,0,4230.59,00000000-0000-0000-0000-000000000000,2026-09-03T11:32:30.480715
72742,2909,4,12,2553.4485,0.15,8681.7249,00000000-0000-0000-0000-000000000000,2026-09-03T11:32:30.480717
72742,2910,3,48,2534.9991,0,7604.9973,00000000-0000-0000-0000-000000000000,2026-09-03T11:32:30.480720
72743,2911,1,48,3074.4061,0,3074.4061,00000000-0000-0000-0000-000000000000,2026-09-03T11:32:30.480722
72743,2912,4,50,2460.785,0.1,8858.826,00000000-0000-0000-0000-000000000000,2026-09-03T11:32:30.480725
72743,2913,1,37,1533.4129,0,1533.4129,00000000-0000-0000-0000-000000000000,2026-09-03T11:32:30.480729
72744,2914,2,53,324.9871,0.2,519.9794,00000000-0000-0000-0000-000000000000,2026-09-03T11:32:30.480732
72744,2915,6,46,1935.3539,0,11612.1234,00000000-0000-0000-0000-000000000000,2026-09-03T11:32:30.480735
72744,2916,6,31,2908.2813,0,17449.6878,00000000-0000-0000-0000-000000000000,2026-09-03T11:32:30.480737
72745,2917,1,46,1116.2759,0.1,1004.6483,00000000-0000-0000-0000-000000000000,2026-09-03T11:32:30.480740
72745,2918,8,39,103.9147,0.2,665.0541,00000000-0000-0000-0000-000000000000,2026-09-03T11:32:30.480743
72745,2919,3,52,3196.7126,0,9590.1378,00000000-0000-0000-0000-000000000000,2026-09-03T11:32:30.480745
72745,2920,3,21,3189.0302,0,9567.0906,00000000-0000-0000-0000-000000000000,2026-09-03T11:32:30.480748
72745,2921,2,36,1065.6787,0,2131.3574,00000000-0000-0000-0000-000000000000,2026-09-03T11:32:30.480750
72746,2922,2,14,313.4918,0.2,501.5869,00000000-0000-0000-0000-000000000000,2026-09-03T11:32:30.480753
72746,2923,4,17,2801.7076,0.15,9525.8058,00000000-0000-0000-0000-000000000000,2026-09-03T11:32:30.480756
72746,2924,6,31,2805.6459,0.15,14308.7941,00000000-0000-0000-0000-000000000000,2026-09-03T11:32:30.480759
72746,2925,10,50,249.6142,0,2496.142,00000000-0000-0000-0000-000000000000,2026-09-03T11:32:30.480762
72746,2926,3,30,2402.8078,0.05,6848.0022,00000000-0000-0000-0000-000000000000,2026-09-03T11:32:30.480765
72747,2927,3,32,1918.5579,0,5755.6737,00000000-0000-0000-0000-000000000000,2026-09-03T11:32:30.480768
72747,2928,3,8,844.866,0.2,2027.6784,00000000-0000-0000-0000-000000000000,2026-09-03T11:32:30.480771
72747,2929,1,50,2690.3314,0,2690.3314,00000000-0000-0000-0000-000000000000,2026-09-03T11:32:30.480773
72747,2930,4,33,587.3306,0,2349.3224,00000000-0000-0000-0000-000000000000,2026-09-03T11:32:30.480776
72748,2931,2,19,3478.8228,0,6957.6456,00000000-0000-0000-0000-000000000000,2026-09-03T11:32:30.480778
72749,2932,1,11,3008.9487,0.1,2708.0538,00000000-0000-0000-0000-000000000000,2026-09-03T11:32:30.480782
72749,2933,1,36,2167.061,0.1,1950.3549,00000000-0000-0000-0000-000000000000,2026-09-03T11:32:30.480785
72749,2934,2,38,1912.1747,0.1,3441.9145,00000000-0000-0000-0000-000000000000,2026-09-03T11:32:30.480787
72749,2935,5,52,1335.663,0.05,6344.3993,00000000-0000-0000-0000-000000000000,2026-09-03T11:32:30.480790
72749,2936,2,53,1268.018,0,2536.036,00000000-0000-0000-0000-000000000000,2026-09-03T11:32:30.480793
72750,2937,10,3,385.8465,0.1,3472.6185,00000000-0000-0000-0000-000000000000,2026-09-03T11:32:30.480796
72750,2938,4,13,1800.8479,0,7203.3916,00000000-0000-0000-0000-000000000000,2026-09-03T11:32:30.480799
72750,2939,4,7,1130.0577,0.1,4068.2077,00000000-0000-0000-0000-000000000000,2026-09-03T11:32:30.480801
72750,2940,4,49,1553.5176,0,6214.0704,00000000-0000-0000-0000-000000000000,2026-09-03T11:32:30.480804
72750,2941,7,32,1514.3231,0.2,8480.2094,00000000-0000-0000-0000-000000000000,2026-09-03T11:32:30.480807
72751,2942,2,31,3471.0372,0.15,5900.7632,00000000-0000-0000-0000-000000000000,2026-09-03T11:32:30.480810
72752,2943,4,45,49.5947,0.15,168.622,00000000-0000-0000-0000-000000000000,2026-09-03T11:32:30.480813
72753,2944,10,8,3157.6765,0,31576.765,00000000-0000-0000-0000-000000000000,2026-09-03T11:32:30.480816
72753,2945,8,19,3108.6193,0.2,19895.1635,00000000-0000-0000-0000-000000000000,2026-09-03T11:32:30.480819
72753,2946,1,8,134.8188,0.2,107.855,00000000-0000-0000-0000-000000000000,2026-09-03T11:32:30.480822
72753,2947,3,2,844.7303,0,2534.1909,00000000-0000-0000-0000-000000000000,2026-09-03T11:32:30.480824
72753,2948,5,52,2674.4142,0,13372.071,00000000-0000-0000-0000-000000000000,2026-09-03T11:32:30.480827
72754,2949,1,32,2077.5937,0.05,1973.714,00000000-0000-0000-0000-000000000000,2026-09-03T11:32:30.480830
72754,2950,8,50,277.38,0.1,1997.136,00000000-0000-0000-0000-000000000000,2026-09-03T11:32:30.480832
72754,2951,8,30,1374.0335,0,10992.268,00000000-0000-0000-0000-000000000000,2026-09-03T11:32:30.480835
72755,2952,6,46,2631.4409,0,15788.6454,00000000-0000-0000-0000-000000000000,2026-09-03T11:32:30.480838
72755,2953,3,15,3010.225,0.05,8579.1412,00000000-0000-0000-0000-000000000000,2026-09-03T11:32:30.480841
72755,2954,4,8,272.5932,0.05,1035.8542,00000000-0000-0000-0000-000000000000,2026-09-03T11:32:30.480843
72756,2955,8,42,101.0802,0,808.6416,00000000-0000-0000-0000-000000000000,2026-09-03T11:32:30.480847
72756,2956,2,42,1768.3615,0,3536.723,00000000-0000-0000-0000-000000000000,2026-09-03T11:32:30.480849
72756,2957,1,21,3403.7451,0.15,2893.1833,00000000-0000-0000-0000-000000000000,2026-09-03T11:32:30.480852
72756,2958,8,2,2699.1958,0.15,18354.5314,00000000-0000-0000-0000-000000000000,2026-09-03T11:32:30.480856
72757,2959,10,25,2661.3256,0.1,23951.9304,00000000-0000-0000-0000-000000000000,2026-09-03T11:32:30.480859
72757,2960,1,28,3010.4007,0,3010.4007,00000000-0000-0000-0000-000000000000,2026-09-03T11:32:30.480861
72758,2961,1,23,3045.0657,0,3045.0657,00000000-0000-0000-0000-000000000000,2026-09-03T11:32:30.480864
72758,2962,7,39,2082.3898,0,14576.7286,00000000-0000-0000-0000-000000000000,2026-09-03T11:32:30.480866
72758,2963,7,44,3020.6919,0.05,20087.6011,00000000-0000-0000-0000-000000000000,2026-09-03T11:32:30.480870
72758,2964,3,50,2120.0402,0.2,5088.0965,00000000-0000-0000-0000-000000000000,2026-09-03T11:32:30.480873
72759,2965,1,2,771.5181,0.05,732.9422,00000000-0000-0000-0000-000000000000,2026-09-03T11:32:30.480876
72759,2966,6,34,1731.1014,0.15,8828.6171,00000000-0000-0000-0000-000000000000,2026-09-03T11:32:30.480879
72760,2967,8,5,2736.9146,0.1,19705.7851,00000000-0000-0000-0000-000000000000,2026-09-03T11:32:30.480882
72761,2968,7,13,2299.3156,0.1,14485.6883,00000000-0000-0000-0000-000000000000,2026-09-03T11:32:30.480885
72761,2969,5,14,881.2686,0,4406.343,00000000-0000-0000-0000-000000000000,2026-09-03T11:32:30.480887
72761,2970,7,22,2956.8863,0.2,16558.5633,00000000-0000-0000-0000-000000000000,2026-09-03T11:32:30.480890
72762,2971,5,45,2726.3235,0,13631.6175,00000000-0000-0000-0000-000000000000,2026-09-03T11:32:30.480893
72762,2972,9,13,1900.5726,0.1,15394.6381,00000000-0000-0000-0000-000000000000,2026-09-03T11:32:30.480895
72762,2973,3,16,2184.4488,0.15,5570.3444,00000000-0000-0000-0000-000000000000,2026-09-03T11:32:30.480898
72762,2974,1,54,1643.7399,0.1,1479.3659,00000000-0000-0000-0000-000000000000,2026-09-03T11:32:30.480901
72762,2975,3,34,2026.4167,0,6079.2501,00000000-0000-0000-0000-000000000000,2026-09-03T11:32:30.480904
72763,2976,3,44,3197.5364,0.2,7674.0874,00000000-0000-0000-0000-000000000000,2026-09-03T11:32:30.480907
72763,2977,5,23,1314.6802,0,6573.401,00000000-0000-0000-0000-000000000000,2026-09-03T11:32:30.480909
72763,2978,2,14,1114.1138,0.2,1782.5821,00000000-0000-0000-0000-000000000000,2026-09-03T11:32:30.480912
72764,2979,7,51,2694.8429,0.1,16977.5103,00000000-0000-0000-0000-000000000000,2026-09-03T11:32:30.480915
72764,2980,5,34,93.5026,0,467.513,00000000-0000-0000-0000-000000000000,2026-09-03T11:32:30.480918
72764,2981,4,28,3018.1404,0.2,9658.0493,00000000-0000-0000-0000-000000000000,2026-09-03T11:32:30.480922
72764,2982,4,36,1739.6756,0.1,6262.8322,00000000-0000-0000-0000-000000000000,2026-09-03T11:32:30.480925
72764,2983,7,37,2489.417,0,17425.919,00000000-0000-0000-0000-000000000000,2026-09-03T11:32:30.480928
72765,2984,9,2,517.3418,0,4656.0762,00000000-0000-0000-0000-000000000000,2026-09-03T11:32:30.480931
72765,2985,4,27,123.57,0.15,420.138,00000000-0000-0000-0000-000000000000,2026-09-03T11:32:30.480934
72766,2986,5,27,1542.0253,0.1,6939.1139,00000000-0000-0000-0000-000000000000,2026-09-03T11:32:30.480937
72766,2987,5,34,1479.6098,0.2,5918.4392,00000000-0000-0000-0000-000000000000,2026-09-03T11:32:30.480940
72766,2988,5,7,1513.2393,0.05,7187.8867,00000000-0000-0000-0000-000000000000,2026-09-03T11:32:30.480942
72767,2989,2,9,815.8001,0.2,1305.2802,00000000-0000-0000-0000-000000000000,2026-09-03T11:32:30.480946
72767,2990,2,30,144.683,0,289.366,00000000-0000-0000-0000-000000000000,2026-09-03T11:32:30.480949
72767,2991,10,29,1171.8781,0,11718.781,00000000-0000-0000-0000-000000000000,2026-09-03T11:32:30.480953
72767,2992,2,17,1687.9427,0,3375.8854,00000000-0000-0000-0000-000000000000,2026-09-03T11:32:30.480955
72768,2993,9,7,1801.7157,0,16215.4413,00000000-0000-0000-0000-000000000000,2026-09-03T11:32:30.480958
72768,2994,5,17,397.0694,0.2,1588.2776,00000000-0000-0000-0000-000000000000,2026-09-03T11:32:30.480961
72768,2995,8,12,2799.3932,0,22395.1456,00000000-0000-0000-0000-000000000000,2026-09-03T11:32:30.480963
72769,2996,4,45,403.462,0,1613.848,00000000-0000-0000-0000-000000000000,2026-09-03T11:32:30.480966
72769,2997,2,27,1333.5638,0,2667.1276,00000000-0000-0000-0000-000000000000,2026-09-03T11:32:30.480968
72769,2998,2,20,1891.1621,0,3782.3242,00000000-0000-0000-0000-000000000000,2026-09-03T11:32:30.480971
72769,2999,4,25,1359.6195,0,5438.478,00000000-0000-0000-0000-000000000000,2026-09-03T11:32:30.480973
72769,3000,10,11,275.6867,0.1,2481.1803,00000000-0000-0000-0000-000000000000,2026-09-03T11:32:30.480976
72770,3001,6,22,2622.3199,0,15733.9194,00000000-0000-0000-0000-000000000000,2026-09-03T11:32:30.480979
72770,3002,5,25,1195.8503,0.15,5082.3638,00000000-0000-0000-0000-000000000000,2026-09-03T11:32:30.480982
72770,3003,3,48,3400.003,0,10200.009,00000000-0000-0000-0000-000000000000,2026-09-03T11:32:30.480984
72770,3004,7,33,1399.8455,0,9798.9185,00000000-0000-0000-0000-000000000000,2026-09-03T11:32:30.480987
72771,3005,4,32,3237.8987,0.2,10361.2758,00000000-0000-0000-0000-000000000000,2026-09-03T11:32:30.480990
72771,3006,1,13,1587.7488,0,1587.7488,00000000-0000-0000-0000-000000000000,2026-09-03T11:32:30.480992
72771,3007,5,41,1022.3366,0.2,4089.3464,00000000-0000-0000-0000-000000000000,2026-09-03T11:32:30.480995
72772,3008,10,23,990.0261,0,9900.261,00000000-0000-0000-0000-000000000000,2026-09-03T11:32:30.480998
72772,3009,7,2,2364.2395,0.2,13239.7412,00000000-0000-0000-0000-000000000000,2026-09-03T11:32:30.481000
72772,3010,2,6,40.9448,0,81.8896,00000000-0000-0000-0000-000000000000,2026-09-03T11:32:30.481003
72773,3011,3,10,3343.9309,0.15,8527.0238,00000000-0000-0000-0000-000000000000,2026-09-03T11:32:30.481006
72773,3012,4,34,1742.9352,0,6971.7408,00000000-0000-0000-0000-000000000000,2026-09-03T11:32:30.481009
72773,3013,8,18,1323.6613,0.1,9530.3614,00000000-0000-0000-0000-000000000000,2026-09-03T11:32:30.481012
72773,3014,2,42,2407.5917,0.15,4092.9059,00000000-0000-0000-0000-000000000000,2026-09-03T11:32:30.481014
72773,3015,8,48,3001.7695,0.2,19211.3248,00000000-0000-0000-0000-000000000000,2026-09-03T11:32:30.481019
72774,3016,4,35,1373.1202,0.1,4943.2327,00000000-0000-0000-0000-000000000000,2026-09-03T11:32:30.481022
72774,3017,1,38,1293.1003,0.2,1034.4802,00000000-0000-0000-0000-000000000000,2026-09-03T11:32:30.481024
