CustomerID,NameStyle,Title,FirstName,MiddleName,LastName,Suffix,CompanyName,SalesPerson,AccountNumber,EmailAddress,Phone,rowguid,ModifiedDate
1,False,Dr.,Rachel,,Hernandez,,rachel1@adventure-works.com,,AW00000001,(425) 685-9537,Rachel Hernandez,,00000000-0000-0000-0000-000000000000,2026-09-03T11:32:30.430882
2,False,Ms.,Diana,,Wilson,,diana2@contoso.com,,AW00000002,(425) 164-3739,Diana Wilson,,00000000-0000-0000-0000-000000000000,2026-09-03T11:32:30.430899
3,False,Dr.,Laura,,Rodriguez,,laura3@contoso.com,,AW00000003,(312) 352-9123,Laura Rodriguez,,00000000-0000-0000-0000-000000000000,2026-09-03T11:32:30.430911
4,False,Dr.,Rachel,,Miller,,rachel4@contoso.com,,AW00000004,(312) 961-7224,Rachel Miller,,00000000-0000-0000-0000-000000000000,2026-09-03T11:32:30.430921
5,False,Mrs.,Ivan,,Thomas,,ivan5@fabrikam.com,,AW00000005,(425) 407-6253,Ivan Thomas,,00000000-0000-0000-0000-000000000000,2026-09-03T11:32:30.430931
6,False,Dr.,Rachel,,Miller,Sr.,rachel6@contoso.com,,AW00000006,(212) 689-4971,Rachel Miller,,00000000-0000-0000-0000-000000000000,2026-09-03T11:32:30.430942
7,False,Mrs.,Ivan,K,Wilson,,ivan7@fabrikam.com,,AW00000007,(425) 706-9939,Ivan Wilson,,00000000-0000-0000-0000-000000000000,2026-09-03T11:32:30.430956
8,False,Dr.,Diana,E,Smith,,diana8@contoso.com,,AW00000008,(206) 938-7703,Diana Smith,,00000000-0000-0000-0000-000000000000,2026-09-03T11:32:30.430966
9,False,Mrs.,Nancy,,Jones,,nancy9@fabrikam.com,,AW00000009,(212) 908-7176,Nancy Jones,,00000000-0000-0000-0000-000000000000,2026-09-03T11:32:30.430976
10,False,,Bob,,Thomas,,bob10@fabrikam.com,,AW00000010,(212) 656-1602,Bob Thomas,,00000000-0000-0000-0000-000000000000,2026-09-03T11:32:30.430985
11,False,Mr.,Julia,J,Williams,,julia11@fabrikam.com,,AW00000011,(206) 676-7547,Julia Williams,,00000000-0000-0000-0000-000000000000,2026-09-03T11:32:30.430996
12,False,Mr.,Ivan,,Anderson,,ivan12@fabrikam.com,,AW00000012,(425) 556-7129,Ivan Anderson,,00000000-0000-0000-0000-000000000000,2026-09-03T11:32:30.431006
13,False,,Kevin,C,Thomas,,kevin13@adventure-works.com,,AW00000013,(212) 207-5840,Kevin Thomas,,00000000-0000-0000-0000-000000000000,2026-09-03T11:32:30.431015
14,False,Mr.,Laura,C,Williams,,laura14@contoso.com,,AW00000014,(212) 903-4389,Laura Williams,,00000000-0000-0000-0000-000000000000,2026-09-03T11:32:30.431025
15,False,Mrs.,Oscar,,Taylor,,oscar15@fabrikam.com,,AW00000015,(212) 426-2100,Oscar Taylor,,00000000-0000-0000-0000-000000000000,2026-09-03T11:32:30.431033
16,False,Mr.,Helen,,Johnson,,helen16@adventure-works.com,,AW00000016,(425) 858-4996,Helen Johnson,,00000000-0000-0000-0000-000000000000,2026-09-03T11:32:30.431043
17,False,,Oscar,,Garcia,,oscar17@contoso.com,,AW00000017,(425) 916-7636,Oscar Garcia,,00000000-0000-0000-0000-000000000000,2026-09-03T11:32:30.431051
18,False,Dr.,Diana,,Garcia,,diana18@adventure-works.com,,AW00000018,(212) 706-8037,Diana Garcia,,00000000-0000-0000-0000-000000000000,2026-09-03T11:32:30.431060
19,False,Ms.,Kevin,,Smith,,kevin19@adventure-works.com,,AW00000019,(206) 918-9796,Kevin Smith,,00000000-0000-0000-0000-000000000000,2026-09-03T11:32:30.431069
20,False,Mrs.,Diana,,Lopez,,diana20@fabrikam.com,,AW00000020,(212) 640-6134,Diana Lopez,,00000000-0000-0000-0000-000000000000,2026-09-03T11:32:30.431078
21,False,,Rachel,,Wilson,,rachel21@contoso.com,,AW00000021,(212) 732-3826,Rachel Wilson,,00000000-0000-0000-0000-000000000000,2026-09-03T11:32:30.431086
22,False,Ms.,Helen,,Williams,,helen22@adventure-works.com,,AW00000022,(425) 482-3316,Helen Williams,,00000000-0000-0000-0000-000000000000,2026-09-03T11:32:30.431096
23,False,Dr.,Oscar,Q,Wilson,,oscar23@adventure-works.com,,AW00000023,(212) 750-9804,Oscar Wilson,,00000000-0000-0000-0000-000000000000,2026-09-03T11:32:30.431107
24,False,Dr.,Diana,,Garcia,,diana24@contoso.com,,AW00000024,(206) 986-6882,Diana Garcia,,00000000-0000-0000-0000-000000000000,2026-09-03T11:32:30.431116
25,False,Ms.,John,,Taylor,,john25@fabrikam.com,,AW00000025,(212) 518-9056,John Taylor,,00000000-0000-0000-0000-000000000000,2026-09-03T11:32:30.431125
26,False,Dr.,Laura,,Thomas,,laura26@adventure-works.com,,AW00000026,(312) 133-5503,Laura Thomas,,00000000-0000-0000-0000-000000000000,2026-09-03T11:32:30.431134
27,False,Ms.,Fiona,Q,Martinez,,fiona27@contoso.com,,AW00000027,(206) 686-2871,Fiona Martinez,,00000000-0000-0000-0000-000000000000,2026-09-03T11:32:30.431143
28,False,,George,J,Lopez,,george28@contoso.com,,AW00000028,(425) 535-2677,George Lopez,,00000000-0000-0000-0000-000000000000,2026-09-03T11:32:30.431153
29,False,Mr.,Fiona,,Martinez,,fiona29@adventure-works.com,,AW00000029,(212) 986-2923,Fiona Martinez,,00000000-0000-0000-0000-000000000000,2026-09-03T11:32:30.431162
30,False,,Fiona,R,Miller,,fiona30@adventure-works.com,,AW00000030,(425) 903-4385,Fiona Miller,,00000000-0000-0000-0000-000000000000,2026-09-03T11:32:30.431172
31,False,,Edward,,Johnson,,edward31@fabrikam.com,,AW00000031,(425) 431-5794,Edward Johnson,,00000000-0000-0000-0000-000000000000,2026-09-03T11:32:30.431181
32,False,,Helen,A,Rodriguez,,helen32@contoso.com,,AW00000032,(206) 383-3078,Helen Rodriguez,,00000000-0000-0000-0000-000000000000,2026-09-03T11:32:30.431209
33,False,Ms.,Charlie,F,Davis,,charlie33@fabrikam.com,,AW00000033,(212) 601-3329,Charlie Davis,,00000000-0000-0000-0000-000000000000,2026-09-03T11:32:30.431220
34,False,Dr.,Quinn,,Rodriguez,,quinn34@adventure-works.com,,AW00000034,(212) 627-5558,Quinn Rodriguez,,00000000-0000-0000-0000-000000000000,2026-09-03T11:32:30.431229
35,False,Dr.,Julia,,Thomas,,julia35@fabrikam.com,,AW00000035,(206) 848-8511,Julia Thomas,,00000000-0000-0000-0000-000000000000,2026-09-03T11:32:30.431239
36,False,,Julia,,Williams,Jr.,julia36@contoso.com,,AW00000036,(312) 430-5646,Julia Williams,,00000000-0000-0000-0000-000000000000,2026-09-03T11:32:30.431248
37,False,,Ivan,I,Jones,,ivan37@adventure-works.com,,AW00000037,(206) 201-8529,Ivan Jones,,00000000-0000-0000-0000-000000000000,2026-09-03T11:32:30.431258
38,False,Ms.,John,,Brown,,john38@contoso.com,,AW00000038,(425) 805-3161,John Brown,,00000000-0000-0000-0000-000000000000,2026-09-03T11:32:30.431269
39,False,Mrs.,Helen,,Garcia,,helen39@adventure-works.com,,AW00000039,(312) 780-3711,Helen Garcia,,00000000-0000-0000-0000-000000000000,2026-09-03T11:32:30.431281
40,False,Mrs.,Jane,F,Wilson,,jane40@adventure-works.com,,AW00000040,(206) 101-4496,Jane Wilson,,00000000-0000-0000-0000-000000000000,2026-09-03T11:32:30.431290
41,False,Ms.,Nancy,O,Williams,,nancy41@adventure-works.com,,AW00000041,(206) 812-6629,Nancy Williams,,00000000-0000-0000-0000-000000000000,2026-09-03T11:32:30.431299
42,False,Ms.,Alice,,Anderson,,alice42@adventure-works.com,,AW00000042,(206) 205-6133,Alice Anderson,,00000000-0000-0000-0000-000000000000,2026-09-03T11:32:30.431308
43,False,Ms.,Julia,,Martinez,,julia43@adventure-works.com,,AW00000043,(425) 170-9691,Julia Martinez,,00000000-0000-0000-0000-000000000000,2026-09-03T11:32:30.431317
44,False,,Quinn,M,Smith,,quinn44@adventure-works.com,,AW00000044,(425) 521-8248,Quinn Smith,,00000000-0000-0000-0000-000000000000,2026-09-03T11:32:30.431329
45,False,Mr.,Edward,,Williams,,edward45@fabrikam.com,,AW00000045,(212) 459-8035,Edward Williams,,00000000-0000-0000-0000-000000000000,2026-09-03T11:32:30.431338
46,False,Ms.,Ivan,,Jones,,ivan46@fabrikam.com,,AW00000046,(312) 897-1439,Ivan Jones,,00000000-0000-0000-0000-000000000000,2026-09-03T11:32:30.431347
47,False,,Helen,E,Miller,,helen47@contoso.com,,AW00000047,(206) 902-4921,Helen Miller,,00000000-0000-0000-0000-000000000000,2026-09-03T11:32:30.431357
48,False,Mr.,Nancy,,Wilson,,nancy48@adventure-works.com,,AW00000048,(206) 469-6185,Nancy Wilson,,00000000-0000-0000-0000-000000000000,2026-09-03T11:32:30.431366
49,False,,Charlie,,Wilson,,charlie49@adventure-works.com,,AW00000049,(212) 888-2195,Charlie Wilson,,00000000-0000-0000-0000-000000000000,2026-09-03T11:32:30.431375
50,False,Mr.,John,,Williams,,john50@adventure-works.com,,AW00000050,(212) 618-5693,John Williams,,00000000-0000-0000-0000-000000000000,2026-09-03T11:32:30.431383
51,False,Dr.,Oscar,B,Anderson,,oscar51@fabrikam.com,,AW00000051,(425) 384-2369,Oscar Anderson,,00000000-0000-0000-0000-000000000000,2026-09-03T11:32:30.431391
52,False,,Helen,C,Williams,,helen52@contoso.com,,AW00000052,(206) 417-8167,Helen Williams,,00000000-0000-0000-0000-000000000000,2026-09-03T11:32:30.431395
53,False,Ms.,Fiona,,Johnson,,fiona53@contoso.com,,AW00000053,(206) 416-3877,Fiona Johnson,,00000000-0000-0000-0000-000000000000,2026-09-03T11:32:30.431398
54,False,Ms.,Alice,D,Smith,,alice54@contoso.com,,AW00000054,(312) 270-7092,Alice Smith,,00000000-0000-0000-0000-000000000000,2026-09-03T11:32:30.431402
55,False,Mr.,Charlie,J,Rodriguez,,charlie55@contoso.com,,AW00000055,(312) 636-2046,Charlie Rodriguez,,00000000-0000-0000-0000-000000000000,2026-09-03T11:32:30.431405
56,False,Dr.,George,,Williams,,george56@contoso.com,,AW00000056,(425) 476-3577,George Williams,,00000000-0000-0000-0000-000000000000,2026-09-03T11:32:30.431408
57,False,,George,A,Brown,,george57@fabrikam.com,,AW00000057,(206) 145-1201,George Brown,,00000000-0000-0000-0000-000000000000,2026-09-03T11:32:30.431412
58,False,Dr.,Fiona,,Johnson,Jr.,fiona58@adventure-works.com,,AW00000058,(212) 329-6272,Fiona Johnson,,00000000-0000-0000-0000-000000000000,2026-09-03T11:32:30.431415
59,False,Mrs.,Fiona,,Anderson,,fiona59@contoso.com,,AW00000059,(206) 614-1862,Fiona Anderson,,00000000-0000-0000-0000-000000000000,2026-09-03T11:32:30.431418
60,False,,Diana,K,Davis,,diana60@contoso.com,,AW00000060,(312) 892-6090,Diana Davis,,00000000-0000-0000-0000-000000000000,2026-09-03T11:32:30.431421
61,False,,Ivan,,Williams,,ivan61@contoso.com,,AW00000061,(312) 857-4974,Ivan Williams,,00000000-0000-0000-0000-000000000000,2026-09-03T11:32:30.431424
62,False,,Michael,E,Lopez,,michael62@fabrikam.com,,AW00000062,(425) 254-1104,Michael Lopez,,00000000-0000-0000-0000-000000000000,2026-09-03T11:32:30.431428
63,False,Ms.,Laura,J,Smith,Jr.,laura63@fabrikam.com,,AW00000063,(212) 969-6038,Laura Smith,,00000000-0000-0000-0000-000000000000,2026-09-03T11:32:30.431432
64,False,,Alice,L,Miller,,alice64@adventure-works.com,,AW00000064,(425) 828-5584,Alice Miller,,00000000-0000-0000-0000-000000000000,2026-09-03T11:32:30.431435
65,False,Ms.,Bob,O,Johnson,,bob65@contoso.com,,AW00000065,(212) 865-2391,Bob Johnson,,00000000-0000-0000-0000-000000000000,2026-09-03T11:32:30.431438
66,False,,Quinn,,Brown,,quinn66@adventure-works.com,,AW00000066,(206) 545-3141,Quinn Brown,,00000000-0000-0000-0000-000000000000,2026-09-03T11:32:30.431441
67,False,Mrs.,Fiona,K,Martinez,,fiona67@fabrikam.com,,AW00000067,(312) 425-8417,Fiona Martinez,,00000000-0000-0000-0000-000000000000,2026-09-03T11:32:30.431445
68,False,Mr.,George,C,Davis,,george68@fabrikam.com,,AW00000068,(206) 259-2731,George Davis,,00000000-0000-0000-0000-000000000000,2026-09-03T11:32:30.431448
69,False,Dr.,Diana,,Thomas,,diana69@contoso.com,,AW00000069,(425) 562-6051,Diana Thomas,,00000000-0000-0000-0000-000000000000,2026-09-03T11:32:30.431451
70,False,Mr.,Michael,,Rodriguez,,michael70@contoso.com,,AW00000070,(206) 320-6370,Michael Rodriguez,,00000000-0000-0000-0000-000000000000,2026-09-03T11:32:30.431456
71,False,Ms.,Charlie,K,Williams,,charlie71@fabrikam.com,,AW00000071,(312) 366-3848,Charlie Williams,,00000000-0000-0000-0000-000000000000,2026-09-03T11:32:30.431459
72,False,Dr.,John,P,Wilson,,john72@contoso.com,,AW00000072,(206) 923-3290,John Wilson,,00000000-0000-0000-0000-000000000000,2026-09-03T11:32:30.431462
73,False,Mr.,Alice,F,Smith,,alice73@contoso.com,,AW00000073,(312) 802-2376,Alice Smith,,00000000-0000-0000-0000-000000000000,2026-09-03T11:32:30.431465
74,False,Mr.,Quinn,,Rodriguez,,quinn74@fabrikam.com,,AW00000074,(212) 928-3110,Quinn Rodriguez,,00000000-0000-0000-0000-000000000000,2026-09-03T11:32:30.431469
75,False,Mr.,Bob,,Hernandez,,bob75@adventure-works.com,,AW00000075,(212) 941-7471,Bob Hernandez,,00000000-0000-0000-0000-000000000000,2026-09-03T11:32:30.431472
76,False,Dr.,Nancy,D,Smith,,nancy76@adventure-works.com,,AW00000076,(312) 386-8307,Nancy Smith,,00000000-0000-0000-0000-000000000000,2026-09-03T11:32:30.431475
77,False,,Charlie,F,Johnson,,charlie77@contoso.com,,AW00000077,(212) 663-8848,Charlie Johnson,,00000000-0000-0000-0000-000000000000,2026-09-03T11:32:30.431478
78,False,Mrs.,Jane,,Williams,,jane78@fabrikam.com,,AW00000078,(425) 745-9907,Jane Williams,,00000000-0000-0000-0000-000000000000,2026-09-03T11:32:30.431482
79,False,Mrs.,John,,Wilson,,john79@contoso.com,,AW00000079,(312) 497-5430,John Wilson,,00000000-0000-0000-0000-000000000000,2026-09-03T11:32:30.431485
80,False,Mrs.,Diana,J,Smith,,diana80@contoso.com,,AW00000080,(206) 928-8728,Diana Smith,,00000000-0000-0000-0000-000000000000,2026-09-03T11:32:30.431488
81,False,,Oscar,D,Lopez,,oscar81@fabrikam.com,,AW00000081,(425) 372-9743,Oscar Lopez,,00000000-0000-0000-0000-000000000000,2026-09-03T11:32:30.431491
82,False,,Jane,K,Davis,,jane82@adventure-works.com,,AW00000082,(425) 342-6210,Jane Davis,,00000000-0000-0000-0000-000000000000,2026-09-03T11:32:30.431495
83,False,Mrs.,Julia,Q,Smith,,julia83@adventure-works.com,,AW00000083,(212) 655-6063,Julia Smith,,00000000-0000-0000-0000-000000000000,2026-09-03T11:32:30.431498
84,False,Mr.,Diana,,Taylor,,diana84@adventure-works.com,,AW00000084,(206) 639-8831,Diana Taylor,,00000000-0000-0000-0000-000000000000,2026-09-03T11:32:30.431501
85,False,,John,,Hernandez,,john85@fabrikam.com,,AW00000085,(425) 921-6301,John Hernandez,,00000000-0000-0000-0000-000000000000,2026-09-03T11:32:30.431504
86,False,Ms.,Jane,C,Smith,,jane86@fabrikam.com,,AW00000086,(312) 174-7120,Jane Smith,,00000000-0000-0000-0000-000000000000,2026-09-03T11:32:30.431507
87,False,Mrs.,Kevin,,Brown,,kevin87@adventure-works.com,,AW00000087,(212) 910-8982,Kevin Brown,,00000000-0000-0000-0000-000000000000,2026-09-03T11:32:30.431511
88,False,,Ivan,R,Garcia,,ivan88@adventure-works.com,,AW00000088,(425) 487-6026,Ivan Garcia,,00000000-0000-0000-0000-000000000000,2026-09-03T11:32:30.431514
89,False,Ms.,Helen,Q,Jones,,helen89@fabrikam.com,,AW00000089,(206) 286-6213,Helen Jones,,00000000-0000-0000-0000-000000000000,2026-09-03T11:32:30.431517
90,False,,Rachel,,Davis,,rachel90@contoso.com,,AW00000090,(206) 343-6682,Rachel Davis,,00000000-0000-0000-0000-000000000000,2026-09-03T11:32:30.431520
91,False,Mr.,Ivan,I,Garcia,,ivan91@contoso.com,,AW00000091,(425) 355-2110,Ivan Garcia,,00000000-0000-0000-0000-000000000000,2026-09-03T11:32:30.431524
92,False,Mr.,Julia,J,Rodriguez,,julia92@fabrikam.com,,AW00000092,(212) 270-7783,Julia Rodriguez,,00000000-0000-0000-0000-000000000000,2026-09-03T11:32:30.431527
93,False,Mrs.,Nancy,A,Wilson,,nancy93@fabrikam.com,,AW00000093,(425) 266-8393,Nancy Wilson,,00000000-0000-0000-0000-000000000000,2026-09-03T11:32:30.431530
94,False,Mrs.,Bob,,Johnson,,bob94@adventure-works.com,,AW00000094,(206) 450-3787,Bob Johnson,,00000000-0000-0000-0000-000000000000,2026-09-03T11:32:30.431534
95,False,Mr.,Kevin,B,Garcia,,kevin95@fabrikam.com,,AW00000095,(212) 821-1507,Kevin Garcia,,00000000-0000-0000-0000-000000000000,2026-09-03T11:32:30.431537
96,False,,Laura,D,Garcia,,laura96@contoso.com,,AW00000096,(425) 294-7705,Laura Garcia,,00000000-0000-0000-0000-000000000000,2026-09-03T11:32:30.431540
97,False,Mrs.,Patricia,,Rodriguez,,patricia97@contoso.com,,AW00000097,(212) 257-1893,Patricia Rodriguez,,00000000-0000-0000-0000-000000000000,2026-09-03T11:32:30.431544
98,False,Dr.,Julia,,Smith,,julia98@fabrikam.com,,AW00000098,(212) 304-2589,Julia Smith,,00000000-0000-0000-0000-000000000000,2026-09-03T11:32:30.431556
99,False,Ms.,John,B,Miller,,john99@adventure-works.com,,AW00000099,(312) 903-7512,John Miller,,00000000-0000-0000-0000-000000000000,2026-09-03T11:32:30.431560
100,False,Mrs.,Nancy,,Taylor,,nancy100@adventure-works.com,,AW00000100,(312) 490-7052,Nancy Taylor,,00000000-0000-0000-0000-000000000000,2026-09-03T11:32:30.431563
101,False,Mr.,Diana,,Thomas,,diana101@adventure-works.com,,AW00000101,(312) 677-2009,Diana Thomas,,00000000-0000-0000-0000-000000000000,2026-09-03T11:32:30.431566
102,False,Mr.,Charlie,P,Brown,,charlie102@fabrikam.com,,AW00000102,(425) 666-1999,Charlie Brown,,00000000-0000-0000-0000-000000000000,2026-09-03T11:32:30.431570
103,False,,Kevin,N,Anderson,,kevin103@adventure-works.com,,AW00000103,(212) 406-2293,Kevin Anderson,,00000000-0000-0000-0000-000000000000,2026-09-03T11:32:30.431573
104,False,,Kevin,O,Johnson,,kevin104@fabrikam.com,,AW00000104,(425) 223-8357,Kevin Johnson,,00000000-0000-0000-0000-000000000000,2026-09-03T11:32:30.431576
105,False,Ms.,Diana,C,Garcia,,diana105@adventure-works.com,,AW00000105,(212) 306-3422,Diana Garcia,,00000000-0000-0000-0000-000000000000,2026-09-03T11:32:30.431580
106,False,Mrs.,Rachel,B,Rodriguez,,rachel106@fabrikam.com,,AW00000106,(212) 665-6343,Rachel Rodriguez,,00000000-0000-0000-0000-000000000000,2026-09-03T11:32:30.431583
107,False,Mr.,George,R,Thomas,,george107@contoso.com,,AW00000107,(206) 524-3451,George Thomas,,00000000-0000-0000-0000-000000000000,2026-09-03T11:32:30.431586
108,False,Mr.,Charlie,A,Brown,,charlie108@fabrikam.com,,AW00000108,(312) 998-7732,Charlie Brown,,00000000-0000-0000-0000-000000000000,2026-09-03T11:32:30.431590
109,False,Dr.,George,N,Wilson,,george109@contoso.com,,AW00000109,(212) 247-7581,George Wilson,,00000000-0000-0000-0000-000000000000,2026-09-03T11:32:30.431593
110,False,Mrs.,Jane,J,Wilson,,jane110@contoso.com,,AW00000110,(312) 120-6535,Jane Wilson,,00000000-0000-0000-0000-000000000000,2026-09-03T11:32:30.431597
111,False,Mrs.,Helen,A,Martinez,Jr.,helen111@adventure-works.com,,AW00000111,(312) 861-8259,Helen Martinez,,00000000-0000-0000-0000-000000000000,2026-09-03T11:32:30.431601
112,False,Dr.,Ivan,B,Rodriguez,,ivan112@adventure-works.com,,AW00000112,(212) 858-8937,Ivan Rodriguez,,00000000-0000-0000-0000-000000000000,2026-09-03T11:32:30.431604
113,False,Mr.,Oscar,D,Lopez,,oscar113@fabrikam.com,,AW00000113,(212) 238-9589,Oscar Lopez,,00000000-0000-0000-0000-000000000000,2026-09-03T11:32:30.431607
114,False,Ms.,Quinn,,Smith,,quinn114@adventure-works.com,,AW00000114,(425) 133-8478,Quinn Smith,,00000000-0000-0000-0000-000000000000,2026-09-03T11:32:30.431610
115,False,Ms.,Jane,,Lopez,,jane115@fabrikam.com,,AW00000115,(212) 750-3029,Jane Lopez,,00000000-0000-0000-0000-000000000000,2026-09-03T11:32:30.431613
116,False,Mrs.,John,,Davis,,john116@contoso.com,,AW00000116,(312) 452-3679,John Davis,,00000000-0000-0000-0000-000000000000,2026-09-03T11:32:30.431616
117,False,Mrs.,George,,Williams,,george117@fabrikam.com,,AW00000117,(425) 977-4626,George Williams,,00000000-0000-0000-0000-000000000000,2026-09-03T11:32:30.431619
118,False,Mrs.,Fiona,O,Miller,,fiona118@fabrikam.com,,AW00000118,(206) 585-3167,Fiona Miller,,00000000-0000-0000-0000-000000000000,2026-09-03T11:32:30.431623
119,False,Ms.,Diana,,Smith,,diana119@contoso.com,,AW00000119,(312) 533-7168,Diana Smith,,00000000-0000-0000-0000-000000000000,2026-09-03T11:32:30.431626
120,False,Mrs.,Julia,,Thomas,,julia120@fabrikam.com,,AW00000120,(212) 698-2676,Julia Thomas,,00000000-0000-0000-0000-000000000000,2026-09-03T11:32:30.431630
121,False,,John,R,Lopez,,john121@fabrikam.com,,AW00000121,(206) 593-2045,John Lopez,,00000000-0000-0000-0000-000000000000,2026-09-03T11:32:30.431633
122,False,Mrs.,Ivan,G,Rodriguez,,ivan122@fabrikam.com,,AW00000122,(312) 292-3456,Ivan Rodriguez,,00000000-0000-0000-0000-000000000000,2026-09-03T11:32:30.431637
123,False,Mr.,Oscar,R,Davis,,oscar123@contoso.com,,AW00000123,(425) 838-1417,Oscar Davis,,00000000-0000-0000-0000-000000000000,2026-09-03T11:32:30.431640
124,False,Mrs.,Nancy,K,Martinez,,nancy124@adventure-works.com,,AW00000124,(425) 451-4643,Nancy Martinez,,00000000-0000-0000-0000-000000000000,2026-09-03T11:32:30.431643
125,False,Mrs.,Patricia,D,Taylor,,patricia125@fabrikam.com,,AW00000125,(425) 400-2599,Patricia Taylor,,00000000-0000-0000-0000-000000000000,2026-09-03T11:32:30.431647
126,False,Mrs.,Nancy,P,Jones,,nancy126@adventure-works.com,,AW00000126,(312) 770-2463,Nancy Jones,,00000000-0000-0000-0000-000000000000,2026-09-03T11:32:30.431650
127,False,Ms.,Fiona,H,Lopez,,fiona127@contoso.com,,AW00000127,(312) 366-5817,Fiona Lopez,,00000000-0000-0000-0000-000000000000,2026-09-03T11:32:30.431653
128,False,Dr.,Michael,,Brown,,michael128@fabrikam.com,,AW00000128,(206) 583-4187,Michael Brown,,00000000-0000-0000-0000-000000000000,2026-09-03T11:32:30.431657
129,False,Dr.,Oscar,L,Brown,,oscar129@adventure-works.com,,AW00000129,(425) 305-6614,Oscar Brown,,00000000-0000-0000-0000-000000000000,2026-09-03T11:32:30.431661
130,False,Ms.,Laura,,Thomas,,laura130@adventure-works.com,,AW00000130,(212) 440-3897,Laura Thomas,,00000000-0000-0000-0000-000000000000,2026-09-03T11:32:30.431664
131,False,Mr.,Ivan,,Johnson,,ivan131@adventure-works.com,,AW00000131,(425) 601-2442,Ivan Johnson,,00000000-0000-0000-0000-000000000000,2026-09-03T11:32:30.431667
132,False,Dr.,Charlie,,Anderson,Sr.,charlie132@adventure-works.com,,AW00000132,(206) 646-4267,Charlie Anderson,,00000000-0000-0000-0000-000000000000,2026-09-03T11:32:30.431671
133,False,Mrs.,Julia,O,Smith,,julia133@fabrikam.com,,AW00000133,(206) 741-5076,Julia Smith,,00000000-0000-0000-0000-000000000000,2026-09-03T11:32:30.431674
134,False,Mrs.,Fiona,,Lopez,,fiona134@fabrikam.com,,AW00000134,(312) 271-2069,Fiona Lopez,,00000000-0000-0000-0000-000000000000,2026-09-03T11:32:30.431677
135,False,Mrs.,Jane,,Martinez,,jane135@fabrikam.com,,AW00000135,(312) 544-3192,Jane Martinez,,00000000-0000-0000-0000-000000000000,2026-09-03T11:32:30.431680
136,False,Mrs.,Ivan,D,Taylor,Sr.,ivan136@adventure-works.com,,AW00000136,(425) 329-3149,Ivan Taylor,,00000000-0000-0000-0000-000000000000,2026-09-03T11:32:30.431683
137,False,,Edward,A,Smith,,edward137@fabrikam.com,,AW00000137,(206) 484-5190,Edward Smith,,00000000-0000-0000-0000-000000000000,2026-09-03T11:32:30.431687
138,False,,Patricia,A,Johnson,,patricia138@adventure-works.com,,AW00000138,(206) 806-2897,Patricia Johnson,,00000000-0000-0000-0000-000000000000,2026-09-03T11:32:30.431690
139,False,Dr.,Laura,,Thomas,,laura139@fabrikam.com,,AW00000139,(425) 310-1152,Laura Thomas,,00000000-0000-0000-0000-000000000000,2026-09-03T11:32:30.431693
140,False,Mr.,Helen,G,Anderson,,helen140@fabrikam.com,,AW00000140,(425) 528-2718,Helen Anderson,,00000000-0000-0000-0000-000000000000,2026-09-03T11:32:30.431696
141,False,Mrs.,Oscar,,Brown,,oscar141@adventure-works.com,,AW00000141,(425) 896-5308,Oscar Brown,,00000000-0000-0000-0000-000000000000,2026-09-03T11:32:30.431699
142,False,Mrs.,Oscar,H,Miller,,oscar142@fabrikam.com,,AW00000142,(212) 312-8875,Oscar Miller,,00000000-0000-0000-0000-000000000000,2026-09-03T11:32:30.431702
143,False,Mr.,Ivan,,Davis,,ivan143@adventure-works.com,,AW00000143,(212) 252-2475,Ivan Davis,,00000000-0000-0000-0000-000000000000,2026-09-03T11:32:30.431705
144,False,Mr.,Oscar,F,Williams,,oscar144@contoso.com,,AW00000144,(312) 575-1820,Oscar Williams,,00000000-0000-0000-0000-000000000000,2026-09-03T11:32:30.431709
145,False,Mr.,Alice,J,Garcia,,alice145@contoso.com,,AW00000145,(212) 856-2898,Alice Garcia,,00000000-0000-0000-0000-000000000000,2026-09-03T11:32:30.431712
146,False,Mr.,Alice,D,Johnson,,alice146@contoso.com,,AW00000146,(312) 999-2522,Alice Johnson,,00000000-0000-0000-0000-000000000000,2026-09-03T11:32:30.431724
147,False,Ms.,Julia,,Hernandez,,julia147@contoso.com,,AW00000147,(312) 955-7319,Julia Hernandez,,00000000-0000-0000-0000-000000000000,2026-09-03T11:32:30.431727
148,False,Ms.,Nancy,,Anderson,,nancy148@adventure-works.com,,AW00000148,(425) 206-7816,Nancy Anderson,,00000000-0000-0000-0000-000000000000,2026-09-03T11:32:30.431731
149,False,,Quinn,D,Taylor,,quinn149@contoso.com,,AW00000149,(206) 983-3140,Quinn Taylor,,00000000-0000-0000-0000-000000000000,2026-09-03T11:32:30.431734
150,False,Mr.,Nancy,M,Taylor,,nancy150@contoso.com,,AW00000150,(312) 112-9598,Nancy Taylor,,00000000-0000-0000-0000-000000000000,2026-09-03T11:32:30.431738
151,False,Mrs.,Quinn,R,Davis,,quinn151@fabrikam.com,,AW00000151,(425) 593-6664,Quinn Davis,,00000000-0000-0000-0000-000000000000,2026-09-03T11:32:30.431741
152,False,,Kevin,R,Jones,,kevin152@fabrikam.com,,AW00000152,(425) 617-8688,Kevin Jones,,00000000-0000-0000-0000-000000000000,2026-09-03T11:32:30.431745
153,False,Mr.,Nancy,I,Garcia,,nancy153@contoso.com,,AW00000153,(206) 619-4648,Nancy Garcia,,00000000-0000-0000-0000-000000000000,2026-09-03T11:32:30.431748
154,False,Dr.,Patricia,B,Wilson,,patricia154@fabrikam.com,,AW00000154,(212) 190-9166,Patricia Wilson,,00000000-0000-0000-0000-000000000000,2026-09-03T11:32:30.431751
155,False,Mr.,Michael,J,Hernandez,,michael155@contoso.com,,AW00000155,(206) 670-9996,Michael Hernandez,,00000000-0000-0000-0000-000000000000,2026-09-03T11:32:30.431754
156,False,,John,H,Williams,,john156@fabrikam.com,,AW00000156,(425) 770-8474,John Williams,,00000000-0000-0000-0000-000000000000,2026-09-03T11:32:30.431758
157,False,Mr.,Ivan,M,Lopez,,ivan157@fabrikam.com,,AW00000157,(212) 833-6952,Ivan Lopez,,00000000-0000-0000-0000-000000000000,2026-09-03T11:32:30.431762
158,False,Mr.,Michael,F,Brown,,michael158@contoso.com,,AW00000158,(312) 660-9552,Michael Brown,,00000000-0000-0000-0000-000000000000,2026-09-03T11:32:30.431765
159,False,Mr.,Julia,N,Brown,,julia159@fabrikam.com,,AW00000159,(212) 209-5166,Julia Brown,,00000000-0000-0000-0000-000000000000,2026-09-03T11:32:30.431768
160,False,Ms.,Rachel,,Miller,,rachel160@adventure-works.com,,AW00000160,(212) 944-4122,Rachel Miller,,00000000-0000-0000-0000-000000000000,2026-09-03T11:32:30.431771
161,False,Dr.,Ivan,,Brown,,ivan161@fabrikam.com,,AW00000161,(206) 890-8381,Ivan Brown,,00000000-0000-0000-0000-000000000000,2026-09-03T11:32:30.431774
162,False,Dr.,Michael,,Jones,,michael162@fabrikam.com,,AW00000162,(212) 958-8912,Michael Jones,,00000000-0000-0000-0000-000000000000,2026-09-03T11:32:30.431777
163,False,,Oscar,,Garcia,,oscar163@adventure-works.com,,AW00000163,(212) 773-6273,Oscar Garcia,,00000000-0000-0000-0000-000000000000,2026-09-03T11:32:30.431780
164,False,Dr.,Oscar,F,Wilson,,oscar164@contoso.com,,AW00000164,(312) 563-3185,Oscar Wilson,,00000000-0000-0000-0000-000000000000,2026-09-03T11:32:30.431784
165,False,,Charlie,O,Anderson,,charlie165@fabrikam.com,,AW00000165,(312) 828-4560,Charlie Anderson,,00000000-0000-0000-0000-000000000000,2026-09-03T11:32:30.431787
166,False,,Edward,J,Miller,Jr.,edward166@fabrikam.com,,AW00000166,(425) 615-9888,Edward Miller,,00000000-0000-0000-0000-000000000000,2026-09-03T11:32:30.431790
167,False,Mrs.,Ivan,Q,Brown,,ivan167@fabrikam.com,,AW00000167,(212) 790-9747,Ivan Brown,,00000000-0000-0000-0000-000000000000,2026-09-03T11:32:30.431794
168,False,Mr.,Helen,J,Anderson,,helen168@adventure-works.com,,AW00000168,(206) 304-5374,Helen Anderson,,00000000-0000-0000-0000-000000000000,2026-09-03T11:32:30.431797
169,False,Mrs.,Diana,,Martinez,,diana169@contoso.com,,AW00000169,(425) 871-9866,Diana Martinez,,00000000-0000-0000-0000-000000000000,2026-09-03T11:32:30.431800
170,False,Dr.,Jane,,Lopez,,jane170@fabrikam.com,,AW00000170,(425) 860-7371,Jane Lopez,,00000000-0000-0000-0000-000000000000,2026-09-03T11:32:30.431803
171,False,Mr.,Fiona,K,Martinez,,fiona171@fabrikam.com,,AW00000171,(312) 665-1881,Fiona Martinez,,00000000-0000-0000-0000-000000000000,2026-09-03T11:32:30.431807
172,False,Ms.,John,M,Rodriguez,,john172@fabrikam.com,,AW00000172,(312) 873-9955,John Rodriguez,,00000000-0000-0000-0000-000000000000,2026-09-03T11:32:30.431810
173,False,Ms.,Rachel,,Miller,,rachel173@fabrikam.com,,AW00000173,(206) 291-3847,Rachel Miller,,00000000-0000-0000-0000-000000000000,2026-09-03T11:32:30.431813
174,False,Dr.,Oscar,,Brown,,oscar174@contoso.com,,AW00000174,(425) 264-5178,Oscar Brown,,00000000-0000-0000-0000-000000000000,2026-09-03T11:32:30.431816
175,False,Dr.,John,C,Hernandez,,john175@contoso.com,,AW00000175,(206) 892-5934,John Hernandez,,00000000-0000-0000-0000-000000000000,2026-09-03T11:32:30.431820
176,False,Mr.,Nancy,I,Lopez,,nancy176@adventure-works.com,,AW00000176,(206) 905-9276,Nancy Lopez,,00000000-0000-0000-0000-000000000000,2026-09-03T11:32:30.431823
177,False,,Diana,B,Anderson,,diana177@adventure-works.com,,AW00000177,(312) 439-6911,Diana Anderson,,00000000-0000-0000-0000-000000000000,2026-09-03T11:32:30.431826
178,False,,Helen,P,Miller,,helen178@fabrikam.com,,AW00000178,(206) 217-6668,Helen Miller,,00000000-0000-0000-0000-000000000000,2026-09-03T11:32:30.431829
179,False,,Michael,F,Davis,Sr.,michael179@contoso.com,,AW00000179,(206) 495-5203,Michael Davis,,00000000-0000-0000-0000-000000000000,2026-09-03T11:32:30.431833
180,False,Mr.,Patricia,J,Martinez,,patricia180@fabrikam.com,,AW00000180,(212) 598-1718,Patricia Martinez,,00000000-0000-0000-0000-000000000000,2026-09-03T11:32:30.431836
181,False,Mrs.,Helen,A,Miller,,helen181@fabrikam.com,,AW00000181,(206) 741-2072,Helen Miller,,00000000-0000-0000-0000-000000000000,2026-09-03T11:32:30.431840
182,False,Dr.,Edward,E,Miller,,edward182@fabrikam.com,,AW00000182,(212) 762-2181,Edward Miller,,00000000-0000-0000-0000-000000000000,2026-09-03T11:32:30.431844
183,False,Dr.,Charlie,J,Smith,,charlie183@adventure-works.com,,AW00000183,(425) 913-5127,Charlie Smith,,00000000-0000-0000-0000-000000000000,2026-09-03T11:32:30.431847
184,False,,Patricia,G,Williams,,patricia184@contoso.com,,AW00000184,(212) 543-6183,Patricia Williams,,00000000-0000-0000-0000-000000000000,2026-09-03T11:32:30.431850
185,False,Mr.,John,R,Wilson,,john185@fabrikam.com,,AW00000185,(206) 817-2189,John Wilson,,00000000-0000-0000-0000-000000000000,2026-09-03T11:32:30.431853
186,False,Mrs.,Julia,H,Brown,,julia186@contoso.com,,AW00000186,(212) 490-7473,Julia Brown,,00000000-0000-0000-0000-000000000000,2026-09-03T11:32:30.431856
187,False,Ms.,John,C,Taylor,,john187@fabrikam.com,,AW00000187,(312) 749-3360,John Taylor,,00000000-0000-0000-0000-000000000000,2026-09-03T11:32:30.431860
188,False,Mr.,Helen,P,Lopez,,helen188@adventure-works.com,,AW00000188,(206) 686-7456,Helen Lopez,,00000000-0000-0000-0000-000000000000,2026-09-03T11:32:30.431863
189,False,Mrs.,Patricia,,Williams,,patricia189@fabrikam.com,,AW00000189,(312) 316-7760,Patricia Williams,,00000000-0000-0000-0000-000000000000,2026-09-03T11:32:30.431866
190,False,Ms.,Oscar,,Jones,,oscar190@contoso.com,,AW00000190,(425) 217-3971,Oscar Jones,,00000000-0000-0000-0000-000000000000,2026-09-03T11:32:30.431869
191,False,,Quinn,,Johnson,,quinn191@contoso.com,,AW00000191,(206) 356-2608,Quinn Johnson,,00000000-0000-0000-0000-000000000000,2026-09-03T11:32:30.431872
192,False,Mrs.,Edward,,Taylor,,edward192@adventure-works.com,,AW00000192,(206) 391-2143,Edward Taylor,,00000000-0000-0000-0000-000000000000,2026-09-03T11:32:30.431875
193,False,Dr.,Edward,,Hernandez,,edward193@contoso.com,,AW00000193,(425) 679-6971,Edward Hernandez,,00000000-0000-0000-0000-000000000000,2026-09-03T11:32:30.431879
194,False,Ms.,Ivan,,Anderson,,ivan194@adventure-works.com,,AW00000194,(212) 383-6889,Ivan Anderson,,00000000-0000-0000-0000-000000000000,2026-09-03T11:32:30.431882
195,False,Dr.,Charlie,,Hernandez,,charlie195@contoso.com,,AW00000195,(212) 664-2783,Charlie Hernandez,,00000000-0000-0000-0000-000000000000,2026-09-03T11:32:30.431885
196,False,Mrs.,Diana,C,Williams,,diana196@adventure-works.com,,AW00000196,(312) 851-2252,Diana Williams,,00000000-0000-0000-0000-000000000000,2026-09-03T11:32:30.431888
197,False,,Bob,Q,Smith,,bob197@fabrikam.com,,AW00000197,(425) 137-5269,Bob Smith,,00000000-0000-0000-0000-000000000000,2026-09-03T11:32:30.431892
198,False,Ms.,Patricia,,Taylor,,patricia198@fabrikam.com,,AW00000198,(312) 237-8613,Patricia Taylor,,00000000-0000-0000-0000-000000000000,2026-09-03T11:32:30.431895
199,False,Dr.,Oscar,,Williams,,oscar199@adventure-works.com,,AW00000199,(425) 875-9423,Oscar Williams,,00000000-0000-0000-0000-000000000000,2026-09-03T11:32:30.431898
200,False,Ms.,Charlie,,Thomas,Jr.,charlie200@fabrikam.com,,AW00000200,(212) 467-1662,Charlie Thomas,,00000000-0000-0000-0000-000000000000,2026-09-03T11:32:30.431903
201,False,Ms.,Fiona,,Taylor,,fiona201@adventure-works.com,,AW00000201,(425) 630-6918,Fiona Taylor,,00000000-0000-0000-0000-000000000000,2026-09-03T11:32:30.431906
202,False,Dr.,Kevin,J,Taylor,Sr.,kevin202@adventure-works.com,,AW00000202,(312) 954-5314,Kevin Taylor,,00000000-0000-0000-0000-000000000000,2026-09-03T11:32:30.431910
203,False,Dr.,Quinn,J,Garcia,,quinn203@adventure-works.com,,AW00000203,(312) 485-4651,Quinn Garcia,,00000000-0000-0000-0000-000000000000,2026-09-03T11:32:30.431913
204,False,Mrs.,Oscar,J,Wilson,,oscar204@contoso.com,,AW00000204,(206) 613-3276,Oscar Wilson,,00000000-0000-0000-0000-000000000000,2026-09-03T11:32:30.431916
205,False,Ms.,Michael,,Garcia,,michael205@adventure-works.com,,AW00000205,(425) 291-3578,Michael Garcia,,00000000-0000-0000-0000-000000000000,2026-09-03T11:32:30.431919
206,False,Ms.,Julia,,Brown,,julia206@adventure-works.com,,AW00000206,(212) 791-8844,Julia Brown,,00000000-0000-0000-0000-000000000000,2026-09-03T11:32:30.431922
207,False,,Nancy,,Miller,,nancy207@adventure-works.com,,AW00000207,(425) 144-3095,Nancy Miller,,00000000-0000-0000-0000-000000000000,2026-09-03T11:32:30.431925
208,False,Ms.,Quinn,J,Garcia,,quinn208@adventure-works.com,,AW00000208,(206) 270-5231,Quinn Garcia,,00000000-0000-0000-0000-000000000000,2026-09-03T11:32:30.431928
209,False,,Diana,J,Wilson,,diana209@fabrikam.com,,AW00000209,(312) 187-4548,Diana Wilson,,00000000-0000-0000-0000-000000000000,2026-09-03T11:32:30.431931
210,False,Dr.,Michael,,Taylor,,michael210@fabrikam.com,,AW00000210,(425) 913-3979,Michael Taylor,,00000000-0000-0000-0000-000000000000,2026-09-03T11:32:30.431934
211,False,Ms.,Rachel,I,Rodriguez,Jr.,rachel211@adventure-works.com,,AW00000211,(212) 494-3166,Rachel Rodriguez,,00000000-0000-0000-0000-000000000000,2026-09-03T11:32:30.431938
212,False,Ms.,Alice,O,Smith,,alice212@adventure-works.com,,AW00000212,(206) 281-8796,Alice Smith,,00000000-0000-0000-0000-000000000000,2026-09-03T11:32:30.431941
213,False,,Rachel,A,Johnson,,rachel213@fabrikam.com,,AW00000213,(425) 717-9835,Rachel Johnson,,00000000-0000-0000-0000-000000000000,2026-09-03T11:32:30.431944
214,False,,John,,Anderson,,john214@fabrikam.com,,AW00000214,(212) 334-8899,John Anderson,,00000000-0000-0000-0000-000000000000,2026-09-03T11:32:30.431947
215,False,,Kevin,Q,Lopez,,kevin215@adventure-works.com,,AW00000215,(312) 588-4809,Kevin Lopez,,00000000-0000-0000-0000-000000000000,2026-09-03T11:32:30.431951
216,False,,Bob,L,Martinez,,bob216@adventure-works.com,,AW00000216,(206) 691-9561,Bob Martinez,,00000000-0000-0000-0000-000000000000,2026-09-03T11:32:30.431954
217,False,Dr.,Alice,I,Smith,,alice217@adventure-works.com,,AW00000217,(425) 536-5155,Alice Smith,,00000000-0000-0000-0000-000000000000,2026-09-03T11:32:30.431957
218,False,,George,,Anderson,,george218@fabrikam.com,,AW00000218,(212) 873-4337,George Anderson,,00000000-0000-0000-0000-000000000000,2026-09-03T11:32:30.431960
219,False,Ms.,Laura,,Taylor,,laura219@contoso.com,,AW00000219,(312) 691-6641,Laura Taylor,,00000000-0000-0000-0000-000000000000,2026-09-03T11:32:30.431963
220,False,Mr.,Kevin,M,Jones,,kevin220@adventure-works.com,,AW00000220,(206) 319-9328,Kevin Jones,,00000000-0000-0000-0000-000000000000,2026-09-03T11:32:30.431967
221,False,,Kevin,J,Hernandez,,kevin221@fabrikam.com,,AW00000221,(206) 923-2492,Kevin Hernandez,,00000000-0000-0000-0000-000000000000,2026-09-03T11:32:30.431970
222,False,,Charlie,,Taylor,,charlie222@adventure-works.com,,AW00000222,(312) 181-1618,Charlie Taylor,,00000000-0000-0000-0000-000000000000,2026-09-03T11:32:30.431973
223,False,,Kevin,H,Wilson,,kevin223@fabrikam.com,,AW00000223,(206) 892-3871,Kevin Wilson,,00000000-0000-0000-0000-000000000000,2026-09-03T11:32:30.431976
224,False,Mr.,Nancy,,Thomas,,nancy224@fabrikam.com,,AW00000224,(312) 299-1550,Nancy Thomas,,00000000-0000-0000-0000-000000000000,2026-09-03T11:32:30.431979
225,False,,Rachel,,Davis,,rachel225@adventure-works.com,,AW00000225,(206) 261-2422,Rachel Davis,,00000000-0000-0000-0000-000000000000,2026-09-03T11:32:30.431992
226,False,Mrs.,George,K,Wilson,,george226@fabrikam.com,,AW00000226,(206) 854-2124,George Wilson,,00000000-0000-0000-0000-000000000000,2026-09-03T11:32:30.431995
227,False,,Bob,J,Martinez,,bob227@contoso.com,,AW00000227,(425) 720-4187,Bob Martinez,,00000000-0000-0000-0000-000000000000,2026-09-03T11:32:30.431998
228,False,,Michael,,Wilson,,michael228@fabrikam.com,,AW00000228,(206) 672-2185,Michael Wilson,,00000000-0000-0000-0000-000000000000,2026-09-03T11:32:30.432001
229,False,Mrs.,Oscar,O,Martinez,Sr.,oscar229@fabrikam.com,,AW00000229,(212) 486-8923,Oscar Martinez,,00000000-0000-0000-0000-000000000000,2026-09-03T11:32:30.432005
230,False,Dr.,Fiona,Q,Hernandez,,fiona230@contoso.com,,AW00000230,(206) 364-2106,Fiona Hernandez,,00000000-0000-0000-0000-000000000000,2026-09-03T11:32:30.432008
231,False,Ms.,Kevin,L,Davis,Jr.,kevin231@fabrikam.com,,AW00000231,(312) 354-5706,Kevin Davis,,00000000-0000-0000-0000-000000000000,2026-09-03T11:32:30.432012
232,False,Mrs.,Bob,,Wilson,Sr.,bob232@contoso.com,,AW00000232,(312) 323-5408,Bob Wilson,,00000000-0000-0000-0000-000000000000,2026-09-03T11:32:30.432016
233,False,Dr.,Diana,F,Miller,,diana233@contoso.com,,AW00000233,(425) 334-4322,Diana Miller,,00000000-0000-0000-0000-000000000000,2026-09-03T11:32:30.432019
234,False,Ms.,Fiona,A,Lopez,Sr.,fiona234@fabrikam.com,,AW00000234,(206) 882-9871,Fiona Lopez,,00000000-0000-0000-0000-000000000000,2026-09-03T11:32:30.432023
235,False,Mrs.,Jane,N,Taylor,,jane235@fabrikam.com,,AW00000235,(312) 602-3996,Jane Taylor,,00000000-0000-0000-0000-000000000000,2026-09-03T11:32:30.432027
236,False,Dr.,Oscar,,Rodriguez,,oscar236@adventure-works.com,,AW00000236,(212) 589-9859,Oscar Rodriguez,,00000000-0000-0000-0000-000000000000,2026-09-03T11:32:30.432030
237,False,Dr.,Jane,D,Lopez,,jane237@adventure-works.com,,AW00000237,(212) 423-1137,Jane Lopez,,00000000-0000-0000-0000-000000000000,2026-09-03T11:32:30.432033
238,False,Dr.,John,I,Miller,,john238@contoso.com,,AW00000238,(425) 661-5306,John Miller,,00000000-0000-0000-0000-000000000000,2026-09-03T11:32:30.432036
239,False,Dr.,Fiona,I,Rodriguez,,fiona239@contoso.com,,AW00000239,(212) 315-7866,Fiona Rodriguez,,00000000-0000-0000-0000-000000000000,2026-09-03T11:32:30.432039
240,False,Dr.,Julia,,Lopez,,julia240@adventure-works.com,,AW00000240,(425) 933-2636,Julia Lopez,,00000000-0000-0000-0000-000000000000,2026-09-03T11:32:30.432042
241,False,,George,,Davis,,george241@adventure-works.com,,AW00000241,(425) 584-1159,George Davis,,00000000-0000-0000-0000-000000000000,2026-09-03T11:32:30.432045
242,False,Dr.,Diana,,Anderson,,diana242@fabrikam.com,,AW00000242,(312) 904-8972,Diana Anderson,,00000000-0000-0000-0000-000000000000,2026-09-03T11:32:30.432048
243,False,,Helen,J,Rodriguez,,helen243@fabrikam.com,,AW00000243,(425) 161-4530,Helen Rodriguez,,00000000-0000-0000-0000-000000000000,2026-09-03T11:32:30.432051
244,False,Mr.,George,,Taylor,,george244@contoso.com,,AW00000244,(312) 673-5222,George Taylor,,00000000-0000-0000-0000-000000000000,2026-09-03T11:32:30.432054
245,False,Dr.,Julia,,Smith,,julia245@fabrikam.com,,AW00000245,(425) 690-9821,Julia Smith,,00000000-0000-0000-0000-000000000000,2026-09-03T11:32:30.432057
246,False,Mrs.,Diana,,Martinez,,diana246@fabrikam.com,,AW00000246,(212) 180-7243,Diana Martinez,,00000000-0000-0000-0000-000000000000,2026-09-03T11:32:30.432060
247,False,Dr.,Rachel,C,Martinez,,rachel247@fabrikam.com,,AW00000247,(312) 531-7631,Rachel Martinez,,00000000-0000-0000-0000-000000000000,2026-09-03T11:32:30.432063
248,False,Ms.,Bob,,Williams,,bob248@fabrikam.com,,AW00000248,(312) 827-5382,Bob Williams,,00000000-0000-0000-0000-000000000000,2026-09-03T11:32:30.432066
249,False,Mrs.,Rachel,J,Wilson,,rachel249@fabrikam.com,,AW00000249,(212) 523-3741,Rachel Wilson,,00000000-0000-0000-0000-000000000000,2026-09-03T11:32:30.432070
250,False,Ms.,Diana,G,Smith,Jr.,diana250@adventure-works.com,,AW00000250,(425) 506-2687,Diana Smith,,00000000-0000-0000-0000-000000000000,2026-09-03T11:32:30.432073
251,False,Dr.,Alice,J,Williams,,alice251@fabrikam.com,,AW00000251,(206) 206-5300,Alice Williams,,00000000-0000-0000-0000-000000000000,2026-09-03T11:32:30.432076
252,False,Mr.,Rachel,K,Jones,,rachel252@adventure-works.com,,AW00000252,(312) 553-3071,Rachel Jones,,00000000-0000-0000-0000-000000000000,2026-09-03T11:32:30.432080
253,False,Mr.,Charlie,,Garcia,,charlie253@contoso.com,,AW00000253,(212) 578-9856,Charlie Garcia,,00000000-0000-0000-0000-000000000000,2026-09-03T11:32:30.432083
254,False,Ms.,George,P,Thomas,,george254@fabrikam.com,,AW00000254,(212) 746-8126,George Thomas,,00000000-0000-0000-0000-000000000000,2026-09-03T11:32:30.432086
255,False,Mrs.,Oscar,,Martinez,,oscar255@adventure-works.com,,AW00000255,(212) 415-6992,Oscar Martinez,,00000000-0000-0000-0000-000000000000,2026-09-03T11:32:30.432089
256,False,Ms.,Laura,,Rodriguez,,laura256@adventure-works.com,,AW00000256,(312) 393-8687,Laura Rodriguez,,00000000-0000-0000-0000-000000000000,2026-09-03T11:32:30.432092
257,False,Dr.,Patricia,N,Smith,,patricia257@contoso.com,,AW00000257,(312) 711-4788,Patricia Smith,,00000000-0000-0000-0000-000000000000,2026-09-03T11:32:30.432095
258,False,Ms.,John,,Lopez,,john258@contoso.com,,AW00000258,(425) 267-7385,John Lopez,,00000000-0000-0000-0000-000000000000,2026-09-03T11:32:30.432099
259,False,Mrs.,Kevin,,Davis,,kevin259@fabrikam.com,,AW00000259,(312) 391-9715,Kevin Davis,,00000000-0000-0000-0000-000000000000,2026-09-03T11:32:30.432105
260,False,Ms.,George,D,Anderson,,george260@adventure-works.com,,AW00000260,(212) 732-8418,George Anderson,,00000000-0000-0000-0000-000000000000,2026-09-03T11:32:30.432108
261,False,Ms.,George,,Taylor,,george261@fabrikam.com,,AW00000261,(206) 290-2675,George Taylor,,00000000-0000-0000-0000-000000000000,2026-09-03T11:32:30.432111
262,False,Ms.,Helen,J,Rodriguez,,helen262@adventure-works.com,,AW00000262,(206) 605-4558,Helen Rodriguez,,00000000-0000-0000-0000-000000000000,2026-09-03T11:32:30.432115
263,False,Mrs.,Ivan,N,Anderson,Sr.,ivan263@fabrikam.com,,AW00000263,(206) 438-2314,Ivan Anderson,,00000000-0000-0000-0000-000000000000,2026-09-03T11:32:30.432118
264,False,Mrs.,Charlie,B,Johnson,,charlie264@adventure-works.com,,AW00000264,(425) 961-5097,Charlie Johnson,,00000000-0000-0000-0000-000000000000,2026-09-03T11:32:30.432121
265,False,Mr.,Kevin,F,Smith,,kevin265@contoso.com,,AW00000265,(425) 855-1549,Kevin Smith,,00000000-0000-0000-0000-000000000000,2026-09-03T11:32:30.432124
266,False,Mr.,Edward,E,Thomas,,edward266@fabrikam.com,,AW00000266,(312) 430-3598,Edward Thomas,,00000000-0000-0000-0000-000000000000,2026-09-03T11:32:30.432127
267,False,Mrs.,Jane,,Brown,,jane267@contoso.com,,AW00000267,(206) 984-4568,Jane Brown,,00000000-0000-0000-0000-000000000000,2026-09-03T11:32:30.432131
268,False,Dr.,Alice,,Davis,,alice268@contoso.com,,AW00000268,(206) 505-4982,Alice Davis,,00000000-0000-0000-0000-000000000000,2026-09-03T11:32:30.432134
269,False,,John,N,Johnson,,john269@adventure-works.com,,AW00000269,(312) 889-2466,John Johnson,,00000000-0000-0000-0000-000000000000,2026-09-03T11:32:30.432137
270,False,Dr.,Fiona,,Garcia,,fiona270@fabrikam.com,,AW00000270,(206) 161-6824,Fiona Garcia,,00000000-0000-0000-0000-000000000000,2026-09-03T11:32:30.432140
271,False,Ms.,Charlie,,Brown,,charlie271@fabrikam.com,,AW00000271,(312) 924-8187,Charlie Brown,,00000000-0000-0000-0000-000000000000,2026-09-03T11:32:30.432152
272,False,Dr.,Edward,,Smith,,edward272@adventure-works.com,,AW00000272,(212) 823-8168,Edward Smith,,00000000-0000-0000-0000-000000000000,2026-09-03T11:32:30.432155
273,False,,Patricia,E,Martinez,,patricia273@fabrikam.com,,AW00000273,(312) 431-8674,Patricia Martinez,,00000000-0000-0000-0000-000000000000,2026-09-03T11:32:30.432158
274,False,Mr.,George,M,Garcia,,george274@contoso.com,,AW00000274,(312) 564-1011,George Garcia,,00000000-0000-0000-0000-000000000000,2026-09-03T11:32:30.432161
275,False,Ms.,Oscar,R,Wilson,,oscar275@fabrikam.com,,AW00000275,(425) 428-2037,Oscar Wilson,,00000000-0000-0000-0000-000000000000,2026-09-03T11:32:30.432165
276,False,Ms.,Patricia,N,Wilson,,patricia276@adventure-works.com,,AW00000276,(312) 430-7714,Patricia Wilson,,00000000-0000-0000-0000-000000000000,2026-09-03T11:32:30.432168
277,False,Mr.,Ivan,B,Brown,,ivan277@adventure-works.com,,AW00000277,(425) 994-1512,Ivan Brown,,00000000-0000-0000-0000-000000000000,2026-09-03T11:32:30.432171
278,False,Dr.,Edward,,Brown,,edward278@fabrikam.com,,AW00000278,(212) 773-9026,Edward Brown,,00000000-0000-0000-0000-000000000000,2026-09-03T11:32:30.432174
279,False,Mr.,Oscar,,Rodriguez,,oscar279@adventure-works.com,,AW00000279,(206) 313-9051,Oscar Rodriguez,,00000000-0000-0000-0000-000000000000,2026-09-03T11:32:30.432178
280,False,Mr.,Bob,,Thomas,,bob280@contoso.com,,AW00000280,(312) 913-1955,Bob Thomas,,00000000-0000-0000-0000-000000000000,2026-09-03T11:32:30.432181
281,False,,Rachel,,Rodriguez,,rachel281@contoso.com,,AW00000281,(206) 321-9511,Rachel Rodriguez,,00000000-0000-0000-0000-000000000000,2026-09-03T11:32:30.432184
282,False,Ms.,Alice,E,Brown,,alice282@fabrikam.com,,AW00000282,(425) 683-3931,Alice Brown,,00000000-0000-0000-0000-000000000000,2026-09-03T11:32:30.432187
283,False,Mr.,Patricia,Q,Anderson,,patricia283@contoso.com,,AW00000283,(212) 206-3733,Patricia Anderson,,00000000-0000-0000-0000-000000000000,2026-09-03T11:32:30.432191
284,False,,Diana,,Wilson,,diana284@fabrikam.com,,AW00000284,(212) 460-6163,Diana Wilson,,00000000-0000-0000-0000-000000000000,2026-09-03T11:32:30.432194
285,False,Mrs.,Patricia,,Hernandez,,patricia285@fabrikam.com,,AW00000285,(312) 723-4943,Patricia Hernandez,,00000000-0000-0000-0000-000000000000,2026-09-03T11:32:30.432197
286,False,Dr.,Quinn,G,Miller,,quinn286@contoso.com,,AW00000286,(212) 506-1003,Quinn Miller,,00000000-0000-0000-0000-000000000000,2026-09-03T11:32:30.432200
287,False,,Jane,,Martinez,,jane287@contoso.com,,AW00000287,(206) 407-4635,Jane Martinez,,00000000-0000-0000-0000-000000000000,2026-09-03T11:32:30.432203
288,False,Mr.,Edward,G,Hernandez,Jr.,edward288@adventure-works.com,,AW00000288,(206) 571-6827,Edward Hernandez,,00000000-0000-0000-0000-000000000000,2026-09-03T11:32:30.432207
289,False,Mrs.,Charlie,,Jones,,charlie289@adventure-works.com,,AW00000289,(312) 930-5920,Charlie Jones,,00000000-0000-0000-0000-000000000000,2026-09-03T11:32:30.432209
290,False,,Bob,B,Wilson,,bob290@contoso.com,,AW00000290,(425) 599-2562,Bob Wilson,,00000000-0000-0000-0000-000000000000,2026-09-03T11:32:30.432213
291,False,Mr.,Rachel,Q,Martinez,,rachel291@adventure-works.com,,AW00000291,(312) 456-8115,Rachel Martinez,,00000000-0000-0000-0000-000000000000,2026-09-03T11:32:30.432216
292,False,Ms.,Laura,R,Brown,Sr.,laura292@adventure-works.com,,AW00000292,(312) 636-1674,Laura Brown,,00000000-0000-0000-0000-000000000000,2026-09-03T11:32:30.432220
293,False,Mrs.,Ivan,F,Jones,,ivan293@fabrikam.com,,AW00000293,(212) 556-9269,Ivan Jones,,00000000-0000-0000-0000-000000000000,2026-09-03T11:32:30.432223
294,False,Dr.,Bob,,Davis,,bob294@adventure-works.com,,AW00000294,(312) 184-8796,Bob Davis,,00000000-0000-0000-0000-000000000000,2026-09-03T11:32:30.432226
295,False,,Quinn,,Johnson,,quinn295@fabrikam.com,,AW00000295,(212) 892-3136,Quinn Johnson,,00000000-0000-0000-0000-000000000000,2026-09-03T11:32:30.432229
296,False,,Charlie,,Taylor,,charlie296@fabrikam.com,,AW00000296,(425) 674-9589,Charlie Taylor,,00000000-0000-0000-0000-000000000000,2026-09-03T11:32:30.432232
297,False,Mr.,Fiona,,Davis,,fiona297@fabrikam.com,,AW00000297,(206) 215-7776,Fiona Davis,,00000000-0000-0000-0000-000000000000,2026-09-03T11:32:30.432235
298,False,Mrs.,Laura,,Lopez,,laura298@fabrikam.com,,AW00000298,(206) 888-5994,Laura Lopez,,00000000-0000-0000-0000-000000000000,2026-09-03T11:32:30.432238
299,False,,Diana,M,Lopez,,diana299@contoso.com,,AW00000299,(206) 937-4825,Diana Lopez,,00000000-0000-0000-0000-000000000000,2026-09-03T11:32:30.432241
300,False,Ms.,Edward,B,Lopez,,edward300@adventure-works.com,,AW00000300,(425) 735-3419,Edward Lopez,,00000000-0000-0000-0000-000000000000,2026-09-03T11:32:30.432244
301,False,Mrs.,Helen,A,Smith,,helen301@contoso.com,,AW00000301,(206) 439-4424,Helen Smith,,00000000-0000-0000-0000-000000000000,2026-09-03T11:32:30.432247
302,False,Ms.,Patricia,G,Miller,,patricia302@fabrikam.com,,AW00000302,(425) 811-1301,Patricia Miller,,00000000-0000-0000-0000-000000000000,2026-09-03T11:32:30.432251
303,False,Mrs.,Kevin,,Johnson,,kevin303@fabrikam.com,,AW00000303,(312) 154-8617,Kevin Johnson,,00000000-0000-0000-0000-000000000000,2026-09-03T11:32:30.432254
304,False,Dr.,John,J,Williams,,john304@adventure-works.com,,AW00000304,(312) 988-7332,John Williams,,00000000-0000-0000-0000-000000000000,2026-09-03T11:32:30.432257
305,False,,Fiona,A,Wilson,Sr.,fiona305@fabrikam.com,,AW00000305,(206) 290-4258,Fiona Wilson,,00000000-0000-0000-0000-000000000000,2026-09-03T11:32:30.432260
306,False,,Oscar,J,Thomas,,oscar306@fabrikam.com,,AW00000306,(312) 441-9027,Oscar Thomas,,00000000-0000-0000-0000-000000000000,2026-09-03T11:32:30.432264
307,False,Mr.,Kevin,,Garcia,,kevin307@fabrikam.com,,AW00000307,(312) 341-9212,Kevin Garcia,,00000000-0000-0000-0000-000000000000,2026-09-03T11:32:30.432266
308,False,Mrs.,George,J,Johnson,Sr.,george308@adventure-works.com,,AW00000308,(425) 449-7436,George Johnson,,00000000-0000-0000-0000-000000000000,2026-09-03T11:32:30.432270
309,False,Dr.,Charlie,R,Williams,,charlie309@fabrikam.com,,AW00000309,(425) 527-4938,Charlie Williams,,00000000-0000-0000-0000-000000000000,2026-09-03T11:32:30.432273
310,False,Dr.,Quinn,R,Jones,,quinn310@fabrikam.com,,AW00000310,(425) 311-3270,Quinn Jones,,00000000-0000-0000-0000-000000000000,2026-09-03T11:32:30.432277
311,False,Ms.,Quinn,,Miller,,quinn311@fabrikam.com,,AW00000311,(425) 540-3378,Quinn Miller,,00000000-0000-0000-0000-000000000000,2026-09-03T11:32:30.432280
312,False,Mrs.,Quinn,,Garcia,,quinn312@fabrikam.com,,AW00000312,(206) 288-6203,Quinn Garcia,,00000000-0000-0000-0000-000000000000,2026-09-03T11:32:30.432283
313,False,Mrs.,Charlie,L,Smith,Sr.,charlie313@contoso.com,,AW00000313,(312) 255-4079,Charlie Smith,,00000000-0000-0000-0000-000000000000,2026-09-03T11:32:30.432286
314,False,Ms.,Alice,,Jones,Sr.,alice314@fabrikam.com,,AW00000314,(425) 710-4804,Alice Jones,,00000000-0000-0000-0000-000000000000,2026-09-03T11:32:30.432290
315,False,Mrs.,Fiona,,Smith,,fiona315@adventure-works.com,,AW00000315,(212) 829-7126,Fiona Smith,,00000000-0000-0000-0000-000000000000,2026-09-03T11:32:30.432293
316,False,Dr.,Diana,,Wilson,,diana316@adventure-works.com,,AW00000316,(206) 518-1245,Diana Wilson,,00000000-0000-0000-0000-000000000000,2026-09-03T11:32:30.432296
317,False,Ms.,George,E,Anderson,,george317@adventure-works.com,,AW00000317,(425) 549-9027,George Anderson,,00000000-0000-0000-0000-000000000000,2026-09-03T11:32:30.432299
318,False,Ms.,Ivan,,Thomas,,ivan318@fabrikam.com,,AW00000318,(212) 837-6126,Ivan Thomas,,00000000-0000-0000-0000-000000000000,2026-09-03T11:32:30.432302
319,False,,Kevin,,Johnson,,kevin319@adventure-works.com,,AW00000319,(425) 631-9812,Kevin Johnson,,00000000-0000-0000-0000-000000000000,2026-09-03T11:32:30.432305
320,False,,Kevin,,Johnson,,kevin320@adventure-works.com,,AW00000320,(425) 398-8201,Kevin Johnson,,00000000-0000-0000-0000-000000000000,2026-09-03T11:32:30.432318
321,False,Mrs.,Kevin,,Martinez,,kevin321@fabrikam.com,,AW00000321,(206) 806-9470,Kevin Martinez,,00000000-0000-0000-0000-000000000000,2026-09-03T11:32:30.432321
322,False,Dr.,Charlie,,Thomas,,charlie322@adventure-works.com,,AW00000322,(425) 502-7775,Charlie Thomas,,00000000-0000-0000-0000-000000000000,2026-09-03T11:32:30.432325
323,False,Mr.,Ivan,,Thomas,,ivan323@fabrikam.com,,AW00000323,(425) 565-2477,Ivan Thomas,,00000000-0000-0000-0000-000000000000,2026-09-03T11:32:30.432327
324,False,Ms.,George,A,Hernandez,,george324@fabrikam.com,,AW00000324,(212) 749-6946,George Hernandez,,00000000-0000-0000-0000-000000000000,2026-09-03T11:32:30.432331
325,False,,Bob,D,Wilson,,bob325@contoso.com,,AW00000325,(206) 886-3799,Bob Wilson,,00000000-0000-0000-0000-000000000000,2026-09-03T11:32:30.432334
326,False,Ms.,Ivan,D,Jones,,ivan326@adventure-works.com,,AW00000326,(212) 415-6071,Ivan Jones,,00000000-0000-0000-0000-000000000000,2026-09-03T11:32:30.432337
327,False,Ms.,Michael,,Martinez,,michael327@adventure-works.com,,AW00000327,(206) 737-5146,Michael Martinez,,00000000-0000-0000-0000-000000000000,2026-09-03T11:32:30.432340
328,False,Dr.,John,P,Thomas,,john328@fabrikam.com,,AW00000328,(212) 343-4553,John Thomas,,00000000-0000-0000-0000-000000000000,2026-09-03T11:32:30.432343
329,False,Dr.,Quinn,,Taylor,,quinn329@fabrikam.com,,AW00000329,(206) 350-9967,Quinn Taylor,,00000000-0000-0000-0000-000000000000,2026-09-03T11:32:30.432346
330,False,Mr.,George,,Miller,,george330@contoso.com,,AW00000330,(206) 248-1531,George Miller,,00000000-0000-0000-0000-000000000000,2026-09-03T11:32:30.432349
331,False,Mrs.,Quinn,J,Martinez,,quinn331@adventure-works.com,,AW00000331,(425) 788-5659,Quinn Martinez,,00000000-0000-0000-0000-000000000000,2026-09-03T11:32:30.432354
332,False,Dr.,Rachel,J,Garcia,Jr.,rachel332@contoso.com,,AW00000332,(312) 477-7208,Rachel Garcia,,00000000-0000-0000-0000-000000000000,2026-09-03T11:32:30.432357
333,False,,Bob,,Anderson,,bob333@adventure-works.com,,AW00000333,(312) 437-9635,Bob Anderson,,00000000-0000-0000-0000-000000000000,2026-09-03T11:32:30.432361
334,False,Ms.,Laura,A,Miller,,laura334@fabrikam.com,,AW00000334,(206) 595-5705,Laura Miller,,00000000-0000-0000-0000-000000000000,2026-09-03T11:32:30.432366
335,False,Mrs.,Laura,R,Hernandez,,laura335@adventure-works.com,,AW00000335,(212) 632-9154,Laura Hernandez,,00000000-0000-0000-0000-000000000000,2026-09-03T11:32:30.432369
336,False,,Nancy,,Garcia,,nancy336@adventure-works.com,,AW00000336,(206) 221-1392,Nancy Garcia,,00000000-0000-0000-0000-000000000000,2026-09-03T11:32:30.432372
337,False,Ms.,Michael,L,Brown,,michael337@contoso.com,,AW00000337,(312) 673-4478,Michael Brown,,00000000-0000-0000-0000-000000000000,2026-09-03T11:32:30.432375
338,False,Mrs.,John,,Miller,,john338@contoso.com,,AW00000338,(312) 885-1100,John Miller,,00000000-0000-0000-0000-000000000000,2026-09-03T11:32:30.432378
339,False,Mrs.,Alice,,Hernandez,,alice339@adventure-works.com,,AW00000339,(425) 298-6415,Alice Hernandez,,00000000-0000-0000-0000-000000000000,2026-09-03T11:32:30.432381
340,False,Dr.,Ivan,C,Taylor,,ivan340@fabrikam.com,,AW00000340,(212) 985-9797,Ivan Taylor,,00000000-0000-0000-0000-000000000000,2026-09-03T11:32:30.432385
341,False,Dr.,Ivan,J,Thomas,,ivan341@contoso.com,,AW00000341,(312) 668-9779,Ivan Thomas,,00000000-0000-0000-0000-000000000000,2026-09-03T11:32:30.432388
342,False,,John,J,Miller,,john342@adventure-works.com,,AW00000342,(312) 960-1510,John Miller,,00000000-0000-0000-0000-000000000000,2026-09-03T11:32:30.432391
343,False,,Ivan,Q,Wilson,,ivan343@adventure-works.com,,AW00000343,(206) 985-6050,Ivan Wilson,,00000000-0000-0000-0000-000000000000,2026-09-03T11:32:30.432394
344,False,Mrs.,Ivan,,Johnson,,ivan344@adventure-works.com,,AW00000344,(312) 562-5958,Ivan Johnson,,00000000-0000-0000-0000-000000000000,2026-09-03T11:32:30.432398
345,False,Ms.,Edward,,Martinez,,edward345@adventure-works.com,,AW00000345,(206) 554-9290,Edward Martinez,,00000000-0000-0000-0000-000000000000,2026-09-03T11:32:30.432403
346,False,,John,,Taylor,,john346@contoso.com,,AW00000346,(312) 894-6363,John Taylor,,00000000-0000-0000-0000-000000000000,2026-09-03T11:32:30.432406
347,False,,Charlie,C,Brown,,charlie347@adventure-works.com,,AW00000347,(212) 496-9558,Charlie Brown,,00000000-0000-0000-0000-000000000000,2026-09-03T11:32:30.432409
348,False,Mrs.,Alice,R,Smith,,alice348@contoso.com,,AW00000348,(212) 147-2689,Alice Smith,,00000000-0000-0000-0000-000000000000,2026-09-03T11:32:30.432412
349,False,Mr.,Oscar,H,Martinez,,oscar349@adventure-works.com,,AW00000349,(312) 305-4154,Oscar Martinez,,00000000-0000-0000-0000-000000000000,2026-09-03T11:32:30.432416
350,False,,Helen,,Rodriguez,,helen350@adventure-works.com,,AW00000350,(312) 252-3580,Helen Rodriguez,,00000000-0000-0000-0000-000000000000,2026-09-03T11:32:30.432419
351,False,Mr.,George,P,Brown,,george351@adventure-works.com,,AW00000351,(312) 662-6218,George Brown,,00000000-0000-0000-0000-000000000000,2026-09-03T11:32:30.432422
352,False,Mrs.,George,D,Jones,,george352@fabrikam.com,,AW00000352,(312) 653-8268,George Jones,,00000000-0000-0000-0000-000000000000,2026-09-03T11:32:30.432426
353,False,Mr.,Jane,,Jones,,jane353@adventure-works.com,,AW00000353,(212) 155-2410,Jane Jones,,00000000-0000-0000-0000-000000000000,2026-09-03T11:32:30.432429
354,False,Ms.,Laura,Q,Wilson,,laura354@fabrikam.com,,AW00000354,(212) 731-6826,Laura Wilson,,00000000-0000-0000-0000-000000000000,2026-09-03T11:32:30.432432
355,False,Ms.,Helen,P,Hernandez,,helen355@contoso.com,,AW00000355,(425) 195-8672,Helen Hernandez,,00000000-0000-0000-0000-000000000000,2026-09-03T11:32:30.432436
356,False,Mrs.,Alice,M,Thomas,,alice356@adventure-works.com,,AW00000356,(425) 981-5227,Alice Thomas,,00000000-0000-0000-0000-000000000000,2026-09-03T11:32:30.432440
357,False,Ms.,Julia,I,Wilson,,julia357@contoso.com,,AW00000357,(212) 599-1495,Julia Wilson,,00000000-0000-0000-0000-000000000000,2026-09-03T11:32:30.432443
358,False,Mr.,Bob,,Taylor,,bob358@adventure-works.com,,AW00000358,(312) 886-6711,Bob Taylor,,00000000-0000-0000-0000-000000000000,2026-09-03T11:32:30.432446
359,False,,Rachel,,Jones,,rachel359@adventure-works.com,,AW00000359,(312) 669-2162,Rachel Jones,,00000000-0000-0000-0000-000000000000,2026-09-03T11:32:30.432449
360,False,Dr.,Helen,F,Thomas,,helen360@fabrikam.com,,AW00000360,(425) 593-7288,Helen Thomas,,00000000-0000-0000-0000-000000000000,2026-09-03T11:32:30.432452
361,False,Ms.,Bob,Q,Hernandez,,bob361@contoso.com,,AW00000361,(312) 657-4869,Bob Hernandez,,00000000-0000-0000-0000-000000000000,2026-09-03T11:32:30.432455
362,False,,Diana,A,Williams,,diana362@contoso.com,,AW00000362,(312) 668-2599,Diana Williams,,00000000-0000-0000-0000-000000000000,2026-09-03T11:32:30.432459
363,False,Mrs.,Michael,B,Garcia,,michael363@fabrikam.com,,AW00000363,(212) 435-9098,Michael Garcia,,00000000-0000-0000-0000-000000000000,2026-09-03T11:32:30.432463
364,False,Ms.,Jane,Q,Williams,Jr.,jane364@adventure-works.com,,AW00000364,(425) 563-9704,Jane Williams,,00000000-0000-0000-0000-000000000000,2026-09-03T11:32:30.432466
365,False,,Helen,E,Wilson,,helen365@contoso.com,,AW00000365,(312) 683-5989,Helen Wilson,,00000000-0000-0000-0000-000000000000,2026-09-03T11:32:30.432469
366,False,Mr.,Laura,R,Lopez,Sr.,laura366@adventure-works.com,,AW00000366,(312) 163-7049,Laura Lopez,,00000000-0000-0000-0000-000000000000,2026-09-03T11:32:30.432473
367,False,Mr.,Patricia,J,Johnson,,patricia367@contoso.com,,AW00000367,(206) 340-8073,Patricia Johnson,,00000000-0000-0000-0000-000000000000,2026-09-03T11:32:30.432476
368,False,Mrs.,Quinn,K,Wilson,,quinn368@fabrikam.com,,AW00000368,(425) 778-3841,Quinn Wilson,,00000000-0000-0000-0000-000000000000,2026-09-03T11:32:30.432479
369,False,Ms.,Nancy,J,Jones,,nancy369@adventure-works.com,,AW00000369,(312) 993-3056,Nancy Jones,,00000000-0000-0000-0000-000000000000,2026-09-03T11:32:30.432483
370,False,Mr.,Charlie,C,Smith,,charlie370@contoso.com,,AW00000370,(212) 239-2387,Charlie Smith,,00000000-0000-0000-0000-000000000000,2026-09-03T11:32:30.432486
371,False,Dr.,Charlie,R,Anderson,Jr.,charlie371@contoso.com,,AW00000371,(212) 665-8373,Charlie Anderson,,00000000-0000-0000-0000-000000000000,2026-09-03T11:32:30.432489
372,False,Ms.,Kevin,,Lopez,,kevin372@fabrikam.com,,AW00000372,(212) 967-4878,Kevin Lopez,,00000000-0000-0000-0000-000000000000,2026-09-03T11:32:30.432492
373,False,Dr.,Oscar,Q,Rodriguez,,oscar373@adventure-works.com,,AW00000373,(212) 821-7038,Oscar Rodriguez,,00000000-0000-0000-0000-000000000000,2026-09-03T11:32:30.432496
374,False,Mr.,Alice,,Taylor,,alice374@contoso.com,,AW00000374,(212) 629-2281,Alice Taylor,,00000000-0000-0000-0000-000000000000,2026-09-03T11:32:30.432499
375,False,Ms.,Oscar,,Williams,,oscar375@fabrikam.com,,AW00000375,(206) 800-9834,Oscar Williams,,00000000-0000-0000-0000-000000000000,2026-09-03T11:32:30.432502
376,False,,Quinn,,Martinez,,quinn376@adventure-works.com,,AW00000376,(212) 564-9399,Quinn Martinez,,00000000-0000-0000-0000-000000000000,2026-09-03T11:32:30.432506
377,False,Dr.,Nancy,,Hernandez,Sr.,nancy377@contoso.com,,AW00000377,(425) 136-5981,Nancy Hernandez,,00000000-0000-0000-0000-000000000000,2026-09-03T11:32:30.432518
378,False,Mr.,Quinn,Q,Rodriguez,,quinn378@adventure-works.com,,AW00000378,(312) 928-1447,Quinn Rodriguez,,00000000-0000-0000-0000-000000000000,2026-09-03T11:32:30.432522
379,False,Mr.,Helen,,Taylor,,helen379@contoso.com,,AW00000379,(312) 235-5603,Helen Taylor,,00000000-0000-0000-0000-000000000000,2026-09-03T11:32:30.432525
380,False,Mr.,George,R,Rodriguez,,george380@fabrikam.com,,AW00000380,(425) 774-8317,George Rodriguez,,00000000-0000-0000-0000-000000000000,2026-09-03T11:32:30.432529
381,False,Mrs.,Julia,F,Garcia,,julia381@fabrikam.com,,AW00000381,(206) 451-2382,Julia Garcia,,00000000-0000-0000-0000-000000000000,2026-09-03T11:32:30.432533
382,False,Dr.,Charlie,L,Jones,,charlie382@adventure-works.com,,AW00000382,(212) 843-3740,Charlie Jones,,00000000-0000-0000-0000-000000000000,2026-09-03T11:32:30.432536
383,False,Mr.,Edward,A,Lopez,,edward383@contoso.com,,AW00000383,(212) 587-5937,Edward Lopez,,00000000-0000-0000-0000-000000000000,2026-09-03T11:32:30.432539
384,False,Dr.,Nancy,K,Davis,,nancy384@adventure-works.com,,AW00000384,(212) 112-5731,Nancy Davis,,00000000-0000-0000-0000-000000000000,2026-09-03T11:32:30.432542
385,False,Mrs.,Michael,J,Wilson,,michael385@fabrikam.com,,AW00000385,(312) 964-8074,Michael Wilson,,00000000-0000-0000-0000-000000000000,2026-09-03T11:32:30.432547
386,False,Mrs.,Rachel,,Rodriguez,,rachel386@contoso.com,,AW00000386,(212) 572-4961,Rachel Rodriguez,,00000000-0000-0000-0000-000000000000,2026-09-03T11:32:30.432550
387,False,,Quinn,,Miller,,quinn387@adventure-works.com,,AW00000387,(312) 660-1173,Quinn Miller,,00000000-0000-0000-0000-000000000000,2026-09-03T11:32:30.432553
388,False,Mr.,John,,Williams,,john388@fabrikam.com,,AW00000388,(212) 459-4594,John Williams,,00000000-0000-0000-0000-000000000000,2026-09-03T11:32:30.432557
389,False,Ms.,Helen,,Rodriguez,,helen389@adventure-works.com,,AW00000389,(425) 713-2995,Helen Rodriguez,,00000000-0000-0000-0000-000000000000,2026-09-03T11:32:30.432561
390,False,,Alice,,Williams,,alice390@fabrikam.com,,AW00000390,(425) 213-4018,Alice Williams,,00000000-0000-0000-0000-000000000000,2026-09-03T11:32:30.432565
391,False,Dr.,George,B,Martinez,,george391@contoso.com,,AW00000391,(212) 808-6298,George Martinez,,00000000-0000-0000-0000-000000000000,2026-09-03T11:32:30.432568
392,False,Mr.,George,,Garcia,,george392@contoso.com,,AW00000392,(312) 161-5230,George Garcia,,00000000-0000-0000-0000-000000000000,2026-09-03T11:32:30.432571
393,False,Dr.,George,,Garcia,Jr.,george393@fabrikam.com,,AW00000393,(212) 282-9061,George Garcia,,00000000-0000-0000-0000-000000000000,2026-09-03T11:32:30.432575
394,False,,Alice,E,Jones,,alice394@adventure-works.com,,AW00000394,(212) 832-5243,Alice Jones,,00000000-0000-0000-0000-000000000000,2026-09-03T11:32:30.432578
395,False,Mr.,Alice,,Johnson,,alice395@contoso.com,,AW00000395,(206) 609-3438,Alice Johnson,,00000000-0000-0000-0000-000000000000,2026-09-03T11:32:30.432581
396,False,Dr.,John,,Johnson,,john396@contoso.com,,AW00000396,(206) 627-9039,John Johnson,,00000000-0000-0000-0000-000000000000,2026-09-03T11:32:30.432584
397,False,Dr.,Nancy,B,Anderson,,nancy397@adventure-works.com,,AW00000397,(212) 805-8898,Nancy Anderson,,00000000-0000-0000-0000-000000000000,2026-09-03T11:32:30.432587
398,False,Mrs.,Alice,K,Lopez,,alice398@fabrikam.com,,AW00000398,(206) 474-9759,Alice Lopez,,00000000-0000-0000-0000-000000000000,2026-09-03T11:32:30.432590
399,False,Dr.,Ivan,H,Williams,,ivan399@adventure-works.com,,AW00000399,(206) 493-4129,Ivan Williams,,00000000-0000-0000-0000-000000000000,2026-09-03T11:32:30.432594
400,False,Mr.,Helen,J,Wilson,,helen400@fabrikam.com,,AW00000400,(212) 852-4104,Helen Wilson,,00000000-0000-0000-0000-000000000000,2026-09-03T11:32:30.432597
401,False,Ms.,Charlie,,Johnson,Jr.,charlie401@contoso.com,,AW00000401,(212) 164-9856,Charlie Johnson,,00000000-0000-0000-0000-000000000000,2026-09-03T11:32:30.432600
402,False,,Helen,M,Taylor,Jr.,helen402@adventure-works.com,,AW00000402,(312) 157-6533,Helen Taylor,,00000000-0000-0000-0000-000000000000,2026-09-03T11:32:30.432604
403,False,Mr.,Jane,,Wilson,,jane403@fabrikam.com,,AW00000403,(212) 794-9791,Jane Wilson,,00000000-0000-0000-0000-000000000000,2026-09-03T11:32:30.432607
404,False,Mr.,Charlie,,Davis,,charlie404@fabrikam.com,,AW00000404,(206) 582-1750,Charlie Davis,,00000000-0000-0000-0000-000000000000,2026-09-03T11:32:30.432612
405,False,Mr.,Fiona,,Jones,,fiona405@contoso.com,,AW00000405,(206) 567-3796,Fiona Jones,,00000000-0000-0000-0000-000000000000,2026-09-03T11:32:30.432615
406,False,Mr.,Quinn,,Williams,,quinn406@fabrikam.com,,AW00000406,(425) 164-4320,Quinn Williams,,00000000-0000-0000-0000-000000000000,2026-09-03T11:32:30.432618
407,False,Dr.,Laura,,Hernandez,Jr.,laura407@contoso.com,,AW00000407,(425) 882-1746,Laura Hernandez,,00000000-0000-0000-0000-000000000000,2026-09-03T11:32:30.432622
408,False,Mrs.,Quinn,,Garcia,,quinn408@contoso.com,,AW00000408,(425) 813-7060,Quinn Garcia,,00000000-0000-0000-0000-000000000000,2026-09-03T11:32:30.432624
409,False,Dr.,Patricia,,Garcia,,patricia409@adventure-works.com,,AW00000409,(206) 910-7162,Patricia Garcia,,00000000-0000-0000-0000-000000000000,2026-09-03T11:32:30.432627
410,False,Dr.,Diana,,Smith,,diana410@adventure-works.com,,AW00000410,(312) 526-8798,Diana Smith,,00000000-0000-0000-0000-000000000000,2026-09-03T11:32:30.432631
411,False,Ms.,Charlie,O,Miller,,charlie411@adventure-works.com,,AW00000411,(425) 725-1616,Charlie Miller,,00000000-0000-0000-0000-000000000000,2026-09-03T11:32:30.432634
412,False,Dr.,Rachel,B,Garcia,,rachel412@contoso.com,,AW00000412,(312) 528-1074,Rachel Garcia,,00000000-0000-0000-0000-000000000000,2026-09-03T11:32:30.432638
413,False,Ms.,Patricia,,Davis,,patricia413@adventure-works.com,,AW00000413,(312) 983-9842,Patricia Davis,,00000000-0000-0000-0000-000000000000,2026-09-03T11:32:30.432641
414,False,Dr.,Oscar,E,Davis,,oscar414@adventure-works.com,,AW00000414,(206) 915-3444,Oscar Davis,,00000000-0000-0000-0000-000000000000,2026-09-03T11:32:30.432644
415,False,Ms.,Nancy,,Taylor,Jr.,nancy415@fabrikam.com,,AW00000415,(312) 391-4433,Nancy Taylor,,00000000-0000-0000-0000-000000000000,2026-09-03T11:32:30.432647
416,False,Mrs.,Laura,M,Rodriguez,,laura416@fabrikam.com,,AW00000416,(206) 650-3881,Laura Rodriguez,,00000000-0000-0000-0000-000000000000,2026-09-03T11:32:30.432650
417,False,Dr.,Diana,B,Smith,,diana417@fabrikam.com,,AW00000417,(212) 706-6340,Diana Smith,,00000000-0000-0000-0000-000000000000,2026-09-03T11:32:30.432653
418,False,Mrs.,Laura,,Miller,,laura418@adventure-works.com,,AW00000418,(206) 342-7759,Laura Miller,,00000000-0000-0000-0000-000000000000,2026-09-03T11:32:30.432658
419,False,Ms.,Edward,,Wilson,,edward419@adventure-works.com,,AW00000419,(212) 248-4541,Edward Wilson,,00000000-0000-0000-0000-000000000000,2026-09-03T11:32:30.432661
420,False,Ms.,Rachel,,Thomas,,rachel420@fabrikam.com,,AW00000420,(425) 747-6875,Rachel Thomas,,00000000-0000-0000-0000-000000000000,2026-09-03T11:32:30.432665
421,False,Mrs.,George,,Miller,,george421@adventure-works.com,,AW00000421,(312) 239-2820,George Miller,,00000000-0000-0000-0000-000000000000,2026-09-03T11:32:30.432668
422,False,Dr.,Michael,,Thomas,,michael422@contoso.com,,AW00000422,(425) 908-3784,Michael Thomas,,00000000-0000-0000-0000-000000000000,2026-09-03T11:32:30.432671
423,False,Mr.,Quinn,,Davis,,quinn423@adventure-works.com,,AW00000423,(212) 957-8581,Quinn Davis,,00000000-0000-0000-0000-000000000000,2026-09-03T11:32:30.432674
424,False,Dr.,George,F,Smith,,george424@contoso.com,,AW00000424,(425) 705-3440,George Smith,,00000000-0000-0000-0000-000000000000,2026-09-03T11:32:30.432678
425,False,Dr.,Quinn,J,Smith,Jr.,quinn425@contoso.com,,AW00000425,(212) 590-2605,Quinn Smith,,00000000-0000-0000-0000-000000000000,2026-09-03T11:32:30.432681
426,False,Ms.,Michael,,Taylor,,michael426@fabrikam.com,,AW00000426,(212) 323-3174,Michael Taylor,,00000000-0000-0000-0000-000000000000,2026-09-03T11:32:30.432684
427,False,Ms.,Julia,B,Martinez,,julia427@fabrikam.com,,AW00000427,(312) 265-8524,Julia Martinez,,00000000-0000-0000-0000-000000000000,2026-09-03T11:32:30.432687
428,False,Dr.,Quinn,,Smith,,quinn428@fabrikam.com,,AW00000428,(212) 289-7068,Quinn Smith,,00000000-0000-0000-0000-000000000000,2026-09-03T11:32:30.432691
429,False,Mr.,Michael,,Smith,,michael429@fabrikam.com,,AW00000429,(206) 403-7977,Michael Smith,,00000000-0000-0000-0000-000000000000,2026-09-03T11:32:30.432694
430,False,Mr.,George,I,Miller,,george430@adventure-works.com,,AW00000430,(312) 152-2818,George Miller,,00000000-0000-0000-0000-000000000000,2026-09-03T11:32:30.432698
431,False,Dr.,Kevin,J,Lopez,,kevin431@fabrikam.com,,AW00000431,(206) 674-4354,Kevin Lopez,,00000000-0000-0000-0000-000000000000,2026-09-03T11:32:30.432702
432,False,Ms.,Charlie,N,Hernandez,,charlie432@fabrikam.com,,AW00000432,(425) 871-4693,Charlie Hernandez,,00000000-0000-0000-0000-000000000000,2026-09-03T11:32:30.432705
433,False,Mrs.,Ivan,L,Lopez,,ivan433@adventure-works.com,,AW00000433,(312) 453-8412,Ivan Lopez,,00000000-0000-0000-0000-000000000000,2026-09-03T11:32:30.432709
434,False,Dr.,Nancy,P,Brown,,nancy434@contoso.com,,AW00000434,(312) 919-2075,Nancy Brown,,00000000-0000-0000-0000-000000000000,2026-09-03T11:32:30.432713
435,False,Mr.,Edward,,Thomas,,edward435@contoso.com,,AW00000435,(206) 211-3699,Edward Thomas,,00000000-0000-0000-0000-000000000000,2026-09-03T11:32:30.432716
436,False,Ms.,George,,Brown,,george436@fabrikam.com,,AW00000436,(206) 400-7824,George Brown,,00000000-0000-0000-0000-000000000000,2026-09-03T11:32:30.432719
437,False,Dr.,Patricia,,Jones,,patricia437@fabrikam.com,,AW00000437,(206) 398-4097,Patricia Jones,,00000000-0000-0000-0000-000000000000,2026-09-03T11:32:30.432722
438,False,Ms.,Bob,O,Smith,,bob438@contoso.com,,AW00000438,(312) 771-6346,Bob Smith,,00000000-0000-0000-0000-000000000000,2026-09-03T11:32:30.432725
439,False,Dr.,Nancy,,Thomas,,nancy439@contoso.com,,AW00000439,(425) 908-5259,Nancy Thomas,,00000000-0000-0000-0000-000000000000,2026-09-03T11:32:30.432729
440,False,Mrs.,Fiona,J,Taylor,,fiona440@contoso.com,,AW00000440,(212) 270-3634,Fiona Taylor,,00000000-0000-0000-0000-000000000000,2026-09-03T11:32:30.432732
441,False,Ms.,Patricia,C,Martinez,,patricia441@adventure-works.com,,AW00000441,(206) 424-3072,Patricia Martinez,,00000000-0000-0000-0000-000000000000,2026-09-03T11:32:30.432735
442,False,Mrs.,Michael,,Rodriguez,,michael442@adventure-works.com,,AW00000442,(312) 452-3423,Michael Rodriguez,,00000000-0000-0000-0000-000000000000,2026-09-03T11:32:30.432738
443,False,,Julia,P,Thomas,,julia443@adventure-works.com,,AW00000443,(212) 611-3381,Julia Thomas,,00000000-0000-0000-0000-000000000000,2026-09-03T11:32:30.432742
444,False,Ms.,Michael,,Hernandez,,michael444@fabrikam.com,,AW00000444,(312) 762-5842,Michael Hernandez,,00000000-0000-0000-0000-000000000000,2026-09-03T11:32:30.432745
445,False,,Nancy,Q,Martinez,,nancy445@contoso.com,,AW00000445,(312) 805-2840,Nancy Martinez,,00000000-0000-0000-0000-000000000000,2026-09-03T11:32:30.432749
446,False,Ms.,Nancy,A,Johnson,,nancy446@contoso.com,,AW00000446,(425) 556-6855,Nancy Johnson,,00000000-0000-0000-0000-000000000000,2026-09-03T11:32:30.432753
447,False,Mr.,Bob,E,Hernandez,,bob447@adventure-works.com,,AW00000447,(312) 300-1369,Bob Hernandez,,00000000-0000-0000-0000-000000000000,2026-09-03T11:32:30.432757
448,False,Mr.,Bob,K,Thomas,,bob448@contoso.com,,AW00000448,(206) 782-6915,Bob Thomas,,00000000-0000-0000-0000-000000000000,2026-09-03T11:32:30.432760
449,False,Dr.,Kevin,,Jones,,kevin449@contoso.com,,AW00000449,(312) 459-6047,Kevin Jones,,00000000-0000-0000-0000-000000000000,2026-09-03T11:32:30.432763
450,False,Ms.,Michael,M,Williams,,michael450@contoso.com,,AW00000450,(212) 395-3683,Michael Williams,,00000000-0000-0000-0000-000000000000,2026-09-03T11:32:30.432767
451,False,Ms.,Laura,R,Anderson,,laura451@adventure-works.com,,AW00000451,(312) 586-9606,Laura Anderson,,00000000-0000-0000-0000-000000000000,2026-09-03T11:32:30.432771
452,False,,Ivan,B,Williams,,ivan452@fabrikam.com,,AW00000452,(312) 524-3865,Ivan Williams,,00000000-0000-0000-0000-000000000000,2026-09-03T11:32:30.432775
453,False,,Patricia,C,Thomas,,patricia453@contoso.com,,AW00000453,(312) 667-9037,Patricia Thomas,,00000000-0000-0000-0000-000000000000,2026-09-03T11:32:30.432778
454,False,,Jane,,Martinez,,jane454@contoso.com,,AW00000454,(425) 127-1040,Jane Martinez,,00000000-0000-0000-0000-000000000000,2026-09-03T11:32:30.432781
455,False,Mrs.,Charlie,N,Rodriguez,,charlie455@fabrikam.com,,AW00000455,(312) 527-3938,Charlie Rodriguez,,00000000-0000-0000-0000-000000000000,2026-09-03T11:32:30.432785
456,False,Mr.,Nancy,,Davis,,nancy456@adventure-works.com,,AW00000456,(312) 695-8872,Nancy Davis,,00000000-0000-0000-0000-000000000000,2026-09-03T11:32:30.432789
457,False,Mrs.,Quinn,N,Anderson,Jr.,quinn457@contoso.com,,AW00000457,(206) 965-5252,Quinn Anderson,,00000000-0000-0000-0000-000000000000,2026-09-03T11:32:30.432792
458,False,Ms.,Diana,,Johnson,,diana458@adventure-works.com,,AW00000458,(312) 267-1866,Diana Johnson,,00000000-0000-0000-0000-000000000000,2026-09-03T11:32:30.432795
459,False,Dr.,George,J,Lopez,,george459@contoso.com,,AW00000459,(206) 626-4175,George Lopez,,00000000-0000-0000-0000-000000000000,2026-09-03T11:32:30.432799
460,False,,Diana,P,Brown,,diana460@contoso.com,,AW00000460,(312) 377-6939,Diana Brown,,00000000-0000-0000-0000-000000000000,2026-09-03T11:32:30.432803
461,False,Ms.,Alice,,Lopez,,alice461@contoso.com,,AW00000461,(212) 521-6575,Alice Lopez,,00000000-0000-0000-0000-000000000000,2026-09-03T11:32:30.432806
462,False,Ms.,Diana,,Brown,,diana462@adventure-works.com,,AW00000462,(206) 527-8544,Diana Brown,,00000000-0000-0000-0000-000000000000,2026-09-03T11:32:30.432810
463,False,Ms.,Bob,N,Brown,,bob463@fabrikam.com,,AW00000463,(312) 242-8240,Bob Brown,,00000000-0000-0000-0000-000000000000,2026-09-03T11:32:30.432813
464,False,Ms.,Rachel,J,Hernandez,,rachel464@adventure-works.com,,AW00000464,(425) 231-3332,Rachel Hernandez,,00000000-0000-0000-0000-000000000000,2026-09-03T11:32:30.432816
465,False,Ms.,Fiona,,Martinez,Sr.,fiona465@fabrikam.com,,AW00000465,(206) 179-1308,Fiona Martinez,,00000000-0000-0000-0000-000000000000,2026-09-03T11:32:30.432819
466,False,Mr.,Nancy,,Anderson,,nancy466@fabrikam.com,,AW00000466,(206) 580-2948,Nancy Anderson,,00000000-0000-0000-0000-000000000000,2026-09-03T11:32:30.432822
467,False,Mr.,George,,Johnson,,george467@adventure-works.com,,AW00000467,(206) 716-4365,George Johnson,,00000000-0000-0000-0000-000000000000,2026-09-03T11:32:30.432825
468,False,Ms.,Quinn,J,Miller,,quinn468@fabrikam.com,,AW00000468,(312) 693-6698,Quinn Miller,,00000000-0000-0000-0000-000000000000,2026-09-03T11:32:30.432829
469,False,,Julia,R,Garcia,,julia469@fabrikam.com,,AW00000469,(206) 201-1229,Julia Garcia,,00000000-0000-0000-0000-000000000000,2026-09-03T11:32:30.432832
470,False,Ms.,Oscar,D,Miller,Jr.,oscar470@fabrikam.com,,AW00000470,(206) 319-9260,Oscar Miller,,00000000-0000-0000-0000-000000000000,2026-09-03T11:32:30.432835
471,False,,Nancy,,Lopez,,nancy471@adventure-works.com,,AW00000471,(425) 954-6813,Nancy Lopez,,00000000-0000-0000-0000-000000000000,2026-09-03T11:32:30.432838
472,False,Ms.,Kevin,L,Anderson,,kevin472@contoso.com,,AW00000472,(206) 577-2807,Kevin Anderson,,00000000-0000-0000-0000-000000000000,2026-09-03T11:32:30.432843
473,False,Dr.,Oscar,H,Jones,,oscar473@adventure-works.com,,AW00000473,(206) 435-9088,Oscar Jones,,00000000-0000-0000-0000-000000000000,2026-09-03T11:32:30.432846
474,False,Mrs.,Alice,,Wilson,,alice474@fabrikam.com,,AW00000474,(212) 331-7672,Alice Wilson,,00000000-0000-0000-0000-000000000000,2026-09-03T11:32:30.432849
475,False,Ms.,Helen,N,Anderson,Sr.,helen475@adventure-works.com,,AW00000475,(206) 790-9055,Helen Anderson,,00000000-0000-0000-0000-000000000000,2026-09-03T11:32:30.432852
476,False,Dr.,Alice,B,Wilson,,alice476@contoso.com,,AW00000476,(212) 811-2666,Alice Wilson,,00000000-0000-0000-0000-000000000000,2026-09-03T11:32:30.432855
477,False,Mrs.,Diana,I,Williams,,diana477@contoso.com,,AW00000477,(206) 338-7958,Diana Williams,,00000000-0000-0000-0000-000000000000,2026-09-03T11:32:30.432859
478,False,,Nancy,K,Rodriguez,,nancy478@fabrikam.com,,AW00000478,(212) 596-9379,Nancy Rodriguez,,00000000-0000-0000-0000-000000000000,2026-09-03T11:32:30.432862
479,False,Dr.,George,,Jones,,george479@contoso.com,,AW00000479,(425) 743-3205,George Jones,,00000000-0000-0000-0000-000000000000,2026-09-03T11:32:30.432865
480,False,Mr.,John,N,Brown,,john480@adventure-works.com,,AW00000480,(212) 719-6356,John Brown,,00000000-0000-0000-0000-000000000000,2026-09-03T11:32:30.432869
481,False,,Charlie,B,Martinez,,charlie481@fabrikam.com,,AW00000481,(212) 911-8635,Charlie Martinez,,00000000-0000-0000-0000-000000000000,2026-09-03T11:32:30.432872
482,False,Dr.,Edward,,Martinez,,edward482@contoso.com,,AW00000482,(206) 882-1517,Edward Martinez,,00000000-0000-0000-0000-000000000000,2026-09-03T11:32:30.432875
483,False,Dr.,Laura,,Brown,,laura483@contoso.com,,AW00000483,(212) 136-1538,Laura Brown,,00000000-0000-0000-0000-000000000000,2026-09-03T11:32:30.432879
484,False,Ms.,Diana,,Martinez,,diana484@fabrikam.com,,AW00000484,(212) 599-2792,Diana Martinez,,00000000-0000-0000-0000-000000000000,2026-09-03T11:32:30.432882
485,False,,Quinn,Q,Taylor,,quinn485@fabrikam.com,,AW00000485,(425) 618-1913,Quinn Taylor,,00000000-0000-0000-0000-000000000000,2026-09-03T11:32:30.432886
486,False,Dr.,Kevin,K,Rodriguez,,kevin486@contoso.com,,AW00000486,(312) 428-2006,Kevin Rodriguez,,00000000-0000-0000-0000-000000000000,2026-09-03T11:32:30.432890
487,False,Ms.,John,J,Johnson,,john487@fabrikam.com,,AW00000487,(206) 883-6591,John Johnson,,00000000-0000-0000-0000-000000000000,2026-09-03T11:32:30.432893
488,False,Dr.,Kevin,,Brown,,kevin488@contoso.com,,AW00000488,(206) 777-5001,Kevin Brown,,00000000-0000-0000-0000-000000000000,2026-09-03T11:32:30.432896
489,False,Mrs.,Fiona,B,Davis,,fiona489@adventure-works.com,,AW00000489,(312) 273-1322,Fiona Davis,,00000000-0000-0000-0000-000000000000,2026-09-03T11:32:30.432899
490,False,Mr.,Patricia,,Hernandez,,patricia490@fabrikam.com,,AW00000490,(212) 373-1334,Patricia Hernandez,,00000000-0000-0000-0000-000000000000,2026-09-03T11:32:30.432902
491,False,Mrs.,Nancy,,Smith,,nancy491@fabrikam.com,,AW00000491,(206) 927-9001,Nancy Smith,,00000000-0000-0000-0000-000000000000,2026-09-03T11:32:30.432905
492,False,Mrs.,Alice,,Miller,,alice492@fabrikam.com,,AW00000492,(312) 270-5907,Alice Miller,,00000000-0000-0000-0000-000000000000,2026-09-03T11:32:30.432908
493,False,Ms.,Julia,,Anderson,,julia493@adventure-works.com,,AW00000493,(425) 394-5344,Julia Anderson,,00000000-0000-0000-0000-000000000000,2026-09-03T11:32:30.432912
494,False,,Jane,,Martinez,,jane494@fabrikam.com,,AW00000494,(206) 834-2552,Jane Martinez,,00000000-0000-0000-0000-000000000000,2026-09-03T11:32:30.432915
495,False,Mrs.,Quinn,,Hernandez,,quinn495@contoso.com,,AW00000495,(212) 314-6690,Quinn Hernandez,,00000000-0000-0000-0000-000000000000,2026-09-03T11:32:30.432917
496,False,,Bob,L,Martinez,,bob496@contoso.com,,AW00000496,(425) 524-7591,Bob Martinez,,00000000-0000-0000-0000-000000000000,2026-09-03T11:32:30.432921
497,False,,George,,Thomas,,george497@fabrikam.com,,AW00000497,(425) 690-9178,George Thomas,,00000000-0000-0000-0000-000000000000,2026-09-03T11:32:30.432928
498,False,Mrs.,Edward,P,Thomas,,edward498@contoso.com,,AW00000498,(206) 634-4287,Edward Thomas,,00000000-0000-0000-0000-000000000000,2026-09-03T11:32:30.432932
499,False,Ms.,Julia,,Thomas,,julia499@contoso.com,,AW00000499,(212) 520-6220,Julia Thomas,,00000000-0000-0000-0000-000000000000,2026-09-03T11:32:30.432936
500,False,Dr.,Bob,,Miller,,bob500@adventure-works.com,,AW00000500,(312) 803-4868,Bob Miller,,00000000-0000-0000-0000-000000000000,2026-09-03T11:32:30.432939
501,False,Mr.,Kevin,,Davis,,kevin501@contoso.com,,AW00000501,(212) 597-8145,Kevin Davis,,00000000-0000-0000-0000-000000000000,2026-09-03T11:32:30.432942
502,False,Ms.,Laura,,Johnson,,laura502@contoso.com,,AW00000502,(312) 774-3883,Laura Johnson,,00000000-0000-0000-0000-000000000000,2026-09-03T11:32:30.432945
503,False,Mr.,Jane,,Taylor,,jane503@contoso.com,,AW00000503,(312) 987-2041,Jane Taylor,,00000000-0000-0000-0000-000000000000,2026-09-03T11:32:30.432948
504,False,Mr.,Laura,,Lopez,,laura504@adventure-works.com,,AW00000504,(425) 214-9196,Laura Lopez,,00000000-0000-0000-0000-000000000000,2026-09-03T11:32:30.432951
505,False,Dr.,Alice,F,Rodriguez,,alice505@contoso.com,,AW00000505,(312) 952-7388,Alice Rodriguez,,00000000-0000-0000-0000-000000000000,2026-09-03T11:32:30.432955
506,False,Ms.,Fiona,,Anderson,,fiona506@contoso.com,,AW00000506,(212) 518-5166,Fiona Anderson,,00000000-0000-0000-0000-000000000000,2026-09-03T11:32:30.432958
507,False,Dr.,Quinn,A,Johnson,,quinn507@contoso.com,,AW00000507,(212) 799-5036,Quinn Johnson,,00000000-0000-0000-0000-000000000000,2026-09-03T11:32:30.432961
508,False,Mrs.,George,,Jones,,george508@contoso.com,,AW00000508,(206) 760-1570,George Jones,,00000000-0000-0000-0000-000000000000,2026-09-03T11:32:30.432965
509,False,Mrs.,Jane,H,Davis,,jane509@fabrikam.com,,AW00000509,(312) 931-2999,Jane Davis,,00000000-0000-0000-0000-000000000000,2026-09-03T11:32:30.432968
510,False,Dr.,Patricia,,Davis,Sr.,patricia510@contoso.com,,AW00000510,(312) 192-4857,Patricia Davis,,00000000-0000-0000-0000-000000000000,2026-09-03T11:32:30.432971
511,False,Ms.,Helen,I,Miller,,helen511@fabrikam.com,,AW00000511,(212) 908-1555,Helen Miller,,00000000-0000-0000-0000-000000000000,2026-09-03T11:32:30.432975
512,False,Dr.,George,,Williams,,george512@contoso.com,,AW00000512,(212) 997-2644,George Williams,,00000000-0000-0000-0000-000000000000,2026-09-03T11:32:30.432979
513,False,,Diana,,Rodriguez,,diana513@fabrikam.com,,AW00000513,(312) 564-1448,Diana Rodriguez,,00000000-0000-0000-0000-000000000000,2026-09-03T11:32:30.432982
514,False,Dr.,Jane,C,Garcia,,jane514@adventure-works.com,,AW00000514,(312) 421-2347,Jane Garcia,,00000000-0000-0000-0000-000000000000,2026-09-03T11:32:30.432985
515,False,Ms.,Alice,C,Garcia,,alice515@fabrikam.com,,AW00000515,(212) 911-6233,Alice Garcia,,00000000-0000-0000-0000-000000000000,2026-09-03T11:32:30.432989
516,False,Ms.,Michael,,Taylor,,michael516@contoso.com,,AW00000516,(312) 303-2382,Michael Taylor,,00000000-0000-0000-0000-000000000000,2026-09-03T11:32:30.432992
517,False,Ms.,Laura,,Lopez,,laura517@fabrikam.com,,AW00000517,(425) 121-1376,Laura Lopez,,00000000-0000-0000-0000-000000000000,2026-09-03T11:32:30.432995
518,False,Mr.,Patricia,E,Davis,,patricia518@adventure-works.com,,AW00000518,(206) 510-8027,Patricia Davis,,00000000-0000-0000-0000-000000000000,2026-09-03T11:32:30.432999
519,False,Ms.,Rachel,,Rodriguez,,rachel519@fabrikam.com,,AW00000519,(206) 114-9615,Rachel Rodriguez,,00000000-0000-0000-0000-000000000000,2026-09-03T11:32:30.433002
520,False,Dr.,Laura,,Thomas,,laura520@adventure-works.com,,AW00000520,(312) 394-9096,Laura Thomas,,00000000-0000-0000-0000-000000000000,2026-09-03T11:32:30.433005
521,False,Dr.,Kevin,R,Jones,,kevin521@contoso.com,,AW00000521,(425) 528-3955,Kevin Jones,,00000000-0000-0000-0000-000000000000,2026-09-03T11:32:30.433008
522,False,Mr.,Laura,,Jones,,laura522@fabrikam.com,,AW00000522,(212) 354-7056,Laura Jones,,00000000-0000-0000-0000-000000000000,2026-09-03T11:32:30.433012
523,False,Mr.,Quinn,,Thomas,,quinn523@contoso.com,,AW00000523,(212) 803-4476,Quinn Thomas,,00000000-0000-0000-0000-000000000000,2026-09-03T11:32:30.433014
524,False,,Kevin,,Anderson,,kevin524@adventure-works.com,,AW00000524,(206) 440-4847,Kevin Anderson,,00000000-0000-0000-0000-000000000000,2026-09-03T11:32:30.433017
525,False,,Nancy,R,Lopez,,nancy525@adventure-works.com,,AW00000525,(206) 359-9266,Nancy Lopez,,00000000-0000-0000-0000-000000000000,2026-09-03T11:32:30.433021
526,False,Mrs.,Rachel,J,Wilson,,rachel526@fabrikam.com,,AW00000526,(206) 694-3938,Rachel Wilson,,00000000-0000-0000-0000-000000000000,2026-09-03T11:32:30.433025
527,False,,George,,Garcia,,george527@contoso.com,,AW00000527,(425) 191-6198,George Garcia,,00000000-0000-0000-0000-000000000000,2026-09-03T11:32:30.433028
528,False,Ms.,Oscar,,Anderson,,oscar528@adventure-works.com,,AW00000528,(212) 992-5603,Oscar Anderson,,00000000-0000-0000-0000-000000000000,2026-09-03T11:32:30.433031
529,False,Mrs.,Julia,G,Anderson,,julia529@contoso.com,,AW00000529,(312) 546-3703,Julia Anderson,,00000000-0000-0000-0000-000000000000,2026-09-03T11:32:30.433035
530,False,Ms.,Ivan,M,Taylor,,ivan530@adventure-works.com,,AW00000530,(206) 335-4000,Ivan Taylor,,00000000-0000-0000-0000-000000000000,2026-09-03T11:32:30.433038
531,False,Mrs.,Jane,,Taylor,,jane531@adventure-works.com,,AW00000531,(212) 141-8233,Jane Taylor,,00000000-0000-0000-0000-000000000000,2026-09-03T11:32:30.433041
532,False,Dr.,Julia,,Taylor,,julia532@adventure-works.com,,AW00000532,(206) 457-2533,Julia Taylor,,00000000-0000-0000-0000-000000000000,2026-09-03T11:32:30.433044
533,False,Ms.,Edward,O,Martinez,,edward533@fabrikam.com,,AW00000533,(425) 697-1067,Edward Martinez,,00000000-0000-0000-0000-000000000000,2026-09-03T11:32:30.433047
534,False,Dr.,Oscar,F,Garcia,,oscar534@fabrikam.com,,AW00000534,(206) 436-1425,Oscar Garcia,,00000000-0000-0000-0000-000000000000,2026-09-03T11:32:30.433051
535,False,Dr.,Helen,,Brown,Jr.,helen535@contoso.com,,AW00000535,(425) 129-2328,Helen Brown,,00000000-0000-0000-0000-000000000000,2026-09-03T11:32:30.433054
536,False,Dr.,Michael,G,Taylor,,michael536@adventure-works.com,,AW00000536,(312) 144-8423,Michael Taylor,,00000000-0000-0000-0000-000000000000,2026-09-03T11:32:30.433058
537,False,Ms.,Ivan,H,Jones,,ivan537@adventure-works.com,,AW00000537,(206) 660-7248,Ivan Jones,,00000000-0000-0000-0000-000000000000,2026-09-03T11:32:30.433062
538,False,Mrs.,Bob,,Wilson,Sr.,bob538@adventure-works.com,,AW00000538,(206) 972-4411,Bob Wilson,,00000000-0000-0000-0000-000000000000,2026-09-03T11:32:30.433065
539,False,Dr.,Diana,,Wilson,,diana539@fabrikam.com,,AW00000539,(425) 223-5891,Diana Wilson,,00000000-0000-0000-0000-000000000000,2026-09-03T11:32:30.433068
540,False,Mrs.,Nancy,R,Anderson,,nancy540@fabrikam.com,,AW00000540,(206) 952-7020,Nancy Anderson,,00000000-0000-0000-0000-000000000000,2026-09-03T11:32:30.433072
541,False,Dr.,Oscar,,Miller,,oscar541@contoso.com,,AW00000541,(212) 192-7922,Oscar Miller,,00000000-0000-0000-0000-000000000000,2026-09-03T11:32:30.433075
542,False,Dr.,Julia,B,Garcia,,julia542@contoso.com,,AW00000542,(212) 792-4673,Julia Garcia,,00000000-0000-0000-0000-000000000000,2026-09-03T11:32:30.433079
543,False,,Charlie,O,Taylor,,charlie543@contoso.com,,AW00000543,(212) 181-8825,Charlie Taylor,,00000000-0000-0000-0000-000000000000,2026-09-03T11:32:30.433082
544,False,Ms.,Helen,H,Jones,,helen544@fabrikam.com,,AW00000544,(212) 402-1781,Helen Jones,,00000000-0000-0000-0000-000000000000,2026-09-03T11:32:30.433085
545,False,Mr.,Patricia,O,Williams,,patricia545@adventure-works.com,,AW00000545,(212) 776-5151,Patricia Williams,,00000000-0000-0000-0000-000000000000,2026-09-03T11:32:30.433089
546,False,,Julia,,Rodriguez,,julia546@adventure-works.com,,AW00000546,(212) 283-3985,Julia Rodriguez,,00000000-0000-0000-0000-000000000000,2026-09-03T11:32:30.433092
547,False,Mr.,Kevin,,Johnson,,kevin547@contoso.com,,AW00000547,(212) 875-8371,Kevin Johnson,,00000000-0000-0000-0000-000000000000,2026-09-03T11:32:30.433095
548,False,Mrs.,Rachel,D,Rodriguez,,rachel548@adventure-works.com,,AW00000548,(312) 992-2742,Rachel Rodriguez,,00000000-0000-0000-0000-000000000000,2026-09-03T11:32:30.433100
549,False,Mr.,Laura,,Smith,,laura549@fabrikam.com,,AW00000549,(212) 571-7637,Laura Smith,,00000000-0000-0000-0000-000000000000,2026-09-03T11:32:30.433103
550,False,Mrs.,Rachel,R,Taylor,,rachel550@fabrikam.com,,AW00000550,(212) 923-5958,Rachel Taylor,,00000000-0000-0000-0000-000000000000,2026-09-03T11:32:30.433106
551,False,Ms.,Bob,,Jones,,bob551@adventure-works.com,,AW00000551,(425) 979-1439,Bob Jones,,00000000-0000-0000-0000-000000000000,2026-09-03T11:32:30.433109
552,False,Ms.,Edward,L,Taylor,,edward552@fabrikam.com,,AW00000552,(425) 188-5930,Edward Taylor,,00000000-0000-0000-0000-000000000000,2026-09-03T11:32:30.433112
553,False,Dr.,Michael,,Jones,,michael553@adventure-works.com,,AW00000553,(212) 596-8724,Michael Jones,,00000000-0000-0000-0000-000000000000,2026-09-03T11:32:30.433116
554,False,,John,,Thomas,,john554@contoso.com,,AW00000554,(206) 441-1129,John Thomas,,00000000-0000-0000-0000-000000000000,2026-09-03T11:32:30.433120
555,False,Dr.,Alice,Q,Anderson,,alice555@fabrikam.com,,AW00000555,(312) 137-8987,Alice Anderson,,00000000-0000-0000-0000-000000000000,2026-09-03T11:32:30.433123
556,False,,Kevin,R,Taylor,Sr.,kevin556@adventure-works.com,,AW00000556,(206) 640-1311,Kevin Taylor,,00000000-0000-0000-0000-000000000000,2026-09-03T11:32:30.433126
557,False,,Laura,,Hernandez,,laura557@contoso.com,,AW00000557,(212) 219-9106,Laura Hernandez,,00000000-0000-0000-0000-000000000000,2026-09-03T11:32:30.433130
558,False,Dr.,Rachel,J,Lopez,,rachel558@fabrikam.com,,AW00000558,(425) 580-6633,Rachel Lopez,,00000000-0000-0000-0000-000000000000,2026-09-03T11:32:30.433133
559,False,,Michael,,Davis,Sr.,michael559@fabrikam.com,,AW00000559,(212) 234-5806,Michael Davis,,00000000-0000-0000-0000-000000000000,2026-09-03T11:32:30.433136
560,False,Mrs.,Kevin,D,Anderson,,kevin560@contoso.com,,AW00000560,(206) 783-8911,Kevin Anderson,,00000000-0000-0000-0000-000000000000,2026-09-03T11:32:30.433141
561,False,Ms.,Charlie,,Garcia,,charlie561@contoso.com,,AW00000561,(212) 410-4845,Charlie Garcia,,00000000-0000-0000-0000-000000000000,2026-09-03T11:32:30.433144
562,False,Mr.,Edward,,Johnson,,edward562@fabrikam.com,,AW00000562,(425) 278-9248,Edward Johnson,,00000000-0000-0000-0000-000000000000,2026-09-03T11:32:30.433147
563,False,Mrs.,Jane,,Williams,,jane563@adventure-works.com,,AW00000563,(425) 598-5224,Jane Williams,,00000000-0000-0000-0000-000000000000,2026-09-03T11:32:30.433150
564,False,Mr.,Ivan,P,Lopez,,ivan564@adventure-works.com,,AW00000564,(206) 823-1826,Ivan Lopez,,00000000-0000-0000-0000-000000000000,2026-09-03T11:32:30.433153
565,False,Mr.,Michael,R,Thomas,,michael565@adventure-works.com,,AW00000565,(206) 619-2727,Michael Thomas,,00000000-0000-0000-0000-000000000000,2026-09-03T11:32:30.433157
566,False,Ms.,Diana,D,Brown,,diana566@fabrikam.com,,AW00000566,(212) 880-9288,Diana Brown,,00000000-0000-0000-0000-000000000000,2026-09-03T11:32:30.433160
567,False,Ms.,Nancy,I,Brown,,nancy567@adventure-works.com,,AW00000567,(425) 549-7811,Nancy Brown,,00000000-0000-0000-0000-000000000000,2026-09-03T11:32:30.433164
568,False,Dr.,John,,Davis,,john568@adventure-works.com,,AW00000568,(312) 481-7799,John Davis,,00000000-0000-0000-0000-000000000000,2026-09-03T11:32:30.433167
569,False,Ms.,Julia,O,Davis,,julia569@adventure-works.com,,AW00000569,(425) 921-8025,Julia Davis,,00000000-0000-0000-0000-000000000000,2026-09-03T11:32:30.433171
570,False,Dr.,Laura,O,Anderson,,laura570@contoso.com,,AW00000570,(206) 553-3385,Laura Anderson,,00000000-0000-0000-0000-000000000000,2026-09-03T11:32:30.433174
571,False,Mr.,John,,Williams,,john571@adventure-works.com,,AW00000571,(212) 162-7443,John Williams,,00000000-0000-0000-0000-000000000000,2026-09-03T11:32:30.433178
572,False,,Jane,,Jones,,jane572@fabrikam.com,,AW00000572,(312) 529-7586,Jane Jones,,00000000-0000-0000-0000-000000000000,2026-09-03T11:32:30.433181
573,False,Mrs.,Patricia,J,Martinez,,patricia573@fabrikam.com,,AW00000573,(425) 817-7618,Patricia Martinez,,00000000-0000-0000-0000-000000000000,2026-09-03T11:32:30.433186
574,False,,Michael,R,Miller,,michael574@fabrikam.com,,AW00000574,(312) 931-7627,Michael Miller,,00000000-0000-0000-0000-000000000000,2026-09-03T11:32:30.433189
575,False,Mr.,Edward,,Martinez,,edward575@fabrikam.com,,AW00000575,(425) 632-9860,Edward Martinez,,00000000-0000-0000-0000-000000000000,2026-09-03T11:32:30.433192
576,False,Mr.,Helen,H,Miller,,helen576@fabrikam.com,,AW00000576,(425) 123-1456,Helen Miller,,00000000-0000-0000-0000-000000000000,2026-09-03T11:32:30.433195
577,False,Ms.,Patricia,H,Rodriguez,,patricia577@fabrikam.com,,AW00000577,(206) 849-1982,Patricia Rodriguez,,00000000-0000-0000-0000-000000000000,2026-09-03T11:32:30.433198
578,False,,Julia,,Rodriguez,,julia578@fabrikam.com,,AW00000578,(206) 559-5881,Julia Rodriguez,,00000000-0000-0000-0000-000000000000,2026-09-03T11:32:30.433201
579,False,Dr.,Quinn,,Smith,,quinn579@fabrikam.com,,AW00000579,(425) 458-5902,Quinn Smith,,00000000-0000-0000-0000-000000000000,2026-09-03T11:32:30.433206
580,False,Dr.,Helen,F,Jones,,helen580@fabrikam.com,,AW00000580,(425) 942-6919,Helen Jones,,00000000-0000-0000-0000-000000000000,2026-09-03T11:32:30.433209
581,False,Ms.,Michael,L,Brown,,michael581@adventure-works.com,,AW00000581,(212) 233-8802,Michael Brown,,00000000-0000-0000-0000-000000000000,2026-09-03T11:32:30.433213
582,False,Mr.,Edward,,Thomas,,edward582@fabrikam.com,,AW00000582,(212) 992-5320,Edward Thomas,,00000000-0000-0000-0000-000000000000,2026-09-03T11:32:30.433216
583,False,Dr.,Quinn,N,Taylor,,quinn583@contoso.com,,AW00000583,(425) 247-9286,Quinn Taylor,,00000000-0000-0000-0000-000000000000,2026-09-03T11:32:30.433219
584,False,Dr.,Charlie,,Taylor,,charlie584@fabrikam.com,,AW00000584,(206) 811-4483,Charlie Taylor,,00000000-0000-0000-0000-000000000000,2026-09-03T11:32:30.433222
585,False,Mr.,Michael,P,Taylor,,michael585@adventure-works.com,,AW00000585,(212) 212-2980,Michael Taylor,,00000000-0000-0000-0000-000000000000,2026-09-03T11:32:30.433225
586,False,Mr.,Julia,A,Martinez,,julia586@contoso.com,,AW00000586,(312) 401-8961,Julia Martinez,,00000000-0000-0000-0000-000000000000,2026-09-03T11:32:30.433229
587,False,Ms.,John,L,Jones,,john587@contoso.com,,AW00000587,(312) 320-3999,John Jones,,00000000-0000-0000-0000-000000000000,2026-09-03T11:32:30.433232
588,False,Mr.,Nancy,B,Smith,,nancy588@contoso.com,,AW00000588,(212) 686-6074,Nancy Smith,,00000000-0000-0000-0000-000000000000,2026-09-03T11:32:30.433235
589,False,Mrs.,Quinn,N,Thomas,,quinn589@fabrikam.com,,AW00000589,(425) 880-3269,Quinn Thomas,,00000000-0000-0000-0000-000000000000,2026-09-03T11:32:30.433238
590,False,Dr.,Oscar,C,Thomas,,oscar590@contoso.com,,AW00000590,(206) 919-7711,Oscar Thomas,,00000000-0000-0000-0000-000000000000,2026-09-03T11:32:30.433241
591,False,Dr.,Kevin,,Davis,,kevin591@fabrikam.com,,AW00000591,(212) 853-5544,Kevin Davis,,00000000-0000-0000-0000-000000000000,2026-09-03T11:32:30.433244
592,False,Mr.,Bob,H,Garcia,,bob592@adventure-works.com,,AW00000592,(206) 297-9877,Bob Garcia,,00000000-0000-0000-0000-000000000000,2026-09-03T11:32:30.433248
593,False,,Quinn,N,Johnson,,quinn593@adventure-works.com,,AW00000593,(206) 774-9713,Quinn Johnson,,00000000-0000-0000-0000-000000000000,2026-09-03T11:32:30.433251
594,False,Mrs.,Diana,F,Smith,,diana594@fabrikam.com,,AW00000594,(212) 186-9741,Diana Smith,,00000000-0000-0000-0000-000000000000,2026-09-03T11:32:30.433254
595,False,Dr.,Rachel,N,Hernandez,,rachel595@adventure-works.com,,AW00000595,(312) 547-3957,Rachel Hernandez,,00000000-0000-0000-0000-000000000000,2026-09-03T11:32:30.433258
596,False,,Laura,,Smith,,laura596@adventure-works.com,,AW00000596,(206) 654-3755,Laura Smith,,00000000-0000-0000-0000-000000000000,2026-09-03T11:32:30.433261
597,False,Ms.,Helen,,Jones,,helen597@contoso.com,,AW00000597,(212) 794-3772,Helen Jones,,00000000-0000-0000-0000-000000000000,2026-09-03T11:32:30.433264
598,False,Ms.,Jane,,Hernandez,,jane598@contoso.com,,AW00000598,(206) 427-3334,Jane Hernandez,,00000000-0000-0000-0000-000000000000,2026-09-03T11:32:30.433277
599,False,Mrs.,Laura,,Hernandez,,laura599@adventure-works.com,,AW00000599,(206) 307-4925,Laura Hernandez,,00000000-0000-0000-0000-000000000000,2026-09-03T11:32:30.433281
600,False,Dr.,Rachel,O,Davis,,rachel600@adventure-works.com,,AW00000600,(312) 162-6215,Rachel Davis,,00000000-0000-0000-0000-000000000000,2026-09-03T11:32:30.433284
601,False,Mr.,Michael,,Anderson,,michael601@adventure-works.com,,AW00000601,(206) 375-2663,Michael Anderson,,00000000-0000-0000-0000-000000000000,2026-09-03T11:32:30.433288
602,False,Mrs.,Fiona,M,Jones,,fiona602@fabrikam.com,,AW00000602,(425) 901-3332,Fiona Jones,,00000000-0000-0000-0000-000000000000,2026-09-03T11:32:30.433291
603,False,Ms.,Julia,L,Garcia,Sr.,julia603@adventure-works.com,,AW00000603,(206) 932-8612,Julia Garcia,,00000000-0000-0000-0000-000000000000,2026-09-03T11:32:30.433295
604,False,Ms.,Rachel,,Martinez,Sr.,rachel604@contoso.com,,AW00000604,(312) 959-7228,Rachel Martinez,,00000000-0000-0000-0000-000000000000,2026-09-03T11:32:30.433298
605,False,,Julia,H,Miller,,julia605@fabrikam.com,,AW00000605,(206) 407-2469,Julia Miller,,00000000-0000-0000-0000-000000000000,2026-09-03T11:32:30.433302
606,False,Ms.,Kevin,G,Brown,,kevin606@adventure-works.com,,AW00000606,(312) 798-6613,Kevin Brown,,00000000-0000-0000-0000-000000000000,2026-09-03T11:32:30.433305
607,False,Mrs.,George,,Thomas,Sr.,george607@adventure-works.com,,AW00000607,(212) 713-6381,George Thomas,,00000000-0000-0000-0000-000000000000,2026-09-03T11:32:30.433309
608,False,Mr.,John,J,Jones,Jr.,john608@contoso.com,,AW00000608,(212) 880-7435,John Jones,,00000000-0000-0000-0000-000000000000,2026-09-03T11:32:30.433313
609,False,Mr.,Patricia,M,Williams,,patricia609@contoso.com,,AW00000609,(212) 947-6864,Patricia Williams,,00000000-0000-0000-0000-000000000000,2026-09-03T11:32:30.433318
610,False,Mr.,Kevin,,Garcia,,kevin610@adventure-works.com,,AW00000610,(212) 109-4629,Kevin Garcia,,00000000-0000-0000-0000-000000000000,2026-09-03T11:32:30.433322
611,False,Mrs.,John,,Rodriguez,,john611@fabrikam.com,,AW00000611,(312) 927-4623,John Rodriguez,,00000000-0000-0000-0000-000000000000,2026-09-03T11:32:30.433325
612,False,Mrs.,Fiona,,Taylor,,fiona612@fabrikam.com,,AW00000612,(425) 107-4212,Fiona Taylor,,00000000-0000-0000-0000-000000000000,2026-09-03T11:32:30.433328
613,False,Mrs.,Kevin,N,Brown,,kevin613@adventure-works.com,,AW00000613,(425) 166-3101,Kevin Brown,,00000000-0000-0000-0000-000000000000,2026-09-03T11:32:30.433332
614,False,Mrs.,Bob,F,Jones,,bob614@fabrikam.com,,AW00000614,(312) 296-1378,Bob Jones,,00000000-0000-0000-0000-000000000000,2026-09-03T11:32:30.433335
615,False,,Patricia,J,Rodriguez,Jr.,patricia615@contoso.com,,AW00000615,(212) 964-7666,Patricia Rodriguez,,00000000-0000-0000-0000-000000000000,2026-09-03T11:32:30.433339
616,False,,George,,Brown,,george616@adventure-works.com,,AW00000616,(425) 148-5553,George Brown,,00000000-0000-0000-0000-000000000000,2026-09-03T11:32:30.433342
617,False,Mrs.,Laura,,Thomas,,laura617@adventure-works.com,,AW00000617,(206) 855-4696,Laura Thomas,,00000000-0000-0000-0000-000000000000,2026-09-03T11:32:30.433345
618,False,Ms.,Laura,,Williams,,laura618@adventure-works.com,,AW00000618,(206) 128-8863,Laura Williams,,00000000-0000-0000-0000-000000000000,2026-09-03T11:32:30.433350
619,False,,Laura,I,Smith,,laura619@adventure-works.com,,AW00000619,(206) 584-4905,Laura Smith,,00000000-0000-0000-0000-000000000000,2026-09-03T11:32:30.433353
620,False,Mrs.,Ivan,F,Johnson,Sr.,ivan620@adventure-works.com,,AW00000620,(212) 692-3045,Ivan Johnson,,00000000-0000-0000-0000-000000000000,2026-09-03T11:32:30.433356
621,False,Mr.,Bob,,Johnson,,bob621@fabrikam.com,,AW00000621,(206) 901-3089,Bob Johnson,,00000000-0000-0000-0000-000000000000,2026-09-03T11:32:30.433359
622,False,Mr.,Jane,,Thomas,,jane622@adventure-works.com,,AW00000622,(206) 793-1914,Jane Thomas,,00000000-0000-0000-0000-000000000000,2026-09-03T11:32:30.433362
623,False,Mrs.,Patricia,K,Johnson,,patricia623@contoso.com,,AW00000623,(425) 985-1173,Patricia Johnson,,00000000-0000-0000-0000-000000000000,2026-09-03T11:32:30.433367
624,False,Dr.,Michael,R,Wilson,,michael624@contoso.com,,AW00000624,(206) 564-9474,Michael Wilson,,00000000-0000-0000-0000-000000000000,2026-09-03T11:32:30.433370
625,False,Mr.,Ivan,,Miller,,ivan625@adventure-works.com,,AW00000625,(425) 686-3064,Ivan Miller,,00000000-0000-0000-0000-000000000000,2026-09-03T11:32:30.433373
626,False,Mrs.,Oscar,,Rodriguez,,oscar626@contoso.com,,AW00000626,(425) 348-3255,Oscar Rodriguez,,00000000-0000-0000-0000-000000000000,2026-09-03T11:32:30.433376
627,False,Ms.,Jane,,Johnson,,jane627@fabrikam.com,,AW00000627,(312) 418-9866,Jane Johnson,,00000000-0000-0000-0000-000000000000,2026-09-03T11:32:30.433379
628,False,Dr.,Charlie,,Jones,,charlie628@contoso.com,,AW00000628,(206) 630-3369,Charlie Jones,,00000000-0000-0000-0000-000000000000,2026-09-03T11:32:30.433382
629,False,,Jane,P,Davis,,jane629@contoso.com,,AW00000629,(312) 300-4282,Jane Davis,,00000000-0000-0000-0000-000000000000,2026-09-03T11:32:30.433385
630,False,Mrs.,Edward,,Williams,,edward630@fabrikam.com,,AW00000630,(212) 714-6425,Edward Williams,,00000000-0000-0000-0000-000000000000,2026-09-03T11:32:30.433388
631,False,,Quinn,,Hernandez,,quinn631@adventure-works.com,,AW00000631,(212) 997-1691,Quinn Hernandez,,00000000-0000-0000-0000-000000000000,2026-09-03T11:32:30.433391
632,False,Mr.,Nancy,F,Davis,,nancy632@adventure-works.com,,AW00000632,(425) 592-6431,Nancy Davis,,00000000-0000-0000-0000-000000000000,2026-09-03T11:32:30.433395
633,False,Dr.,Kevin,,Miller,Sr.,kevin633@adventure-works.com,,AW00000633,(206) 466-1491,Kevin Miller,,00000000-0000-0000-0000-000000000000,2026-09-03T11:32:30.433398
634,False,Ms.,Patricia,,Brown,,patricia634@fabrikam.com,,AW00000634,(312) 144-1486,Patricia Brown,,00000000-0000-0000-0000-000000000000,2026-09-03T11:32:30.433401
635,False,Mrs.,Edward,,Miller,,edward635@fabrikam.com,,AW00000635,(425) 447-5029,Edward Miller,,00000000-0000-0000-0000-000000000000,2026-09-03T11:32:30.433404
636,False,Mr.,Diana,,Miller,,diana636@adventure-works.com,,AW00000636,(206) 951-3248,Diana Miller,,00000000-0000-0000-0000-000000000000,2026-09-03T11:32:30.433407
637,False,Mrs.,Kevin,H,Brown,,kevin637@contoso.com,,AW00000637,(312) 776-3807,Kevin Brown,,00000000-0000-0000-0000-000000000000,2026-09-03T11:32:30.433411
638,False,Mr.,Oscar,,Anderson,,oscar638@adventure-works.com,,AW00000638,(425) 296-9725,Oscar Anderson,,00000000-0000-0000-0000-000000000000,2026-09-03T11:32:30.433415
639,False,Mrs.,Kevin,F,Lopez,Jr.,kevin639@fabrikam.com,,AW00000639,(312) 908-3434,Kevin Lopez,,00000000-0000-0000-0000-000000000000,2026-09-03T11:32:30.433418
640,False,Mr.,Ivan,G,Davis,,ivan640@fabrikam.com,,AW00000640,(212) 314-2333,Ivan Davis,,00000000-0000-0000-0000-000000000000,2026-09-03T11:32:30.433422
641,False,Ms.,Nancy,O,Williams,,nancy641@fabrikam.com,,AW00000641,(212) 283-6272,Nancy Williams,,00000000-0000-0000-0000-000000000000,2026-09-03T11:32:30.433425
642,False,Dr.,Julia,,Taylor,,julia642@fabrikam.com,,AW00000642,(206) 312-4596,Julia Taylor,,00000000-0000-0000-0000-000000000000,2026-09-03T11:32:30.433429
643,False,Ms.,Edward,,Thomas,,edward643@contoso.com,,AW00000643,(425) 962-7129,Edward Thomas,,00000000-0000-0000-0000-000000000000,2026-09-03T11:32:30.433433
644,False,Ms.,George,H,Williams,,george644@contoso.com,,AW00000644,(425) 697-1674,George Williams,,00000000-0000-0000-0000-000000000000,2026-09-03T11:32:30.433444
645,False,Dr.,Michael,,Hernandez,,michael645@contoso.com,,AW00000645,(212) 424-5473,Michael Hernandez,,00000000-0000-0000-0000-000000000000,2026-09-03T11:32:30.433450
646,False,Ms.,Kevin,,Smith,,kevin646@adventure-works.com,,AW00000646,(312) 184-5825,Kevin Smith,,00000000-0000-0000-0000-000000000000,2026-09-03T11:32:30.433453
647,False,Mrs.,Oscar,A,Williams,,oscar647@contoso.com,,AW00000647,(206) 659-4281,Oscar Williams,,00000000-0000-0000-0000-000000000000,2026-09-03T11:32:30.433456
648,False,Mrs.,Ivan,,Miller,,ivan648@fabrikam.com,,AW00000648,(312) 295-3258,Ivan Miller,,00000000-0000-0000-0000-000000000000,2026-09-03T11:32:30.433459
649,False,Mr.,Patricia,H,Rodriguez,,patricia649@contoso.com,,AW00000649,(212) 941-1194,Patricia Rodriguez,,00000000-0000-0000-0000-000000000000,2026-09-03T11:32:30.433463
650,False,Dr.,Nancy,,Jones,,nancy650@adventure-works.com,,AW00000650,(212) 339-9451,Nancy Jones,,00000000-0000-0000-0000-000000000000,2026-09-03T11:32:30.433466
651,False,Dr.,Quinn,,Thomas,,quinn651@adventure-works.com,,AW00000651,(212) 888-7843,Quinn Thomas,,00000000-0000-0000-0000-000000000000,2026-09-03T11:32:30.433470
652,False,Dr.,Edward,J,Thomas,,edward652@fabrikam.com,,AW00000652,(425) 412-1158,Edward Thomas,,00000000-0000-0000-0000-000000000000,2026-09-03T11:32:30.433474
653,False,Mrs.,Nancy,,Lopez,,nancy653@contoso.com,,AW00000653,(312) 433-1380,Nancy Lopez,,00000000-0000-0000-0000-000000000000,2026-09-03T11:32:30.433477
654,False,Ms.,Quinn,,Johnson,Sr.,quinn654@fabrikam.com,,AW00000654,(212) 490-4345,Quinn Johnson,,00000000-0000-0000-0000-000000000000,2026-09-03T11:32:30.433480
655,False,,Kevin,,Williams,,kevin655@contoso.com,,AW00000655,(212) 754-5991,Kevin Williams,,00000000-0000-0000-0000-000000000000,2026-09-03T11:32:30.433484
656,False,Mr.,Bob,D,Garcia,,bob656@fabrikam.com,,AW00000656,(212) 127-4058,Bob Garcia,,00000000-0000-0000-0000-000000000000,2026-09-03T11:32:30.433487
657,False,Dr.,Edward,,Williams,,edward657@fabrikam.com,,AW00000657,(206) 565-1941,Edward Williams,,00000000-0000-0000-0000-000000000000,2026-09-03T11:32:30.433490
658,False,Ms.,Julia,,Smith,Sr.,julia658@adventure-works.com,,AW00000658,(206) 232-9789,Julia Smith,,00000000-0000-0000-0000-000000000000,2026-09-03T11:32:30.433493
659,False,Mr.,Laura,,Taylor,Jr.,laura659@adventure-works.com,,AW00000659,(425) 417-8081,Laura Taylor,,00000000-0000-0000-0000-000000000000,2026-09-03T11:32:30.433496
660,False,,Nancy,H,Garcia,,nancy660@fabrikam.com,,AW00000660,(212) 382-4304,Nancy Garcia,,00000000-0000-0000-0000-000000000000,2026-09-03T11:32:30.433499
661,False,Dr.,John,,Jones,,john661@adventure-works.com,,AW00000661,(312) 682-9043,John Jones,,00000000-0000-0000-0000-000000000000,2026-09-03T11:32:30.433502
662,False,,Michael,,Thomas,,michael662@fabrikam.com,,AW00000662,(212) 455-5873,Michael Thomas,,00000000-0000-0000-0000-000000000000,2026-09-03T11:32:30.433506
663,False,Dr.,Kevin,,Garcia,,kevin663@fabrikam.com,,AW00000663,(212) 568-7302,Kevin Garcia,,00000000-0000-0000-0000-000000000000,2026-09-03T11:32:30.433509
664,False,Dr.,Diana,J,Brown,,diana664@adventure-works.com,,AW00000664,(312) 743-9810,Diana Brown,,00000000-0000-0000-0000-000000000000,2026-09-03T11:32:30.433514
665,False,Ms.,Helen,L,Williams,Jr.,helen665@contoso.com,,AW00000665,(206) 873-2723,Helen Williams,,00000000-0000-0000-0000-000000000000,2026-09-03T11:32:30.433518
666,False,Dr.,Oscar,,Hernandez,,oscar666@fabrikam.com,,AW00000666,(206) 573-1437,Oscar Hernandez,,00000000-0000-0000-0000-000000000000,2026-09-03T11:32:30.433521
667,False,Dr.,Bob,,Thomas,,bob667@adventure-works.com,,AW00000667,(212) 138-1175,Bob Thomas,,00000000-0000-0000-0000-000000000000,2026-09-03T11:32:30.433524
668,False,Ms.,George,,Brown,,george668@contoso.com,,AW00000668,(212) 169-2352,George Brown,,00000000-0000-0000-0000-000000000000,2026-09-03T11:32:30.433527
669,False,Dr.,Patricia,,Davis,,patricia669@adventure-works.com,,AW00000669,(425) 958-1295,Patricia Davis,,00000000-0000-0000-0000-000000000000,2026-09-03T11:32:30.433530
670,False,Ms.,Rachel,,Brown,,rachel670@contoso.com,,AW00000670,(425) 179-1183,Rachel Brown,,00000000-0000-0000-0000-000000000000,2026-09-03T11:32:30.433533
671,False,Dr.,George,,Jones,,george671@adventure-works.com,,AW00000671,(425) 552-1782,George Jones,,00000000-0000-0000-0000-000000000000,2026-09-03T11:32:30.433536
672,False,Dr.,Oscar,M,Brown,,oscar672@adventure-works.com,,AW00000672,(206) 890-7183,Oscar Brown,,00000000-0000-0000-0000-000000000000,2026-09-03T11:32:30.433539
673,False,Mrs.,Edward,E,Davis,,edward673@contoso.com,,AW00000673,(206) 114-6523,Edward Davis,,00000000-0000-0000-0000-000000000000,2026-09-03T11:32:30.433543
674,False,Ms.,Edward,A,Williams,,edward674@fabrikam.com,,AW00000674,(425) 841-3736,Edward Williams,,00000000-0000-0000-0000-000000000000,2026-09-03T11:32:30.433547
675,False,,Jane,,Anderson,,jane675@fabrikam.com,,AW00000675,(425) 739-4393,Jane Anderson,,00000000-0000-0000-0000-000000000000,2026-09-03T11:32:30.433550
676,False,Dr.,Patricia,,Wilson,,patricia676@contoso.com,,AW00000676,(312) 277-1245,Patricia Wilson,,00000000-0000-0000-0000-000000000000,2026-09-03T11:32:30.433553
677,False,Mr.,Kevin,,Hernandez,,kevin677@adventure-works.com,,AW00000677,(312) 765-7045,Kevin Hernandez,,00000000-0000-0000-0000-000000000000,2026-09-03T11:32:30.433557
678,False,Ms.,Jane,,Williams,,jane678@contoso.com,,AW00000678,(206) 829-9784,Jane Williams,,00000000-0000-0000-0000-000000000000,2026-09-03T11:32:30.433562
679,False,Mrs.,Quinn,R,Garcia,,quinn679@fabrikam.com,,AW00000679,(212) 794-3177,Quinn Garcia,,00000000-0000-0000-0000-000000000000,2026-09-03T11:32:30.433566
680,False,Mrs.,Ivan,N,Garcia,,ivan680@adventure-works.com,,AW00000680,(212) 491-9372,Ivan Garcia,,00000000-0000-0000-0000-000000000000,2026-09-03T11:32:30.433570
681,False,Ms.,Fiona,,Smith,,fiona681@adventure-works.com,,AW00000681,(312) 342-8020,Fiona Smith,,00000000-0000-0000-0000-000000000000,2026-09-03T11:32:30.433574
682,False,Mr.,Fiona,,Williams,,fiona682@adventure-works.com,,AW00000682,(425) 484-4348,Fiona Williams,,00000000-0000-0000-0000-000000000000,2026-09-03T11:32:30.433577
683,False,,Jane,M,Davis,,jane683@contoso.com,,AW00000683,(425) 384-6202,Jane Davis,,00000000-0000-0000-0000-000000000000,2026-09-03T11:32:30.433580
684,False,Mrs.,Jane,F,Anderson,,jane684@contoso.com,,AW00000684,(312) 348-4372,Jane Anderson,,00000000-0000-0000-0000-000000000000,2026-09-03T11:32:30.433584
685,False,Ms.,Patricia,F,Johnson,,patricia685@contoso.com,,AW00000685,(312) 287-8247,Patricia Johnson,,00000000-0000-0000-0000-000000000000,2026-09-03T11:32:30.433587
686,False,Dr.,John,,Williams,,john686@fabrikam.com,,AW00000686,(425) 309-3057,John Williams,,00000000-0000-0000-0000-000000000000,2026-09-03T11:32:30.433591
687,False,,Bob,E,Garcia,,bob687@adventure-works.com,,AW00000687,(212) 842-8652,Bob Garcia,,00000000-0000-0000-0000-000000000000,2026-09-03T11:32:30.433594
688,False,Ms.,Helen,,Garcia,,helen688@adventure-works.com,,AW00000688,(312) 392-8344,Helen Garcia,,00000000-0000-0000-0000-000000000000,2026-09-03T11:32:30.433597
689,False,Dr.,Edward,,Rodriguez,Sr.,edward689@contoso.com,,AW00000689,(425) 582-8231,Edward Rodriguez,,00000000-0000-0000-0000-000000000000,2026-09-03T11:32:30.433600
690,False,Ms.,Laura,N,Anderson,,laura690@contoso.com,,AW00000690,(212) 974-2363,Laura Anderson,,00000000-0000-0000-0000-000000000000,2026-09-03T11:32:30.433613
691,False,,Helen,G,Jones,,helen691@contoso.com,,AW00000691,(212) 390-7146,Helen Jones,,00000000-0000-0000-0000-000000000000,2026-09-03T11:32:30.433616
692,False,Mr.,Patricia,,Taylor,,patricia692@adventure-works.com,,AW00000692,(425) 294-1068,Patricia Taylor,,00000000-0000-0000-0000-000000000000,2026-09-03T11:32:30.433621
693,False,Dr.,John,,Lopez,,john693@contoso.com,,AW00000693,(312) 493-9020,John Lopez,,00000000-0000-0000-0000-000000000000,2026-09-03T11:32:30.433625
694,False,Dr.,Helen,A,Williams,,helen694@fabrikam.com,,AW00000694,(425) 298-8148,Helen Williams,,00000000-0000-0000-0000-000000000000,2026-09-03T11:32:30.433628
695,False,,George,J,Lopez,,george695@fabrikam.com,,AW00000695,(212) 534-5043,George Lopez,,00000000-0000-0000-0000-000000000000,2026-09-03T11:32:30.433631
696,False,Mr.,Fiona,J,Taylor,,fiona696@fabrikam.com,,AW00000696,(206) 814-3422,Fiona Taylor,,00000000-0000-0000-0000-000000000000,2026-09-03T11:32:30.433634
697,False,Ms.,George,,Thomas,,george697@fabrikam.com,,AW00000697,(425) 112-2912,George Thomas,,00000000-0000-0000-0000-000000000000,2026-09-03T11:32:30.433637
698,False,Dr.,Bob,B,Wilson,,bob698@adventure-works.com,,AW00000698,(212) 269-7993,Bob Wilson,,00000000-0000-0000-0000-000000000000,2026-09-03T11:32:30.433641
699,False,,George,K,Martinez,,george699@fabrikam.com,,AW00000699,(212) 870-2456,George Martinez,,00000000-0000-0000-0000-000000000000,2026-09-03T11:32:30.433644
700,False,Ms.,Alice,,Lopez,,alice700@fabrikam.com,,AW00000700,(212) 815-6047,Alice Lopez,,00000000-0000-0000-0000-000000000000,2026-09-03T11:32:30.433647
701,False,Dr.,John,,Garcia,,john701@fabrikam.com,,AW00000701,(212) 637-7829,John Garcia,,00000000-0000-0000-0000-000000000000,2026-09-03T11:32:30.433650
702,False,Ms.,Helen,,Anderson,,helen702@adventure-works.com,,AW00000702,(425) 598-3981,Helen Anderson,,00000000-0000-0000-0000-000000000000,2026-09-03T11:32:30.433653
703,False,Dr.,Oscar,E,Brown,,oscar703@adventure-works.com,,AW00000703,(425) 928-4143,Oscar Brown,,00000000-0000-0000-0000-000000000000,2026-09-03T11:32:30.433656
704,False,Dr.,George,R,Anderson,,george704@fabrikam.com,,AW00000704,(425) 181-5802,George Anderson,,00000000-0000-0000-0000-000000000000,2026-09-03T11:32:30.433660
705,False,Mr.,Bob,,Wilson,,bob705@fabrikam.com,,AW00000705,(425) 589-8949,Bob Wilson,,00000000-0000-0000-0000-000000000000,2026-09-03T11:32:30.433663
706,False,Mr.,Alice,,Smith,Jr.,alice706@adventure-works.com,,AW00000706,(425) 634-1118,Alice Smith,,00000000-0000-0000-0000-000000000000,2026-09-03T11:32:30.433668
707,False,Dr.,Kevin,,Rodriguez,,kevin707@contoso.com,,AW00000707,(312) 479-6620,Kevin Rodriguez,,00000000-0000-0000-0000-000000000000,2026-09-03T11:32:30.433671
708,False,Mrs.,Ivan,K,Davis,,ivan708@contoso.com,,AW00000708,(312) 925-2641,Ivan Davis,,00000000-0000-0000-0000-000000000000,2026-09-03T11:32:30.433674
709,False,Dr.,John,C,Thomas,,john709@adventure-works.com,,AW00000709,(312) 816-5072,John Thomas,,00000000-0000-0000-0000-000000000000,2026-09-03T11:32:30.433677
710,False,,Julia,N,Thomas,,julia710@fabrikam.com,,AW00000710,(425) 103-6278,Julia Thomas,,00000000-0000-0000-0000-000000000000,2026-09-03T11:32:30.433681
711,False,Mr.,John,I,Lopez,,john711@adventure-works.com,,AW00000711,(212) 509-2333,John Lopez,,00000000-0000-0000-0000-000000000000,2026-09-03T11:32:30.433684
712,False,Dr.,Julia,A,Anderson,,julia712@contoso.com,,AW00000712,(425) 829-3345,Julia Anderson,,00000000-0000-0000-0000-000000000000,2026-09-03T11:32:30.433687
713,False,Ms.,Oscar,,Johnson,,oscar713@fabrikam.com,,AW00000713,(212) 272-8311,Oscar Johnson,,00000000-0000-0000-0000-000000000000,2026-09-03T11:32:30.433691
714,False,,Alice,,Taylor,,alice714@fabrikam.com,,AW00000714,(206) 208-8125,Alice Taylor,,00000000-0000-0000-0000-000000000000,2026-09-03T11:32:30.433694
715,False,Mrs.,John,G,Garcia,,john715@contoso.com,,AW00000715,(212) 786-3016,John Garcia,,00000000-0000-0000-0000-000000000000,2026-09-03T11:32:30.433699
716,False,Mr.,Charlie,I,Taylor,,charlie716@fabrikam.com,,AW00000716,(206) 759-6623,Charlie Taylor,,00000000-0000-0000-0000-000000000000,2026-09-03T11:32:30.433702
717,False,,Kevin,L,Wilson,,kevin717@adventure-works.com,,AW00000717,(312) 218-5767,Kevin Wilson,,00000000-0000-0000-0000-000000000000,2026-09-03T11:32:30.433706
718,False,Mr.,Bob,,Brown,,bob718@adventure-works.com,,AW00000718,(206) 686-7025,Bob Brown,,00000000-0000-0000-0000-000000000000,2026-09-03T11:32:30.433709
719,False,Dr.,Charlie,J,Hernandez,,charlie719@fabrikam.com,,AW00000719,(425) 967-7359,Charlie Hernandez,,00000000-0000-0000-0000-000000000000,2026-09-03T11:32:30.433713
720,False,Mrs.,Laura,C,Hernandez,,laura720@fabrikam.com,,AW00000720,(425) 209-7476,Laura Hernandez,,00000000-0000-0000-0000-000000000000,2026-09-03T11:32:30.433718
721,False,Mrs.,John,,Thomas,Jr.,john721@contoso.com,,AW00000721,(212) 250-5643,John Thomas,,00000000-0000-0000-0000-000000000000,2026-09-03T11:32:30.433721
722,False,,Charlie,,Johnson,,charlie722@fabrikam.com,,AW00000722,(206) 380-8836,Charlie Johnson,,00000000-0000-0000-0000-000000000000,2026-09-03T11:32:30.433724
723,False,Mrs.,Edward,K,Taylor,,edward723@contoso.com,,AW00000723,(425) 947-4450,Edward Taylor,,00000000-0000-0000-0000-000000000000,2026-09-03T11:32:30.433727
724,False,Ms.,Fiona,K,Johnson,,fiona724@fabrikam.com,,AW00000724,(425) 122-9977,Fiona Johnson,,00000000-0000-0000-0000-000000000000,2026-09-03T11:32:30.433731
725,False,Dr.,Kevin,J,Hernandez,,kevin725@contoso.com,,AW00000725,(206) 640-5637,Kevin Hernandez,,00000000-0000-0000-0000-000000000000,2026-09-03T11:32:30.433734
726,False,,Helen,,Miller,,helen726@fabrikam.com,,AW00000726,(206) 970-5981,Helen Miller,,00000000-0000-0000-0000-000000000000,2026-09-03T11:32:30.433737
727,False,,Michael,,Garcia,,michael727@contoso.com,,AW00000727,(425) 314-4573,Michael Garcia,,00000000-0000-0000-0000-000000000000,2026-09-03T11:32:30.433740
728,False,Mrs.,Edward,Q,Smith,,edward728@adventure-works.com,,AW00000728,(212) 537-3756,Edward Smith,,00000000-0000-0000-0000-000000000000,2026-09-03T11:32:30.433744
729,False,Mrs.,Jane,D,Brown,Jr.,jane729@fabrikam.com,,AW00000729,(312) 707-8107,Jane Brown,,00000000-0000-0000-0000-000000000000,2026-09-03T11:32:30.433747
730,False,Ms.,Charlie,,Wilson,,charlie730@contoso.com,,AW00000730,(312) 804-3826,Charlie Wilson,,00000000-0000-0000-0000-000000000000,2026-09-03T11:32:30.433750
731,False,Dr.,Kevin,K,Williams,,kevin731@fabrikam.com,,AW00000731,(212) 476-1190,Kevin Williams,,00000000-0000-0000-0000-000000000000,2026-09-03T11:32:30.433753
732,False,Mr.,Alice,,Brown,,alice732@fabrikam.com,,AW00000732,(425) 123-8856,Alice Brown,,00000000-0000-0000-0000-000000000000,2026-09-03T11:32:30.433757
733,False,,George,,Brown,,george733@fabrikam.com,,AW00000733,(212) 405-3051,George Brown,,00000000-0000-0000-0000-000000000000,2026-09-03T11:32:30.433761
734,False,Mr.,Alice,P,Hernandez,,alice734@fabrikam.com,,AW00000734,(206) 503-9788,Alice Hernandez,,00000000-0000-0000-0000-000000000000,2026-09-03T11:32:30.433764
735,False,Mr.,Oscar,Q,Taylor,,oscar735@fabrikam.com,,AW00000735,(206) 871-4399,Oscar Taylor,,00000000-0000-0000-0000-000000000000,2026-09-03T11:32:30.433767
736,False,,Alice,J,Garcia,,alice736@contoso.com,,AW00000736,(206) 140-3110,Alice Garcia,,00000000-0000-0000-0000-000000000000,2026-09-03T11:32:30.433778
737,False,Ms.,Quinn,,Miller,,quinn737@adventure-works.com,,AW00000737,(206) 227-9292,Quinn Miller,,00000000-0000-0000-0000-000000000000,2026-09-03T11:32:30.433783
738,False,,Helen,,Lopez,Jr.,helen738@adventure-works.com,,AW00000738,(312) 147-9510,Helen Lopez,,00000000-0000-0000-0000-000000000000,2026-09-03T11:32:30.433786
739,False,Ms.,Helen,I,Thomas,,helen739@contoso.com,,AW00000739,(425) 804-2622,Helen Thomas,,00000000-0000-0000-0000-000000000000,2026-09-03T11:32:30.433790
740,False,Mr.,Jane,,Davis,,jane740@adventure-works.com,,AW00000740,(425) 716-4539,Jane Davis,,00000000-0000-0000-0000-000000000000,2026-09-03T11:32:30.433793
741,False,Mrs.,Quinn,,Lopez,,quinn741@adventure-works.com,,AW00000741,(312) 366-7255,Quinn Lopez,,00000000-0000-0000-0000-000000000000,2026-09-03T11:32:30.433796
742,False,Dr.,Diana,,Wilson,,diana742@contoso.com,,AW00000742,(425) 648-4338,Diana Wilson,,00000000-0000-0000-0000-000000000000,2026-09-03T11:32:30.433799
743,False,Ms.,Bob,Q,Rodriguez,,bob743@fabrikam.com,,AW00000743,(425) 529-3514,Bob Rodriguez,,00000000-0000-0000-0000-000000000000,2026-09-03T11:32:30.433802
744,False,Dr.,Ivan,,Anderson,,ivan744@adventure-works.com,,AW00000744,(312) 227-9707,Ivan Anderson,,00000000-0000-0000-0000-000000000000,2026-09-03T11:32:30.433806
745,False,Mr.,Alice,,Anderson,,alice745@contoso.com,,AW00000745,(312) 249-4698,Alice Anderson,,00000000-0000-0000-0000-000000000000,2026-09-03T11:32:30.433810
746,False,Mr.,George,,Smith,Sr.,george746@adventure-works.com,,AW00000746,(206) 279-9625,George Smith,,00000000-0000-0000-0000-000000000000,2026-09-03T11:32:30.433814
747,False,Mr.,Helen,Q,Taylor,,helen747@fabrikam.com,,AW00000747,(312) 722-2623,Helen Taylor,,00000000-0000-0000-0000-000000000000,2026-09-03T11:32:30.433817
748,False,Mrs.,Jane,K,Garcia,,jane748@fabrikam.com,,AW00000748,(212) 588-3090,Jane Garcia,,00000000-0000-0000-0000-000000000000,2026-09-03T11:32:30.433821
749,False,,George,C,Smith,,george749@fabrikam.com,,AW00000749,(312) 154-7064,George Smith,,00000000-0000-0000-0000-000000000000,2026-09-03T11:32:30.433824
750,False,Dr.,Fiona,,Anderson,Sr.,fiona750@fabrikam.com,,AW00000750,(312) 382-8008,Fiona Anderson,,00000000-0000-0000-0000-000000000000,2026-09-03T11:32:30.433827
751,False,Mrs.,Oscar,B,Davis,Sr.,oscar751@contoso.com,,AW00000751,(206) 749-2302,Oscar Davis,,00000000-0000-0000-0000-000000000000,2026-09-03T11:32:30.433831
752,False,Mr.,Bob,,Davis,,bob752@fabrikam.com,,AW00000752,(312) 667-9074,Bob Davis,,00000000-0000-0000-0000-000000000000,2026-09-03T11:32:30.433835
753,False,,John,C,Anderson,,john753@fabrikam.com,,AW00000753,(206) 515-1227,John Anderson,,00000000-0000-0000-0000-000000000000,2026-09-03T11:32:30.433838
754,False,Mr.,Rachel,P,Miller,,rachel754@adventure-works.com,,AW00000754,(206) 721-8350,Rachel Miller,,00000000-0000-0000-0000-000000000000,2026-09-03T11:32:30.433842
755,False,Ms.,Diana,,Davis,,diana755@fabrikam.com,,AW00000755,(312) 152-7925,Diana Davis,,00000000-0000-0000-0000-000000000000,2026-09-03T11:32:30.433845
756,False,Ms.,Nancy,,Wilson,,nancy756@fabrikam.com,,AW00000756,(425) 951-9832,Nancy Wilson,,00000000-0000-0000-0000-000000000000,2026-09-03T11:32:30.433848
757,False,Mrs.,Alice,,Martinez,,alice757@adventure-works.com,,AW00000757,(212) 322-5994,Alice Martinez,,00000000-0000-0000-0000-000000000000,2026-09-03T11:32:30.433851
758,False,Dr.,Oscar,N,Johnson,,oscar758@adventure-works.com,,AW00000758,(212) 436-5888,Oscar Johnson,,00000000-0000-0000-0000-000000000000,2026-09-03T11:32:30.433854
759,False,Mr.,Julia,,Brown,,julia759@contoso.com,,AW00000759,(312) 109-2660,Julia Brown,,00000000-0000-0000-0000-000000000000,2026-09-03T11:32:30.433858
760,False,Ms.,Laura,,Taylor,,laura760@adventure-works.com,,AW00000760,(212) 226-8985,Laura Taylor,,00000000-0000-0000-0000-000000000000,2026-09-03T11:32:30.433862
761,False,Mrs.,John,,Jones,,john761@contoso.com,,AW00000761,(312) 538-3984,John Jones,,00000000-0000-0000-0000-000000000000,2026-09-03T11:32:30.433865
762,False,Mr.,Patricia,M,Rodriguez,,patricia762@contoso.com,,AW00000762,(212) 105-6885,Patricia Rodriguez,,00000000-0000-0000-0000-000000000000,2026-09-03T11:32:30.433868
763,False,Ms.,Edward,,Brown,,edward763@contoso.com,,AW00000763,(312) 132-3626,Edward Brown,,00000000-0000-0000-0000-000000000000,2026-09-03T11:32:30.433871
764,False,Mrs.,Edward,,Taylor,,edward764@contoso.com,,AW00000764,(425) 432-7551,Edward Taylor,,00000000-0000-0000-0000-000000000000,2026-09-03T11:32:30.433875
765,False,Ms.,Oscar,,Wilson,,oscar765@adventure-works.com,,AW00000765,(425) 259-6638,Oscar Wilson,,00000000-0000-0000-0000-000000000000,2026-09-03T11:32:30.433878
766,False,Ms.,Oscar,,Smith,,oscar766@contoso.com,,AW00000766,(206) 544-8867,Oscar Smith,,00000000-0000-0000-0000-000000000000,2026-09-03T11:32:30.433881
767,False,Dr.,Helen,,Martinez,,helen767@fabrikam.com,,AW00000767,(425) 846-9376,Helen Martinez,,00000000-0000-0000-0000-000000000000,2026-09-03T11:32:30.433884
768,False,Mrs.,Diana,G,Davis,Jr.,diana768@fabrikam.com,,AW00000768,(212) 303-8764,Diana Davis,,00000000-0000-0000-0000-000000000000,2026-09-03T11:32:30.433887
769,False,Ms.,Alice,Q,Garcia,,alice769@adventure-works.com,,AW00000769,(425) 223-3167,Alice Garcia,,00000000-0000-0000-0000-000000000000,2026-09-03T11:32:30.433892
770,False,Mrs.,Kevin,C,Johnson,,kevin770@fabrikam.com,,AW00000770,(425) 193-1834,Kevin Johnson,,00000000-0000-0000-0000-000000000000,2026-09-03T11:32:30.433895
771,False,,Kevin,,Anderson,,kevin771@adventure-works.com,,AW00000771,(425) 444-7980,Kevin Anderson,,00000000-0000-0000-0000-000000000000,2026-09-03T11:32:30.433898
772,False,,Nancy,,Johnson,,nancy772@adventure-works.com,,AW00000772,(312) 472-5596,Nancy Johnson,,00000000-0000-0000-0000-000000000000,2026-09-03T11:32:30.433901
773,False,Ms.,Julia,,Anderson,,julia773@adventure-works.com,,AW00000773,(206) 153-6269,Julia Anderson,,00000000-0000-0000-0000-000000000000,2026-09-03T11:32:30.433905
774,False,Dr.,Edward,,Martinez,,edward774@contoso.com,,AW00000774,(425) 358-9049,Edward Martinez,,00000000-0000-0000-0000-000000000000,2026-09-03T11:32:30.433908
775,False,Mrs.,Julia,,Hernandez,,julia775@fabrikam.com,,AW00000775,(425) 439-6907,Julia Hernandez,,00000000-0000-0000-0000-000000000000,2026-09-03T11:32:30.433911
776,False,Ms.,Julia,E,Lopez,,julia776@adventure-works.com,,AW00000776,(206) 233-2971,Julia Lopez,,00000000-0000-0000-0000-000000000000,2026-09-03T11:32:30.433914
777,False,Ms.,Jane,A,Miller,,jane777@fabrikam.com,,AW00000777,(312) 408-8769,Jane Miller,,00000000-0000-0000-0000-000000000000,2026-09-03T11:32:30.433918
778,False,Mr.,Edward,,Jones,,edward778@fabrikam.com,,AW00000778,(312) 998-6690,Edward Jones,,00000000-0000-0000-0000-000000000000,2026-09-03T11:32:30.433921
779,False,Mr.,Julia,B,Thomas,,julia779@fabrikam.com,,AW00000779,(206) 270-5491,Julia Thomas,,00000000-0000-0000-0000-000000000000,2026-09-03T11:32:30.433925
780,False,Mr.,Charlie,J,Martinez,,charlie780@fabrikam.com,,AW00000780,(425) 858-7512,Charlie Martinez,,00000000-0000-0000-0000-000000000000,2026-09-03T11:32:30.433928
781,False,Ms.,Nancy,,Williams,,nancy781@fabrikam.com,,AW00000781,(212) 510-5448,Nancy Williams,,00000000-0000-0000-0000-000000000000,2026-09-03T11:32:30.433931
782,False,Mr.,Edward,,Garcia,,edward782@fabrikam.com,,AW00000782,(206) 909-9401,Edward Garcia,,00000000-0000-0000-0000-000000000000,2026-09-03T11:32:30.433934
783,False,Mrs.,Michael,H,Rodriguez,,michael783@fabrikam.com,,AW00000783,(206) 275-4668,Michael Rodriguez,,00000000-0000-0000-0000-000000000000,2026-09-03T11:32:30.433937
784,False,Mrs.,Jane,,Davis,,jane784@contoso.com,,AW00000784,(425) 376-1844,Jane Davis,,00000000-0000-0000-0000-000000000000,2026-09-03T11:32:30.433940
785,False,,Fiona,,Miller,,fiona785@fabrikam.com,,AW00000785,(312) 432-2363,Fiona Miller,,00000000-0000-0000-0000-000000000000,2026-09-03T11:32:30.433943
786,False,Ms.,Patricia,,Rodriguez,,patricia786@contoso.com,,AW00000786,(206) 740-1170,Patricia Rodriguez,,00000000-0000-0000-0000-000000000000,2026-09-03T11:32:30.433947
787,False,Mrs.,Julia,,Davis,Jr.,julia787@fabrikam.com,,AW00000787,(212) 769-5216,Julia Davis,,00000000-0000-0000-0000-000000000000,2026-09-03T11:32:30.433951
788,False,Dr.,Rachel,,Miller,,rachel788@fabrikam.com,,AW00000788,(212) 259-8308,Rachel Miller,,00000000-0000-0000-0000-000000000000,2026-09-03T11:32:30.433955
789,False,Mrs.,Fiona,,Anderson,,fiona789@contoso.com,,AW00000789,(425) 570-4031,Fiona Anderson,,00000000-0000-0000-0000-000000000000,2026-09-03T11:32:30.433958
790,False,,Diana,,Miller,,diana790@fabrikam.com,,AW00000790,(312) 121-6081,Diana Miller,,00000000-0000-0000-0000-000000000000,2026-09-03T11:32:30.433961
791,False,Dr.,Diana,E,Garcia,,diana791@adventure-works.com,,AW00000791,(212) 351-8455,Diana Garcia,,00000000-0000-0000-0000-000000000000,2026-09-03T11:32:30.433964
792,False,,Kevin,,Brown,,kevin792@adventure-works.com,,AW00000792,(206) 486-7291,Kevin Brown,,00000000-0000-0000-0000-000000000000,2026-09-03T11:32:30.433967
793,False,Mr.,John,J,Brown,,john793@adventure-works.com,,AW00000793,(312) 246-1221,John Brown,,00000000-0000-0000-0000-000000000000,2026-09-03T11:32:30.433971
794,False,,John,I,Brown,,john794@adventure-works.com,,AW00000794,(425) 242-8871,John Brown,,00000000-0000-0000-0000-000000000000,2026-09-03T11:32:30.433974
795,False,Ms.,Quinn,,Thomas,,quinn795@adventure-works.com,,AW00000795,(206) 656-5382,Quinn Thomas,,00000000-0000-0000-0000-000000000000,2026-09-03T11:32:30.433977
796,False,Mr.,Patricia,A,Brown,,patricia796@adventure-works.com,,AW00000796,(212) 245-1019,Patricia Brown,,00000000-0000-0000-0000-000000000000,2026-09-03T11:32:30.433980
797,False,Ms.,Fiona,,Smith,,fiona797@fabrikam.com,,AW00000797,(312) 331-7303,Fiona Smith,,00000000-0000-0000-0000-000000000000,2026-09-03T11:32:30.433983
798,False,Ms.,Alice,F,Taylor,,alice798@contoso.com,,AW00000798,(312) 178-6467,Alice Taylor,,00000000-0000-0000-0000-000000000000,2026-09-03T11:32:30.433987
799,False,Mr.,Alice,R,Lopez,,alice799@contoso.com,,AW00000799,(312) 714-3971,Alice Lopez,,00000000-0000-0000-0000-000000000000,2026-09-03T11:32:30.433990
800,False,Mrs.,Laura,H,Jones,,laura800@adventure-works.com,,AW00000800,(312) 611-7047,Laura Jones,,00000000-0000-0000-0000-000000000000,2026-09-03T11:32:30.433995
801,False,Mr.,George,C,Williams,,george801@adventure-works.com,,AW00000801,(312) 251-7399,George Williams,,00000000-0000-0000-0000-000000000000,2026-09-03T11:32:30.434000
802,False,Mr.,Michael,,Taylor,,michael802@fabrikam.com,,AW00000802,(312) 248-2481,Michael Taylor,,00000000-0000-0000-0000-000000000000,2026-09-03T11:32:30.434004
803,False,Ms.,Ivan,J,Jones,,ivan803@contoso.com,,AW00000803,(212) 810-7782,Ivan Jones,,00000000-0000-0000-0000-000000000000,2026-09-03T11:32:30.434007
804,False,Ms.,Rachel,F,Hernandez,,rachel804@fabrikam.com,,AW00000804,(212) 651-9745,Rachel Hernandez,,00000000-0000-0000-0000-000000000000,2026-09-03T11:32:30.434011
805,False,Dr.,Nancy,,Davis,,nancy805@fabrikam.com,,AW00000805,(425) 819-2429,Nancy Davis,,00000000-0000-0000-0000-000000000000,2026-09-03T11:32:30.435116
806,False,Mr.,Fiona,,Lopez,,fiona806@contoso.com,,AW00000806,(212) 236-2804,Fiona Lopez,,00000000-0000-0000-0000-000000000000,2026-09-03T11:32:30.435120
807,False,Mrs.,Jane,C,Lopez,,jane807@adventure-works.com,,AW00000807,(212) 348-4452,Jane Lopez,,00000000-0000-0000-0000-000000000000,2026-09-03T11:32:30.435124
808,False,Ms.,Fiona,,Johnson,,fiona808@adventure-works.com,,AW00000808,(212) 850-1431,Fiona Johnson,,00000000-0000-0000-0000-000000000000,2026-09-03T11:32:30.435127
809,False,Mr.,Laura,Q,Lopez,,laura809@fabrikam.com,,AW00000809,(425) 130-3406,Laura Lopez,,00000000-0000-0000-0000-000000000000,2026-09-03T11:32:30.435130
810,False,Mr.,Julia,,Jones,,julia810@contoso.com,,AW00000810,(425) 883-3988,Julia Jones,,00000000-0000-0000-0000-000000000000,2026-09-03T11:32:30.435133
811,False,,Nancy,H,Jones,,nancy811@fabrikam.com,,AW00000811,(312) 554-1216,Nancy Jones,,00000000-0000-0000-0000-000000000000,2026-09-03T11:32:30.435136
812,False,Ms.,Helen,,Brown,,helen812@fabrikam.com,,AW00000812,(425) 615-3627,Helen Brown,,00000000-0000-0000-0000-000000000000,2026-09-03T11:32:30.435140
813,False,Dr.,John,M,Wilson,,john813@contoso.com,,AW00000813,(312) 826-4724,John Wilson,,00000000-0000-0000-0000-000000000000,2026-09-03T11:32:30.435143
814,False,Mrs.,Laura,O,Garcia,,laura814@adventure-works.com,,AW00000814,(425) 510-1917,Laura Garcia,,00000000-0000-0000-0000-000000000000,2026-09-03T11:32:30.435153
815,False,Ms.,Fiona,P,Wilson,,fiona815@adventure-works.com,,AW00000815,(212) 588-6131,Fiona Wilson,,00000000-0000-0000-0000-000000000000,2026-09-03T11:32:30.435156
816,False,Ms.,Kevin,,Wilson,,kevin816@contoso.com,,AW00000816,(425) 376-2776,Kevin Wilson,,00000000-0000-0000-0000-000000000000,2026-09-03T11:32:30.435159
817,False,Mrs.,Alice,I,Williams,,alice817@contoso.com,,AW00000817,(425) 654-2744,Alice Williams,,00000000-0000-0000-0000-000000000000,2026-09-03T11:32:30.435163
818,False,,Bob,,Miller,Jr.,bob818@fabrikam.com,,AW00000818,(425) 753-1530,Bob Miller,,00000000-0000-0000-0000-000000000000,2026-09-03T11:32:30.435166
819,False,Mr.,Fiona,Q,Rodriguez,,fiona819@contoso.com,,AW00000819,(206) 149-6154,Fiona Rodriguez,,00000000-0000-0000-0000-000000000000,2026-09-03T11:32:30.435169
820,False,Mr.,Bob,H,Martinez,Jr.,bob820@contoso.com,,AW00000820,(212) 843-6830,Bob Martinez,,00000000-0000-0000-0000-000000000000,2026-09-03T11:32:30.435172
821,False,Mrs.,Charlie,,Brown,,charlie821@adventure-works.com,,AW00000821,(425) 124-7260,Charlie Brown,,00000000-0000-0000-0000-000000000000,2026-09-03T11:32:30.435359
822,False,Mrs.,Nancy,,Johnson,,nancy822@adventure-works.com,,AW00000822,(206) 835-4794,Nancy Johnson,,00000000-0000-0000-0000-000000000000,2026-09-03T11:32:30.435362
823,False,Ms.,Edward,O,Jones,,edward823@fabrikam.com,,AW00000823,(312) 558-3149,Edward Jones,,00000000-0000-0000-0000-000000000000,2026-09-03T11:32:30.435366
824,False,Mrs.,Ivan,L,Martinez,,ivan824@fabrikam.com,,AW00000824,(212) 344-4421,Ivan Martinez,,00000000-0000-0000-0000-000000000000,2026-09-03T11:32:30.435369
825,False,Ms.,Rachel,N,Williams,,rachel825@adventure-works.com,,AW00000825,(425) 884-6071,Rachel Williams,,00000000-0000-0000-0000-000000000000,2026-09-03T11:32:30.435372
826,False,Dr.,Patricia,,Williams,,patricia826@contoso.com,,AW00000826,(425) 169-5589,Patricia Williams,,00000000-0000-0000-0000-000000000000,2026-09-03T11:32:30.435376
827,False,Mrs.,Quinn,,Lopez,,quinn827@contoso.com,,AW00000827,(312) 584-5194,Quinn Lopez,,00000000-0000-0000-0000-000000000000,2026-09-03T11:32:30.435379
828,False,Mr.,Michael,N,Jones,,michael828@contoso.com,,AW00000828,(212) 518-3113,Michael Jones,,00000000-0000-0000-0000-000000000000,2026-09-03T11:32:30.435384
829,False,,Michael,I,Lopez,,michael829@fabrikam.com,,AW00000829,(212) 618-8374,Michael Lopez,,00000000-0000-0000-0000-000000000000,2026-09-03T11:32:30.435387
830,False,,George,J,Johnson,,george830@adventure-works.com,,AW00000830,(206) 258-2725,George Johnson,,00000000-0000-0000-0000-000000000000,2026-09-03T11:32:30.435390
831,False,Ms.,Helen,B,Wilson,,helen831@contoso.com,,AW00000831,(206) 457-8632,Helen Wilson,,00000000-0000-0000-0000-000000000000,2026-09-03T11:32:30.435393
832,False,Mr.,Michael,,Thomas,,michael832@contoso.com,,AW00000832,(212) 304-7578,Michael Thomas,,00000000-0000-0000-0000-000000000000,2026-09-03T11:32:30.435402
833,False,Mrs.,Ivan,,Williams,,ivan833@adventure-works.com,,AW00000833,(212) 217-5560,Ivan Williams,,00000000-0000-0000-0000-000000000000,2026-09-03T11:32:30.435406
834,False,,Michael,,Johnson,,michael834@fabrikam.com,,AW00000834,(425) 427-1513,Michael Johnson,,00000000-0000-0000-0000-000000000000,2026-09-03T11:32:30.435409
835,False,Mr.,Rachel,J,Wilson,,rachel835@contoso.com,,AW00000835,(425) 155-4465,Rachel Wilson,,00000000-0000-0000-0000-000000000000,2026-09-03T11:32:30.435412
836,False,Mrs.,John,,Anderson,,john836@adventure-works.com,,AW00000836,(206) 380-7636,John Anderson,,00000000-0000-0000-0000-000000000000,2026-09-03T11:32:30.435415
837,False,Dr.,Bob,O,Martinez,,bob837@contoso.com,,AW00000837,(425) 950-1880,Bob Martinez,,00000000-0000-0000-0000-000000000000,2026-09-03T11:32:30.435418
838,False,Mrs.,Bob,H,Anderson,,bob838@contoso.com,,AW00000838,(212) 593-8790,Bob Anderson,,00000000-0000-0000-0000-000000000000,2026-09-03T11:32:30.435422
839,False,Dr.,Patricia,,Garcia,,patricia839@contoso.com,,AW00000839,(206) 674-4253,Patricia Garcia,,00000000-0000-0000-0000-000000000000,2026-09-03T11:32:30.435425
840,False,Mrs.,Bob,I,Jones,,bob840@contoso.com,,AW00000840,(425) 611-6184,Bob Jones,,00000000-0000-0000-0000-000000000000,2026-09-03T11:32:30.435429
841,False,Mrs.,Alice,J,Anderson,Jr.,alice841@fabrikam.com,,AW00000841,(212) 754-2596,Alice Anderson,,00000000-0000-0000-0000-000000000000,2026-09-03T11:32:30.435434
842,False,Ms.,Jane,,Miller,,jane842@adventure-works.com,,AW00000842,(212) 321-6703,Jane Miller,,00000000-0000-0000-0000-000000000000,2026-09-03T11:32:30.435437
843,False,,Edward,J,Miller,,edward843@adventure-works.com,,AW00000843,(312) 414-9226,Edward Miller,,00000000-0000-0000-0000-000000000000,2026-09-03T11:32:30.435440
844,False,Dr.,Alice,,Taylor,,alice844@fabrikam.com,,AW00000844,(212) 635-6502,Alice Taylor,,00000000-0000-0000-0000-000000000000,2026-09-03T11:32:30.435443
845,False,Dr.,Alice,,Garcia,,alice845@fabrikam.com,,AW00000845,(425) 655-8141,Alice Garcia,,00000000-0000-0000-0000-000000000000,2026-09-03T11:32:30.435446
846,False,Dr.,Kevin,R,Martinez,Jr.,kevin846@adventure-works.com,,AW00000846,(206) 191-1269,Kevin Martinez,,00000000-0000-0000-0000-000000000000,2026-09-03T11:32:30.435450
847,False,Mr.,Rachel,,Anderson,,rachel847@fabrikam.com,,AW00000847,(206) 748-8276,Rachel Anderson,,00000000-0000-0000-0000-000000000000,2026-09-03T11:32:30.435453
848,False,Mrs.,Oscar,E,Johnson,,oscar848@contoso.com,,AW00000848,(212) 217-4204,Oscar Johnson,,00000000-0000-0000-0000-000000000000,2026-09-03T11:32:30.435456
849,False,Mrs.,Nancy,M,Brown,,nancy849@fabrikam.com,,AW00000849,(212) 107-7138,Nancy Brown,,00000000-0000-0000-0000-000000000000,2026-09-03T11:32:30.435459
850,False,Mrs.,Fiona,G,Martinez,,fiona850@contoso.com,,AW00000850,(425) 104-7792,Fiona Martinez,,00000000-0000-0000-0000-000000000000,2026-09-03T11:32:30.435463
